plot_size_sqft,building_size_sqft,num_floors,budget_amount,budget_per_sqft,plot_shape_code,topography_code,num_bedrooms,num_bathrooms,total_rooms,design_style_code,customization_level,design_complexity_score,development_constraint_level,kerala_district_code,construction_start_month,monsoon_exposure_score,district_risk_tier,terrain_code,rainfall_code,flood_risk_code,effective_monsoon_score,cost_overrun_risk
1460,1694,3,943558,557,3,0,2,3,7,0,2,10,2,10,8,0.5111,0,4,2,0,0.5111,2
2991,1915,2,4785585,2499,3,3,1,4,7,0,1,9,1,0,1,0.1667,0,1,1,0,0.1167,1
3347,1375,3,9708875,7061,3,2,1,3,6,3,4,16,2,8,5,0.7556,0,0,0,0,0.3022,2
841,2441,1,5885251,2411,1,0,4,4,10,1,3,8,2,7,11,0.0889,0,0,2,0,0.0889,0
3673,1421,2,3531185,2485,3,1,2,2,6,0,3,11,1,5,12,0.0,2,4,3,0,0.0,2
4398,1675,1,1028450,614,1,3,5,2,9,0,4,13,3,4,3,0.5,1,4,2,0,0.5,2
4484,464,1,245920,530,2,0,1,4,7,3,2,6,2,8,9,0.3444,0,4,1,0,0.2411,1
3699,2582,1,4162184,1612,3,3,1,4,7,1,5,15,3,8,8,0.5111,0,0,0,0,0.2044,1
3290,1428,2,2884560,2020,2,2,3,1,6,1,1,8,1,6,3,0.5,0,1,2,0,0.5,1
4791,2323,5,17664092,7604,2,2,3,1,6,0,3,18,0,0,3,0.5,0,2,1,1,0.35,2
2197,3460,4,22171680,6408,3,3,4,2,8,3,5,18,2,4,2,0.3333,1,4,2,0,0.3333,2
1906,3080,4,2815120,914,0,0,6,4,12,2,2,12,0,6,9,0.3444,0,0,2,1,0.3444,1
4045,2031,1,4273224,2104,3,0,1,2,5,1,3,8,3,3,6,0.8444,1,3,2,2,0.8444,2
1298,2560,2,16483840,6439,1,3,5,4,11,1,0,7,0,2,2,0.3333,1,4,2,0,0.3333,1
4110,602,3,473172,786,0,2,5,4,11,1,1,10,1,5,11,0.0889,2,4,3,0,0.1156,2
3997,2911,5,2116297,727,2,3,3,4,9,3,2,17,1,6,3,0.5,0,3,2,2,0.5,2
2985,3319,1,6239720,1880,2,3,1,2,5,0,5,15,1,3,8,0.5111,1,0,2,1,0.5111,2
2649,3344,4,27390704,8191,0,0,3,3,8,3,0,8,0,4,9,0.3444,1,3,2,2,0.3444,2
2296,1027,3,506311,493,0,3,6,4,12,3,3,15,1,0,2,0.3333,0,4,2,0,0.3333,2
3469,3634,5,11407126,3139,0,3,4,1,7,0,5,18,0,1,4,0.6667,0,1,2,0,0.6667,2
3704,3135,4,7210500,2300,2,2,6,2,10,1,5,18,1,13,6,0.8444,0,1,2,0,0.8444,2
1559,1904,5,16077376,8444,3,0,3,4,9,3,2,14,3,7,2,0.3333,0,4,3,0,0.4333,2
3165,2546,4,4906142,1927,0,0,5,1,8,3,5,18,0,7,12,0.0,0,0,2,0,0.0,1
1784,3727,3,15601222,4186,3,1,2,3,7,0,5,17,1,12,1,0.1667,0,2,2,1,0.1667,1
3609,554,2,1894680,3420,1,1,1,1,4,0,2,9,1,4,3,0.5,1,3,2,2,0.5,2
3055,924,4,5697384,6166,1,2,4,1,7,0,3,16,0,0,5,0.7556,0,2,1,1,0.5289,2
3374,2382,3,4768764,2002,0,1,6,1,9,2,5,17,1,10,3,0.5,0,2,2,1,0.5,2
3091,3060,1,5575320,1822,3,0,4,4,10,3,4,10,2,0,1,0.1667,0,1,1,0,0.1167,1
4964,769,4,327594,426,1,1,1,4,7,2,2,13,3,9,3,0.5,0,0,2,1,0.5,2
2531,1412,1,8052636,5703,1,1,2,4,8,0,5,13,1,8,9,0.3444,0,0,0,0,0.1378,1
2070,980,5,385140,393,2,2,2,4,8,3,2,16,0,1,4,0.6667,0,2,2,1,0.6667,2
3659,852,4,6961692,8171,3,1,5,3,10,1,3,15,0,6,8,0.5111,0,0,2,1,0.5111,2
3449,3651,2,1675809,459,1,2,1,4,7,1,4,14,0,1,1,0.1667,0,1,2,0,0.1667,2
4146,1251,4,4461066,3566,1,2,1,1,4,3,4,18,2,10,8,0.5111,0,4,2,0,0.5111,2
4980,2844,4,8295948,2917,2,1,5,3,10,1,1,11,2,4,8,0.5111,1,4,2,0,0.5111,2
714,1016,4,803656,791,1,0,5,3,10,1,4,16,3,9,10,0.1778,0,0,2,1,0.1778,2
3386,1522,4,1327184,872,1,0,6,4,12,2,4,16,3,6,10,0.1778,0,1,2,0,0.1778,2
4552,2509,4,4307953,1717,3,0,5,3,10,1,2,12,0,0,12,0.0,0,4,2,0,0.0,1
3382,3855,4,13731510,3562,2,1,5,1,8,2,2,13,3,4,9,0.3444,1,3,2,2,0.3444,2
2756,1465,2,5058645,3453,2,1,2,1,5,2,2,9,2,6,9,0.3444,0,4,2,0,0.3444,1
3139,3360,5,1461600,435,1,2,5,4,11,1,1,14,0,10,9,0.3444,0,2,2,1,0.3444,2
1988,2256,4,2459040,1090,0,2,1,1,4,2,3,16,3,5,1,0.1667,2,4,3,0,0.2167,2
1313,2281,3,10168698,4458,2,1,5,1,8,2,1,9,3,7,10,0.1778,0,1,2,0,0.1778,1
3672,2834,5,20461480,7220,3,1,4,1,7,0,0,11,3,6,5,0.7556,0,1,2,0,0.7556,2
2452,1214,5,4915486,4049,3,1,3,4,9,0,4,18,3,7,12,0.0,0,2,2,1,0.0,2
4086,3984,5,14067504,3531,1,1,1,3,6,2,3,17,1,12,12,0.0,0,0,2,0,0.0,1
1745,1771,4,885500,500,1,3,4,2,8,1,3,17,3,4,3,0.5,1,4,2,0,0.5,2
3108,3179,5,26427027,8313,0,1,5,2,9,2,1,13,2,9,8,0.5111,0,2,2,1,0.5111,2
1615,2224,1,9191792,4133,1,3,1,3,6,2,4,13,1,5,12,0.0,2,4,3,0,0.0,2
2752,3570,1,11470410,3213,0,3,6,4,12,2,0,5,0,13,12,0.0,0,0,2,0,0.0,0
4778,1568,5,617792,394,1,0,1,3,6,1,4,18,0,2,11,0.0889,1,5,3,0,0.1156,2
2174,2601,2,12869748,4948,1,1,3,3,8,1,1,7,3,10,12,0.0,0,2,2,1,0.0,1
3414,3774,5,7012092,1858,0,1,3,3,8,1,5,18,3,0,4,0.6667,0,1,1,0,0.4667,2
3082,846,2,662418,783,3,0,1,4,7,1,3,10,1,7,11,0.0889,0,4,3,0,0.1156,1
4072,1753,1,1945830,1110,3,3,5,2,9,3,5,15,0,4,3,0.5,1,5,3,0,0.65,2
1360,3654,3,18489240,5060,1,3,4,4,10,3,3,15,3,6,11,0.0889,0,3,2,2,0.0889,2
3722,3874,5,26994032,6968,0,1,2,1,5,3,5,18,0,6,7,0.6778,0,2,2,2,0.6778,2
2353,2236,3,6985264,3124,0,1,1,2,5,0,5,17,2,12,1,0.1667,0,2,2,1,0.1667,1
1876,2115,2,10384650,4910,3,2,2,1,5,1,1,8,1,1,2,0.3333,0,1,2,0,0.3333,1
2131,3745,2,6782195,1811,1,2,1,3,6,2,4,14,3,0,4,0.6667,0,2,1,1,0.4667,2
4196,3683,1,6434201,1747,3,1,1,1,4,2,1,5,2,7,9,0.3444,0,2,2,1,0.3444,1
3072,3060,4,2047140,669,1,3,3,4,9,1,2,15,0,4,12,0.0,1,1,2,0,0.0,2
3163,3821,3,20889407,5467,1,1,1,3,6,1,2,11,2,0,9,0.3444,0,0,1,0,0.2411,1
4770,403,1,1963819,4873,1,3,3,2,7,1,0,5,1,7,7,0.6778,0,0,2,0,0.6778,1
1741,3283,3,25909436,7892,3,0,1,4,7,3,0,6,1,9,1,0.1667,0,2,2,1,0.1667,1
2626,2706,1,2511168,928,1,1,2,1,5,3,1,5,3,2,9,0.3444,1,1,2,1,0.3444,2
3432,3224,3,11799840,3660,2,3,3,2,7,1,0,9,0,10,12,0.0,0,2,2,1,0.0,1
3235,1970,1,8967440,4552,3,3,4,4,10,1,4,13,3,10,10,0.1778,0,4,2,0,0.1778,1
3498,3850,2,5470850,1421,1,3,5,2,9,0,0,7,1,10,5,0.7556,0,0,2,0,0.7556,1
2790,1392,1,3065184,2202,0,0,2,2,6,2,4,10,3,2,7,0.6778,1,4,2,0,0.6778,2
2635,877,3,2645032,3016,3,0,1,1,4,1,4,14,0,9,2,0.3333,0,0,2,1,0.3333,1
2465,3312,5,3739248,1129,2,2,5,4,11,3,3,18,3,6,7,0.6778,0,2,2,2,0.6778,2
694,3074,3,5576236,1814,3,3,3,3,8,1,4,17,3,1,12,0.0,0,1,2,0,0.0,1
945,2749,3,6451903,2347,3,1,6,2,10,0,0,7,0,0,11,0.0889,0,0,1,0,0.0622,0
3535,2263,2,4102819,1813,0,3,2,1,5,2,5,17,2,9,12,0.0,0,1,2,0,0.0,1
4076,3817,4,10309717,2701,1,2,1,3,6,0,5,18,2,2,8,0.5111,1,4,2,0,0.5111,2
4107,2760,5,21216120,7687,1,0,4,1,7,2,1,12,2,12,5,0.7556,0,0,2,0,0.7556,2
1554,1275,3,2122875,1665,2,1,1,3,6,3,3,13,1,0,4,0.6667,0,4,2,0,0.6667,2
2803,1892,1,4094288,2164,2,0,1,1,4,3,3,8,1,10,7,0.6778,0,2,2,1,0.6778,2
1589,2662,3,4706416,1768,2,3,6,4,12,2,5,18,0,7,4,0.6667,0,1,2,0,0.6667,2
3657,593,4,688473,1161,0,1,6,3,11,1,3,15,0,4,1,0.1667,1,3,2,2,0.1667,2
4051,2534,4,894502,353,3,1,5,4,11,2,0,9,0,2,3,0.5,1,5,3,0,0.65,2
3910,3700,3,12613300,3409,2,0,2,3,7,3,5,16,3,10,11,0.0889,0,0,2,0,0.0889,1
1422,1343,2,5936060,4420,2,1,1,3,6,2,4,13,2,1,11,0.0889,0,1,2,0,0.0889,1
4194,1145,2,2121685,1853,2,2,4,4,10,2,4,14,0,5,7,0.6778,2,5,3,0,0.8811,2
1987,1703,1,7290543,4281,1,1,3,2,7,3,0,3,1,0,3,0.5,0,1,1,0,0.35,1
1901,3706,4,3828298,1033,1,1,5,2,9,0,4,17,2,10,6,0.8444,0,4,2,0,0.8444,2
2222,741,5,2371941,3201,2,0,6,3,11,2,1,12,3,7,6,0.8444,0,2,2,1,0.8444,2
3281,1999,2,3348325,1675,3,1,1,3,6,2,4,13,3,9,1,0.1667,0,1,2,0,0.1667,1
1736,586,3,1146802,1957,1,1,6,2,10,2,4,15,3,2,1,0.1667,1,1,2,1,0.1667,2
1081,2648,2,1933040,730,1,0,1,4,7,0,0,4,0,6,9,0.3444,0,2,2,2,0.3444,1
4169,1652,4,6641040,4020,3,2,6,2,10,1,3,16,2,4,10,0.1778,1,0,2,1,0.1778,2
4707,1741,3,5202108,2988,3,2,1,3,6,0,4,16,1,7,12,0.0,0,4,3,0,0.0,1
646,3759,2,3484593,927,3,2,2,1,5,0,5,16,1,4,2,0.3333,1,5,3,0,0.4333,2
2121,1226,5,1984894,1619,1,2,4,3,9,1,2,16,1,6,8,0.5111,0,1,2,0,0.5111,2
730,3252,3,20972148,6449,3,1,4,3,9,2,0,7,3,10,4,0.6667,0,4,2,0,0.6667,2
1731,3341,2,1095848,328,2,2,2,2,6,1,2,10,2,1,4,0.6667,0,4,2,0,0.6667,2
2632,876,5,3985800,4550,3,0,4,3,9,3,0,10,1,0,4,0.6667,0,1,1,0,0.4667,2
4100,1565,2,7408710,4734,3,1,5,1,8,1,0,5,0,13,5,0.7556,0,0,2,0,0.7556,1
2641,2228,5,14691432,6594,0,2,6,3,11,3,5,18,3,6,8,0.5111,0,0,2,1,0.5111,2
1484,3714,5,1285044,346,1,1,2,1,5,2,1,13,0,1,10,0.1778,0,3,2,2,0.1778,2
1326,3136,1,27628160,8810,2,3,1,1,4,1,2,9,1,6,6,0.8444,0,4,2,0,0.8444,2
4669,1180,5,2617240,2218,2,0,4,2,8,0,4,18,1,6,5,0.7556,0,0,2,1,0.7556,2
1955,569,1,2347125,4125,2,3,5,3,10,0,2,9,1,5,4,0.6667,2,5,3,0,0.8667,2
1513,853,5,5413138,6346,3,3,4,1,7,0,4,18,0,0,11,0.0889,0,1,1,0,0.0622,1
2191,3511,2,23537744,6704,3,2,5,1,8,0,5,16,3,10,8,0.5111,0,1,2,0,0.5111,2
962,3004,1,16296700,5425,0,1,3,2,7,3,3,9,2,11,12,0.0,2,5,3,0,0.0,2
3319,2810,5,1275740,454,1,2,2,4,8,2,1,14,1,9,3,0.5,0,0,2,1,0.5,2
1736,1656,1,3300408,1993,3,2,4,4,10,1,4,12,2,1,3,0.5,0,2,2,1,0.5,2
4502,1835,4,6270195,3417,2,1,5,2,9,0,3,15,3,8,1,0.1667,0,0,0,0,0.0667,1
1485,3152,2,1046464,332,3,2,2,2,6,1,4,14,3,9,2,0.3333,0,4,2,0,0.3333,2
4599,3394,3,6095624,1796,1,2,2,2,6,1,1,10,0,12,2,0.3333,0,1,2,0,0.3333,1
2804,1498,4,1527960,1020,3,1,6,4,12,2,5,18,2,3,12,0.0,1,3,2,2,0.0,2
4626,483,3,2797053,5791,0,0,3,1,6,2,1,8,3,9,10,0.1778,0,0,2,1,0.1778,1
2409,1694,4,2029412,1198,3,2,4,2,8,3,0,10,0,0,2,0.3333,0,1,1,0,0.2333,1
1559,2363,5,10073469,4263,3,3,3,4,9,1,5,18,2,6,2,0.3333,0,0,2,1,0.3333,2
1120,2101,1,1203873,573,3,2,6,1,9,1,4,12,1,10,4,0.6667,0,0,2,0,0.6667,2
2613,1743,2,6293973,3611,1,2,6,4,12,2,2,10,0,9,12,0.0,0,1,2,0,0.0,1
2176,2848,4,1492352,524,0,1,6,2,10,3,3,15,3,4,10,0.1778,1,0,2,1,0.1778,2
3448,2168,5,5647640,2605,1,0,4,2,8,0,5,18,2,1,7,0.6778,0,1,2,0,0.6778,2
1486,827,1,3131849,3787,3,2,3,3,8,0,5,14,0,12,1,0.1667,0,0,2,0,0.1667,1
4511,2113,4,4542950,2150,1,3,3,3,8,1,2,15,3,7,8,0.5111,0,1,2,0,0.5111,2
4709,1370,2,6652720,4856,1,3,4,1,7,2,0,7,0,7,4,0.6667,0,2,2,1,0.6667,2
2935,706,4,1019464,1444,1,1,3,2,7,1,4,17,3,6,6,0.8444,0,0,2,1,0.8444,2
952,1302,4,619752,476,0,1,2,1,5,0,3,15,0,4,4,0.6667,1,0,2,1,0.6667,2
1873,3588,2,2999568,836,3,3,2,4,8,1,5,17,2,3,8,0.5111,1,1,2,1,0.5111,2
1129,2468,1,4945872,2004,2,1,4,4,10,3,5,13,2,7,4,0.6667,0,2,2,1,0.6667,2
2965,1925,4,4335100,2252,0,2,1,4,7,1,1,12,2,1,5,0.7556,0,4,2,0,0.7556,2
4956,2446,1,4552006,1861,3,3,4,1,7,3,2,9,1,0,2,0.3333,0,1,1,0,0.2333,1
4032,1680,5,3741360,2227,3,3,4,1,7,2,0,13,3,4,4,0.6667,1,5,3,0,0.8667,2
2812,2752,1,2454784,892,3,3,4,3,9,3,5,15,3,6,1,0.1667,0,4,2,0,0.1667,2
1643,681,5,531180,780,0,2,6,1,9,2,4,18,2,4,6,0.8444,1,1,2,0,0.8444,2
2889,1639,3,3797563,2317,2,1,1,2,5,1,4,15,0,7,3,0.5,0,2,2,1,0.5,2
4523,2598,5,13210830,5085,3,3,2,4,8,1,1,15,0,0,9,0.3444,0,1,1,0,0.2411,1
1798,3664,2,21298832,5813,2,1,2,2,6,1,0,5,1,10,7,0.6778,0,2,2,1,0.6778,2
3672,3618,5,6103566,1687,3,0,2,2,6,0,3,16,1,13,1,0.1667,0,1,2,0,0.1667,1
3232,3036,1,10170600,3350,2,3,5,2,9,1,5,15,3,8,10,0.1778,0,4,1,0,0.1245,1
1988,1754,1,4279760,2440,3,1,1,1,4,1,0,3,3,7,7,0.6778,0,0,2,0,0.6778,2
1335,3968,3,31200384,7863,3,1,3,3,8,1,5,17,1,7,5,0.7556,0,0,2,0,0.7556,2
3101,2347,5,9033603,3849,0,1,4,1,7,0,1,13,3,7,7,0.6778,0,2,2,1,0.6778,2
3145,2811,3,2080140,740,2,0,3,3,8,0,4,14,3,12,8,0.5111,0,0,2,0,0.5111,2
1563,3455,5,5486540,1588,3,1,5,3,10,2,3,17,2,7,1,0.1667,0,1,2,0,0.1667,1
2737,3816,3,3949560,1035,2,2,2,3,7,3,4,16,2,8,2,0.3333,0,1,1,0,0.2333,2
2075,2198,1,1336384,608,3,3,2,3,7,0,2,9,0,7,11,0.0889,0,4,3,0,0.1156,1
609,1383,2,3658035,2645,0,0,1,2,5,1,2,8,0,4,9,0.3444,1,3,2,2,0.3444,1
3640,1862,2,6492794,3487,0,2,3,4,9,0,1,8,0,2,1,0.1667,1,1,2,1,0.1667,1
2146,1049,1,1716164,1636,1,0,1,2,5,0,0,2,1,3,8,0.5111,1,2,2,2,0.5111,2
4608,2906,4,20115332,6922,1,2,2,2,6,3,1,12,3,3,1,0.1667,1,3,2,2,0.1667,2
672,3095,1,6973035,2253,2,1,4,1,7,0,0,3,3,0,10,0.1778,0,2,1,1,0.1245,1
2335,1985,3,12890590,6494,1,3,2,3,7,0,5,18,1,0,4,0.6667,0,1,1,0,0.4667,2
4811,3735,4,11787660,3156,1,3,5,1,8,0,0,11,2,6,1,0.1667,0,2,2,2,0.1667,1
2531,3427,3,12361189,3607,3,1,4,3,9,0,5,17,0,9,10,0.1778,0,0,2,1,0.1778,1
4637,2853,2,2385108,836,3,2,1,1,4,3,3,12,1,1,1,0.1667,0,2,2,1,0.1667,1
2201,2808,5,6857136,2442,1,2,1,1,4,0,2,16,2,5,5,0.7556,2,4,3,0,0.9823,2
1005,2590,4,6436150,2485,0,3,4,3,9,1,0,11,1,6,8,0.5111,0,1,2,0,0.5111,2
733,3538,4,14364280,4060,1,0,5,3,10,2,1,10,2,8,4,0.6667,0,5,1,0,0.4667,2
2585,1192,5,2441216,2048,1,0,6,1,9,3,5,18,3,9,2,0.3333,0,2,2,1,0.3333,2
3129,3863,5,7679644,1988,1,3,4,1,7,0,3,18,3,12,5,0.7556,0,0,2,0,0.7556,2
3094,789,5,446574,566,2,1,4,3,9,1,2,15,2,0,10,0.1778,0,1,1,0,0.1245,2
1289,1676,1,936884,559,2,2,3,1,6,0,0,4,3,4,2,0.3333,1,5,3,0,0.4333,2
2238,1975,1,13029075,6597,0,2,4,1,7,3,3,10,3,6,5,0.7556,0,0,2,1,0.7556,2
1367,2444,3,3042780,1245,2,2,6,2,10,3,4,16,0,9,1,0.1667,0,2,2,1,0.1667,1
3308,3097,2,15989811,5163,3,2,1,1,4,0,4,14,1,3,12,0.0,1,0,2,1,0.0,1
1064,3442,1,14690456,4268,3,2,5,4,11,2,4,12,1,1,11,0.0889,0,3,2,2,0.0889,1
4404,1859,5,8506784,4576,1,1,2,1,5,0,0,11,0,0,8,0.5111,0,0,1,0,0.3578,1
1720,3481,2,11678755,3355,1,3,5,4,11,3,2,11,2,8,12,0.0,0,1,1,0,0.0,1
2748,1431,5,6367950,4450,3,0,3,1,6,2,4,18,2,0,1,0.1667,0,0,1,0,0.1167,1
965,3699,3,1616463,437,3,2,3,4,9,2,2,12,2,6,7,0.6778,0,1,2,0,0.6778,2
2173,1391,4,6559956,4716,0,2,1,1,4,3,1,12,2,2,2,0.3333,1,5,3,0,0.4333,2
4912,777,2,2912973,3749,1,0,4,3,9,3,1,6,1,6,12,0.0,0,3,2,2,0.0,1
1122,921,1,747852,812,3,1,1,1,4,2,2,7,1,6,8,0.5111,0,4,2,0,0.5111,1
3843,3759,3,4315332,1148,1,0,5,3,10,3,1,8,3,4,11,0.0889,1,1,2,0,0.0889,1
4068,3469,5,30763092,8868,1,3,6,3,11,1,3,18,3,1,7,0.6778,0,4,2,0,0.6778,2
4137,1169,5,1981455,1695,0,2,3,2,7,3,2,16,2,10,9,0.3444,0,0,2,0,0.3444,2
1114,1102,3,4847698,4399,2,0,4,3,9,1,0,6,3,6,2,0.3333,0,3,2,2,0.3333,1
1884,914,1,649854,711,3,3,2,2,6,2,2,9,0,7,9,0.3444,0,2,2,1,0.3444,2
3147,3379,2,11873806,3514,1,1,4,1,7,1,5,15,1,9,10,0.1778,0,4,2,0,0.1778,1
4495,3682,5,6885340,1870,1,3,5,4,11,2,3,18,1,11,8,0.5111,2,5,3,0,0.6644,2
3052,2649,4,5030451,1899,3,0,4,1,7,0,3,14,0,7,1,0.1667,0,2,2,1,0.1667,1
4559,3213,2,12328281,3837,1,1,4,4,10,2,2,9,0,7,2,0.3333,0,1,2,0,0.3333,1
3574,1267,3,4847542,3826,3,0,6,3,11,3,0,6,2,2,4,0.6667,1,1,2,1,0.6667,2
1619,1541,5,3733843,2423,0,0,4,4,10,1,2,14,2,5,11,0.0889,2,5,3,0,0.1156,2
1436,1928,4,14672080,7610,0,1,3,1,6,1,2,13,0,7,7,0.6778,0,1,2,0,0.6778,2
4586,1849,3,1588291,859,1,1,5,1,8,2,4,15,3,10,5,0.7556,0,0,2,0,0.7556,2
3578,1040,1,8291920,7973,3,1,6,2,10,0,3,9,3,1,10,0.1778,0,1,2,0,0.1778,1
2031,1275,2,1535100,1204,1,1,3,3,8,3,3,11,1,3,3,0.5,1,0,2,1,0.5,2
1181,1979,1,7761638,3922,0,3,3,4,9,3,1,7,1,7,4,0.6667,0,0,2,0,0.6667,1
1271,3674,4,31787448,8652,3,2,5,2,9,3,1,12,3,9,8,0.5111,0,2,2,1,0.5111,2
4270,2153,5,7307282,3394,3,0,3,1,6,2,4,18,3,12,2,0.3333,0,2,2,1,0.3333,2
1197,3462,1,13906854,4017,0,3,5,2,9,0,3,11,1,6,10,0.1778,0,3,2,2,0.1778,1
4893,3057,1,9436959,3087,1,0,2,2,6,0,0,2,1,0,11,0.0889,0,1,1,0,0.0622,0
943,1717,4,5808611,3383,2,1,3,3,8,2,0,9,3,4,11,0.0889,1,4,2,0,0.0889,2
3391,2660,4,5498220,2067,3,1,5,1,8,2,1,11,3,9,1,0.1667,0,0,2,1,0.1667,1
2177,1411,3,2126377,1507,1,2,1,3,6,3,1,10,2,9,12,0.0,0,0,2,1,0.0,1
1075,1720,4,1608200,935,0,0,1,3,6,3,5,18,3,6,5,0.7556,0,3,2,2,0.7556,2
3524,658,3,2047696,3112,1,2,6,1,9,3,3,14,0,0,4,0.6667,0,4,2,0,0.6667,2
2907,3437,3,6609351,1923,3,0,3,2,7,3,0,6,2,6,2,0.3333,0,1,2,0,0.3333,1
1725,1929,3,2364954,1226,2,3,5,1,8,2,2,13,0,0,11,0.0889,0,2,1,1,0.0622,1
4147,3948,1,8879052,2249,3,1,6,3,11,1,3,9,3,13,12,0.0,0,4,2,0,0.0,1
1754,987,4,2800119,2837,1,1,5,4,11,3,1,11,1,8,5,0.7556,0,5,1,0,0.5289,2
1698,3400,1,4239800,1247,0,3,6,3,11,2,2,9,2,0,9,0.3444,0,2,1,1,0.2411,1
755,1470,1,5068560,3448,3,3,3,4,9,0,1,7,0,2,4,0.6667,1,1,2,1,0.6667,2
3973,2419,4,5749963,2377,0,2,3,4,9,0,4,18,2,3,12,0.0,1,2,2,2,0.0,2
3197,541,4,1435273,2653,0,3,3,3,8,1,5,18,2,0,5,0.7556,0,2,1,1,0.5289,2
2350,1061,1,2544278,2398,2,1,3,2,7,2,2,7,0,10,12,0.0,0,4,2,0,0.0,0
2131,1186,4,2640036,2226,1,3,5,1,8,1,3,17,3,3,1,0.1667,1,2,2,2,0.1667,2
2362,3448,3,28266704,8198,1,1,4,3,9,0,3,13,3,10,9,0.3444,0,4,2,0,0.3444,2
3124,1485,1,1144935,771,3,1,3,3,8,3,5,13,1,7,8,0.5111,0,0,2,0,0.5111,2
2644,3672,5,5720976,1558,0,3,1,2,5,2,0,13,3,6,5,0.7556,0,2,2,2,0.7556,2
1126,2296,3,11238920,4895,1,3,6,4,12,0,4,17,2,6,10,0.1778,0,3,2,2,0.1778,2
1371,1829,4,826708,452,0,2,4,2,8,1,1,12,2,9,6,0.8444,0,4,2,0,0.8444,2
4393,2336,5,6169376,2641,3,1,3,4,9,1,2,15,3,6,5,0.7556,0,2,2,2,0.7556,2
2055,3196,4,4282640,1340,3,0,5,2,9,0,0,8,1,0,11,0.0889,0,4,2,0,0.0889,1
4428,2368,2,4887552,2064,2,1,1,1,4,1,4,13,0,7,2,0.3333,0,0,2,0,0.3333,1
2117,1306,5,5814312,4452,2,1,1,4,7,0,3,17,2,6,12,0.0,0,1,2,0,0.0,1
3972,3049,4,20370369,6681,1,0,1,3,6,3,5,18,2,8,11,0.0889,0,0,0,0,0.0356,1
4633,1747,1,3420626,1958,2,3,5,3,10,1,3,11,3,9,1,0.1667,0,0,2,1,0.1667,1
4468,504,2,380016,754,1,2,5,2,9,2,5,16,1,1,2,0.3333,0,2,2,1,0.3333,2
4185,2028,3,4826640,2380,3,1,2,1,5,3,0,7,1,6,5,0.7556,0,0,2,1,0.7556,1
1836,973,1,1997569,2053,2,2,1,2,5,0,3,10,0,8,5,0.7556,0,1,1,0,0.5289,1
3859,3835,2,8210735,2141,3,2,4,4,10,2,0,6,2,0,11,0.0889,0,2,1,1,0.0622,1
2235,1803,1,766275,425,3,2,4,1,7,1,3,10,0,11,4,0.6667,2,5,3,0,0.8667,2
3528,2229,5,5347371,2399,3,1,4,4,10,3,3,17,1,6,9,0.3444,0,0,2,1,0.3444,1
4015,842,3,946408,1124,2,0,2,3,7,3,5,16,1,12,5,0.7556,0,0,2,0,0.7556,2
1510,644,2,1156624,1796,0,1,5,2,9,0,3,11,0,6,5,0.7556,0,4,2,0,0.7556,1
4772,458,4,431436,942,0,0,6,4,12,3,4,16,0,6,7,0.6778,0,0,2,1,0.6778,2
1546,3346,2,8057168,2408,1,3,3,2,7,0,0,7,0,4,3,0.5,1,0,2,1,0.5,1
2227,2382,5,4194702,1761,2,0,2,3,7,2,3,16,2,9,9,0.3444,0,0,2,1,0.3444,2
3434,564,5,2373312,4208,3,3,1,1,4,0,3,18,1,2,12,0.0,1,0,2,1,0.0,2
4230,3611,5,2693806,746,1,2,4,1,7,2,0,12,3,3,11,0.0889,1,1,2,1,0.0889,2
3267,2171,4,3820960,1760,3,1,2,4,8,2,5,18,2,2,10,0.1778,1,4,2,0,0.1778,2
4425,3936,3,3652608,928,0,1,2,4,8,2,2,11,2,9,7,0.6778,0,1,2,0,0.6778,2
2463,515,5,2489510,4834,0,0,1,4,7,0,2,14,2,11,5,0.7556,2,5,3,0,0.9823,2
3367,1537,5,2605215,1695,1,2,6,2,10,2,1,14,3,3,4,0.6667,1,0,2,1,0.6667,2
1909,456,3,200640,440,2,1,2,1,5,3,5,17,2,0,4,0.6667,0,1,1,0,0.4667,2
2367,1047,5,2390301,2283,3,3,1,4,7,0,2,17,1,0,5,0.7556,0,4,2,0,0.7556,2
1013,2414,3,14698846,6089,2,3,6,4,12,2,4,17,0,8,1,0.1667,0,0,0,0,0.0667,1
3022,561,2,1067583,1903,3,3,4,2,8,1,1,9,1,5,3,0.5,2,5,3,0,0.65,2
1838,1373,3,3207328,2336,1,0,5,3,10,2,0,6,0,7,12,0.0,0,2,2,1,0.0,1
1904,3173,1,3061945,965,2,2,6,2,10,3,1,6,3,7,1,0.1667,0,1,2,0,0.1667,1
1611,452,4,1791728,3964,0,2,2,4,8,2,5,18,1,1,8,0.5111,0,2,2,1,0.5111,2
1864,3465,5,23752575,6855,1,1,6,2,10,3,0,11,2,7,5,0.7556,0,0,2,0,0.7556,2
1267,1032,1,7916472,7671,2,2,3,2,7,0,3,10,3,9,12,0.0,0,2,2,1,0.0,1
4092,2848,2,10321152,3624,2,1,1,4,7,0,2,9,0,8,1,0.1667,0,0,0,0,0.0667,0
1528,922,1,2145494,2327,3,2,6,1,9,0,4,12,3,9,8,0.5111,0,0,2,1,0.5111,2
3187,1423,1,1986508,1396,2,2,2,4,8,3,5,14,2,4,1,0.1667,1,3,2,2,0.1667,2
2678,3345,1,5937375,1775,0,1,6,4,12,2,5,13,0,10,10,0.1778,0,2,2,1,0.1778,1
1539,3620,4,12912540,3567,3,1,1,4,7,1,4,17,3,0,9,0.3444,0,4,2,0,0.3444,2
2700,957,5,2110185,2205,0,1,2,2,6,3,0,11,3,12,1,0.1667,0,4,2,0,0.1667,1
4866,2856,4,25321296,8866,1,3,6,1,9,1,3,17,2,9,10,0.1778,0,2,2,1,0.1778,2
4364,2105,3,3694275,1755,2,1,2,1,5,0,5,17,2,0,3,0.5,0,4,2,0,0.5,2
4496,2459,3,5085212,2068,0,3,4,3,9,0,2,13,0,6,11,0.0889,0,3,2,2,0.0889,1
3885,1482,4,576498,389,3,2,1,1,4,0,1,12,1,6,10,0.1778,0,2,2,2,0.1778,2
992,1030,5,643750,625,3,3,2,3,7,3,3,18,1,4,3,0.5,1,1,2,0,0.5,2
1060,2903,4,3361674,1158,2,2,3,3,8,3,0,10,0,12,4,0.6667,0,4,2,0,0.6667,2
3913,3241,1,2139060,660,1,0,4,1,7,3,2,6,3,1,12,0.0,0,1,2,0,0.0,1
3100,3861,2,1776060,460,1,1,5,3,10,1,5,15,2,1,5,0.7556,0,3,2,2,0.7556,2
4423,2778,5,13870554,4993,1,2,4,4,10,2,5,18,0,2,12,0.0,1,0,2,1,0.0,1
956,2024,2,4647104,2296,2,2,6,2,10,2,1,8,1,0,11,0.0889,0,4,2,0,0.0889,1
844,3295,2,14422215,4377,1,2,5,2,9,3,5,16,3,4,3,0.5,1,4,2,0,0.5,2
685,3515,1,2298810,654,0,1,5,4,11,3,3,9,1,10,1,0.1667,0,4,2,0,0.1667,1
3103,1343,3,2237438,1666,1,0,1,1,4,2,2,10,3,8,2,0.3333,0,0,0,0,0.1333,1
2776,1000,5,1273000,1273,2,0,4,4,10,2,4,18,1,12,12,0.0,0,0,2,0,0.0,1
715,1260,4,2600640,2064,0,2,4,1,7,1,1,12,0,2,12,0.0,1,1,2,1,0.0,1
4800,2324,2,2551752,1098,0,0,2,4,8,1,4,12,0,12,7,0.6778,0,0,2,0,0.6778,1
3235,2729,3,5818228,2132,2,0,2,4,8,3,4,14,0,9,11,0.0889,0,1,2,0,0.0889,1
4916,3000,3,6909000,2303,3,2,4,2,8,1,0,8,2,0,12,0.0,0,1,1,0,0.0,1
3954,439,5,693620,1580,3,1,2,4,8,0,2,15,1,11,7,0.6778,2,5,3,0,0.8811,2
853,580,1,296380,511,0,0,4,2,8,0,5,12,0,9,3,0.5,0,0,2,1,0.5,2
983,2114,4,12404952,5868,3,3,3,3,8,1,3,17,2,6,10,0.1778,0,3,2,2,0.1778,2
1735,1834,3,3213168,1752,1,0,3,3,8,1,5,16,3,13,10,0.1778,0,0,2,0,0.1778,1
871,2222,2,3188570,1435,1,3,2,3,7,2,5,17,0,3,8,0.5111,1,3,2,2,0.5111,2
752,2058,5,9084012,4414,0,1,1,3,6,0,0,11,2,4,12,0.0,1,3,2,2,0.0,2
3672,1406,2,6737552,4792,2,0,1,1,4,1,1,6,2,0,2,0.3333,0,2,1,1,0.2333,1
2138,3808,1,16896096,4437,3,3,5,3,10,2,0,5,0,5,2,0.3333,2,4,3,0,0.4333,2
968,1250,3,2376250,1901,3,2,6,2,10,3,0,8,1,10,1,0.1667,0,4,2,0,0.1667,1
1592,1591,3,3006990,1890,0,0,3,4,9,0,5,16,3,1,10,0.1778,0,1,2,0,0.1778,1
2081,3560,4,30961320,8697,2,3,2,4,8,3,5,18,2,6,1,0.1667,0,2,2,2,0.1667,2
3662,994,3,2997904,3016,1,3,4,1,7,3,0,9,3,3,4,0.6667,1,3,2,2,0.6667,2
3216,2347,5,1797802,766,1,3,1,2,5,2,1,15,3,4,9,0.3444,1,1,2,0,0.3444,2
1051,2736,5,4686768,1713,3,1,6,3,11,2,2,15,3,9,2,0.3333,0,0,2,1,0.3333,2
2015,2665,5,5934955,2227,1,0,6,2,10,1,4,18,3,5,9,0.3444,2,4,3,0,0.4477,2
4254,3466,3,4221588,1218,1,1,3,4,9,0,1,9,3,6,9,0.3444,0,0,2,1,0.3444,1
2118,2677,4,9789789,3657,2,0,4,4,10,1,2,12,3,0,7,0.6778,0,1,1,0,0.4745,2
2342,1706,2,1475690,865,0,0,6,1,9,3,2,8,3,3,1,0.1667,1,3,2,2,0.1667,2
3594,959,5,7871472,8208,2,3,4,2,8,1,5,18,0,0,8,0.5111,0,1,1,0,0.3578,2
682,2320,2,5484480,2364,3,0,6,2,10,0,5,14,3,8,6,0.8444,0,1,1,0,0.5911,2
3942,1043,5,665434,638,2,0,2,3,7,2,3,16,0,6,9,0.3444,0,1,2,0,0.3444,2
968,3204,4,7487748,2337,2,3,1,1,4,2,5,18,0,0,12,0.0,0,1,1,0,0.0,1
1784,730,2,698610,957,1,3,2,2,6,2,5,17,2,10,12,0.0,0,0,2,0,0.0,1
1614,2311,3,18284632,7912,1,3,6,2,10,2,0,9,0,2,10,0.1778,1,4,2,0,0.1778,1
2317,2996,1,6815900,2275,1,3,5,2,9,2,4,13,1,3,9,0.3444,1,3,2,2,0.3444,2
1958,2539,2,5044993,1987,1,2,3,2,7,1,0,6,0,4,6,0.8444,1,1,2,0,0.8444,2
3878,3600,3,18867600,5241,1,1,1,1,4,1,5,17,1,0,6,0.8444,0,4,2,0,0.8444,2
3268,2750,4,6440500,2342,2,2,5,1,8,3,3,16,3,3,6,0.8444,1,2,2,2,0.8444,2
2513,2499,1,4568172,1828,0,2,5,4,11,1,5,14,1,5,3,0.5,2,5,3,0,0.65,2
736,1429,3,5441632,3808,0,2,6,1,9,2,5,18,0,8,11,0.0889,0,4,1,0,0.0622,1
3910,2100,5,5117700,2437,3,1,5,1,8,3,4,18,1,6,10,0.1778,0,0,2,1,0.1778,1
1320,1037,3,4928861,4753,3,1,6,2,10,2,1,9,2,0,3,0.5,0,1,1,0,0.35,1
2894,3205,3,14291095,4459,1,2,4,4,10,1,2,12,0,6,10,0.1778,0,1,2,0,0.1778,1
1048,2348,2,2099112,894,1,2,6,1,9,0,1,8,0,6,2,0.3333,0,3,2,2,0.3333,1
3287,1255,2,396580,316,0,2,5,2,9,0,0,6,2,2,6,0.8444,1,4,2,0,0.8444,2
850,2188,3,6572752,3004,2,0,3,4,9,0,1,8,3,11,9,0.3444,2,5,3,0,0.4477,2
2221,2783,1,5401803,1941,2,3,6,1,9,2,5,15,0,1,11,0.0889,0,4,2,0,0.0889,1
2704,1655,2,575940,348,2,3,2,4,8,3,5,17,1,5,7,0.6778,2,1,2,0,0.6778,2
4777,3281,5,8330459,2539,0,1,4,4,10,2,4,18,2,0,5,0.7556,0,2,1,1,0.5289,2
3221,1043,3,1404921,1347,3,3,2,3,7,2,2,13,3,0,3,0.5,0,4,2,0,0.5,2
1270,3595,2,13423730,3734,0,3,1,4,7,2,0,7,1,6,6,0.8444,0,2,2,2,0.8444,2
643,3018,4,9020802,2989,0,2,6,1,9,3,1,12,0,3,8,0.5111,1,3,2,2,0.5111,2
4156,2180,2,1510740,693,3,1,5,3,10,0,5,15,3,2,4,0.6667,1,1,2,1,0.6667,2
3381,3163,2,9118929,2883,3,2,1,2,5,2,1,8,1,5,11,0.0889,2,4,3,0,0.1156,2
4477,2952,3,12129768,4109,1,2,5,1,8,1,5,18,0,10,5,0.7556,0,2,2,1,0.7556,2
3646,3908,4,1414696,362,3,2,6,4,12,2,3,16,1,8,4,0.6667,0,0,0,0,0.2667,2
3181,1493,5,2170822,1454,0,3,5,4,11,2,5,18,1,9,5,0.7556,0,0,2,1,0.7556,2
4799,476,2,2910264,6114,1,3,1,2,5,2,4,15,3,12,11,0.0889,0,1,2,0,0.0889,1
3105,1874,5,2824118,1507,2,2,5,1,8,2,0,12,2,0,4,0.6667,0,4,2,0,0.6667,2
3450,3045,2,4208190,1382,0,3,3,2,7,3,2,11,2,7,11,0.0889,0,2,2,1,0.0889,1
618,3130,2,7317940,2338,1,0,1,4,7,2,2,8,2,12,12,0.0,0,0,2,0,0.0,0
4234,2084,4,8523560,4090,1,3,1,2,5,1,3,17,1,7,1,0.1667,0,2,2,1,0.1667,2
1698,2724,4,12911760,4740,0,2,3,3,8,0,0,10,0,0,7,0.6778,0,4,2,0,0.6778,2
2278,1015,4,818090,806,1,1,1,1,4,1,5,18,1,0,9,0.3444,0,2,1,1,0.2411,2
1919,1541,4,6333510,4110,1,1,4,4,10,2,1,11,1,11,7,0.6778,2,4,3,0,0.8811,2
3523,2359,3,10072930,4270,1,3,5,4,11,3,1,11,1,12,8,0.5111,0,2,2,1,0.5111,2
3166,1375,5,5128750,3730,2,2,3,1,6,3,0,12,2,2,3,0.5,1,5,3,0,0.65,2
3254,1284,4,4614696,3594,3,2,4,1,7,0,0,10,3,11,4,0.6667,2,5,3,0,0.8667,2
3011,3017,2,13066627,4331,2,3,6,4,12,1,1,9,3,1,2,0.3333,0,4,2,0,0.3333,1
1183,1719,4,3499884,2036,3,2,3,2,7,3,4,18,1,0,11,0.0889,0,1,1,0,0.0622,1
4731,2548,2,6395480,2510,1,3,2,4,8,2,5,17,2,13,3,0.5,0,2,2,1,0.5,2
2611,3773,5,7508270,1990,3,1,6,4,12,1,2,15,3,3,6,0.8444,1,3,2,2,0.8444,2
2753,2628,2,1224648,466,0,1,1,4,7,0,1,7,2,13,9,0.3444,0,2,2,1,0.3444,2
3496,3503,1,13486550,3850,3,3,3,1,6,1,1,7,0,9,6,0.8444,0,2,2,1,0.8444,2
826,447,2,302172,676,3,2,4,3,9,2,0,6,3,1,2,0.3333,0,4,2,0,0.3333,2
2481,669,4,4459554,6666,3,2,1,1,4,3,2,14,1,1,11,0.0889,0,2,2,1,0.0889,1
3385,1119,5,2043294,1826,1,3,6,1,9,2,5,18,1,3,12,0.0,1,0,2,1,0.0,2
948,1678,5,714828,426,1,3,1,3,6,0,5,18,0,11,3,0.5,2,5,3,0,0.65,2
3585,675,4,5636250,8350,0,0,4,1,7,1,0,8,2,2,3,0.5,1,1,2,1,0.5,2
4357,727,3,2480524,3412,1,2,5,3,10,2,4,16,0,9,9,0.3444,0,4,2,0,0.3444,2
3957,1270,5,5067300,3990,3,1,6,2,10,0,1,13,0,8,10,0.1778,0,0,0,0,0.0711,0
742,1624,4,1341424,826,1,3,5,3,10,2,3,17,1,7,5,0.7556,0,1,2,0,0.7556,2
4391,1688,4,678576,402,0,0,1,1,4,1,2,12,1,8,8,0.5111,0,0,0,0,0.2044,2
2104,2863,2,7804538,2726,0,0,6,2,10,0,1,6,1,0,11,0.0889,0,1,1,0,0.0622,0
2786,3303,1,9221976,2792,0,2,3,3,8,1,3,10,2,7,9,0.3444,0,0,2,0,0.3444,1
4397,3689,1,17703511,4799,2,3,5,4,11,1,1,7,3,6,4,0.6667,0,2,2,2,0.6667,2
1978,2173,3,1599328,736,3,0,2,4,8,1,0,6,2,13,12,0.0,0,0,2,0,0.0,1
3559,583,4,2218315,3805,2,3,6,1,9,2,0,11,2,6,3,0.5,0,2,2,2,0.5,2
1515,3831,2,16128510,4210,2,2,5,3,10,3,1,8,2,0,1,0.1667,0,2,1,1,0.1167,1
2998,833,4,3325336,3992,3,2,1,2,5,3,0,10,1,1,4,0.6667,0,3,2,2,0.6667,2
2644,3952,4,4224688,1069,1,0,2,2,6,2,5,18,3,9,8,0.5111,0,4,2,0,0.5111,2
3272,1274,4,1448538,1137,2,2,3,2,7,3,4,18,3,11,6,0.8444,2,5,3,0,1.0,2
1608,2950,3,1941100,658,0,3,2,1,5,0,4,17,2,4,1,0.1667,1,5,3,0,0.2167,2
3399,1937,1,4780516,2468,3,3,6,3,11,2,3,11,3,0,2,0.3333,0,1,1,0,0.2333,1
1331,1005,1,703500,700,2,2,5,4,11,1,1,6,2,0,1,0.1667,0,1,1,0,0.1167,1
2758,2832,1,4327296,1528,0,2,6,2,10,1,4,12,2,10,6,0.8444,0,0,2,0,0.8444,2
2637,3049,5,8439632,2768,0,1,6,1,9,0,5,18,2,2,4,0.6667,1,5,3,0,0.8667,2
2376,2862,5,3975318,1389,3,2,6,1,9,3,5,18,1,8,7,0.6778,0,0,0,0,0.2711,2
1309,3018,2,10572054,3503,1,3,1,2,5,0,5,17,0,2,3,0.5,1,4,2,0,0.5,2
3066,3808,3,23125984,6073,2,3,3,4,9,3,1,11,3,0,4,0.6667,0,1,1,0,0.4667,2
3002,1199,4,1133055,945,0,1,6,1,9,1,5,18,3,7,1,0.1667,0,4,3,0,0.2167,2
1907,2684,2,16106684,6001,2,2,3,3,8,1,0,6,2,2,11,0.0889,1,0,2,1,0.0889,1
3984,3423,3,3248427,949,1,1,2,2,6,1,4,15,0,6,9,0.3444,0,1,2,0,0.3444,1
2575,2057,5,4576825,2225,1,3,5,3,10,3,5,18,3,6,3,0.5,0,3,2,2,0.5,2
1835,1429,3,2465025,1725,2,2,3,3,8,1,0,8,3,12,5,0.7556,0,4,2,0,0.7556,2
3101,3762,1,17530920,4660,3,1,3,1,6,3,2,7,1,0,8,0.5111,0,4,2,0,0.5111,1
1440,2214,2,3307716,1494,2,0,5,3,10,2,3,10,3,12,10,0.1778,0,2,2,1,0.1778,1
3696,2009,2,1225490,610,0,1,6,3,11,1,0,5,0,8,8,0.5111,0,0,0,0,0.2044,1
2220,2852,5,4226664,1482,2,2,6,4,12,0,1,14,3,0,12,0.0,0,2,1,1,0.0,2
1612,586,2,341052,582,3,1,4,3,9,0,1,7,3,4,7,0.6778,1,1,2,0,0.6778,2
2502,2310,4,1346730,583,3,0,3,1,6,1,4,16,0,2,11,0.0889,1,0,2,1,0.0889,2
2484,3646,4,8965514,2459,0,1,6,2,10,2,4,17,3,6,5,0.7556,0,2,2,2,0.7556,2
3692,463,5,442165,955,2,2,5,4,11,3,0,12,1,4,5,0.7556,1,1,2,0,0.7556,2
644,2210,2,1407770,637,0,2,6,1,9,1,3,12,1,4,4,0.6667,1,1,2,0,0.6667,2
4006,2888,4,1729912,599,0,3,2,2,6,3,4,18,3,8,7,0.6778,0,0,0,0,0.2711,2
2782,979,3,2115619,2161,1,1,3,1,6,2,4,15,0,7,12,0.0,0,1,2,0,0.0,1
729,2641,4,10387053,3933,3,0,6,3,11,3,4,16,2,8,11,0.0889,0,1,1,0,0.0622,1
4550,705,4,4322355,6131,2,0,3,4,9,0,0,8,2,2,10,0.1778,1,1,2,1,0.1778,1
3178,2857,3,12630797,4421,3,1,3,1,6,2,2,11,3,1,11,0.0889,0,4,2,0,0.0889,1
2677,2019,4,4581111,2269,0,3,2,4,8,0,1,13,3,4,9,0.3444,1,5,3,0,0.4477,2
1860,584,4,700800,1200,1,2,1,4,7,2,1,12,3,6,12,0.0,0,2,2,2,0.0,1
1121,2287,1,8235487,3601,1,3,4,2,8,3,0,5,2,6,2,0.3333,0,0,2,1,0.3333,1
1126,2971,5,18339983,6173,3,3,5,2,9,0,5,18,1,10,2,0.3333,0,4,2,0,0.3333,2
4731,2108,4,3117732,1479,1,1,5,4,11,2,0,9,3,8,9,0.3444,0,5,1,0,0.2411,2
4818,1823,3,1175835,645,0,3,3,2,7,0,5,18,1,8,12,0.0,0,4,1,0,0.0,2
4072,1080,4,1168560,1082,1,0,3,4,9,0,2,12,1,0,1,0.1667,0,4,2,0,0.1667,1
2837,1199,5,9325822,7778,2,3,5,1,8,2,4,18,1,10,4,0.6667,0,4,2,0,0.6667,2
1870,1040,4,7265440,6986,3,2,3,3,8,3,5,18,3,5,1,0.1667,2,5,3,0,0.2167,2
2840,2505,5,10014990,3998,2,0,2,1,5,0,3,16,1,7,9,0.3444,0,0,2,0,0.3444,1
2244,675,1,709425,1051,2,3,6,3,11,2,5,15,2,7,2,0.3333,0,0,2,0,0.3333,1
2758,2372,5,4845996,2043,1,2,4,4,10,2,1,14,1,0,6,0.8444,0,1,1,0,0.5911,2
4906,3199,3,11007759,3441,3,2,6,3,11,2,1,10,1,10,1,0.1667,0,0,2,0,0.1667,1
2507,1141,1,1883791,1651,1,3,3,4,9,0,2,9,3,9,4,0.6667,0,4,2,0,0.6667,2
4234,2052,5,2675808,1304,1,0,1,1,4,3,0,10,0,8,4,0.6667,0,1,1,0,0.4667,1
965,2057,3,3834248,1864,3,1,5,3,10,0,1,9,3,7,4,0.6667,0,1,2,0,0.6667,2
3429,2781,3,20593305,7405,1,3,3,4,9,0,5,18,1,12,11,0.0889,0,0,2,0,0.0889,1
3265,906,5,896940,990,3,1,2,2,6,3,0,11,1,9,2,0.3333,0,0,2,1,0.3333,1
3977,1141,3,764470,670,3,0,4,1,7,0,3,12,1,0,8,0.5111,0,4,2,0,0.5111,2
4986,3991,5,6094257,1527,3,2,2,4,8,3,2,16,2,7,12,0.0,0,0,2,0,0.0,1
4026,958,3,2001262,2089,2,2,5,1,8,3,5,18,1,6,6,0.8444,0,0,2,1,0.8444,2
2755,2715,4,1045275,385,1,1,5,1,8,0,1,11,1,13,2,0.3333,0,4,2,0,0.3333,2
618,1524,2,3457956,2269,2,1,6,1,9,0,1,7,0,1,10,0.1778,0,1,2,0,0.1778,0
1004,1243,5,1005587,809,0,2,5,3,10,1,1,14,3,0,2,0.3333,0,2,1,1,0.2333,2
2371,821,5,3751149,4569,1,0,3,3,8,3,1,12,2,10,7,0.6778,0,0,2,0,0.6778,2
2073,3643,2,2054652,564,0,2,5,3,10,0,2,10,3,10,2,0.3333,0,0,2,0,0.3333,2
1553,828,5,467820,565,2,0,5,4,11,1,2,14,1,6,4,0.6667,0,3,2,2,0.6667,2
2995,428,3,683088,1596,1,3,6,1,9,2,4,17,2,11,3,0.5,2,5,3,0,0.65,2
1156,1559,5,1110008,712,2,3,4,2,8,0,4,18,0,0,1,0.1667,0,2,1,1,0.1167,2
2051,2448,2,7145712,2919,2,3,1,1,4,1,1,9,3,13,10,0.1778,0,4,2,0,0.1778,1
3536,2618,5,929390,355,2,0,6,1,9,1,2,14,1,3,9,0.3444,1,3,2,2,0.3444,2
4806,2584,4,4147320,1605,3,0,6,1,9,3,1,10,3,12,8,0.5111,0,4,2,0,0.5111,2
3076,3740,5,13602380,3637,0,3,2,3,7,1,1,15,1,7,2,0.3333,0,0,2,0,0.3333,1
3782,2184,3,4119024,1886,2,2,5,2,9,2,5,18,1,10,3,0.5,0,0,2,0,0.5,2
4334,3911,3,2487396,636,1,3,4,4,10,2,3,15,2,5,6,0.8444,2,5,3,0,1.0,2
726,1906,5,9074466,4761,1,2,6,2,10,3,3,18,3,9,12,0.0,0,0,2,1,0.0,2
4780,3241,5,28290689,8729,0,0,6,3,11,0,2,14,3,9,9,0.3444,0,4,2,0,0.3444,2
4134,3696,5,9073680,2455,0,2,3,1,6,2,3,18,1,0,11,0.0889,0,1,1,0,0.0622,1
2987,2794,3,4548632,1628,0,0,1,3,6,0,4,14,1,6,2,0.3333,0,2,2,2,0.3333,1
2227,3872,4,7097376,1833,0,1,2,2,6,0,0,9,1,11,3,0.5,2,5,3,0,0.65,2
1978,1648,3,9047520,5490,1,3,4,1,7,0,4,17,2,11,2,0.3333,2,5,3,0,0.4333,2
4153,744,2,713496,959,0,2,3,1,6,2,5,16,2,3,4,0.6667,1,3,2,2,0.6667,2
2062,1825,2,1147925,629,0,0,6,1,9,0,1,6,1,7,1,0.1667,0,0,2,0,0.1667,1
2640,3203,2,3657826,1142,3,3,5,1,8,3,3,13,2,10,4,0.6667,0,2,2,1,0.6667,2
3932,1187,2,658785,555,2,1,5,4,11,0,1,7,0,9,3,0.5,0,1,2,0,0.5,1
1740,2714,3,4263694,1571,0,0,5,4,11,1,4,14,3,4,12,0.0,1,1,2,0,0.0,2
1390,2038,5,874302,429,2,0,2,3,7,1,4,18,2,1,2,0.3333,0,3,2,2,0.3333,2
3684,2057,4,4021435,1955,1,2,3,2,7,1,2,14,1,2,4,0.6667,1,5,3,0,0.8667,2
2090,1293,1,572799,443,3,2,4,3,9,0,2,8,2,1,8,0.5111,0,1,2,0,0.5111,2
710,1413,3,4263021,3017,3,1,4,3,9,3,1,9,0,4,11,0.0889,1,3,2,2,0.0889,1
1513,2662,5,2097656,788,1,0,1,2,5,2,2,14,1,3,4,0.6667,1,3,2,2,0.6667,2
1287,2468,3,3400904,1378,3,2,6,3,11,3,0,8,0,8,10,0.1778,0,1,1,0,0.1245,1
4429,2684,3,2050576,764,0,2,6,3,11,3,3,14,2,1,11,0.0889,0,1,2,0,0.0889,2
982,2656,3,5022496,1891,3,0,3,4,9,3,5,16,2,10,9,0.3444,0,4,2,0,0.3444,2
4299,3110,2,2009060,646,1,1,2,3,7,1,5,15,2,8,8,0.5111,0,0,0,0,0.2044,2
1583,1911,5,1301391,681,3,3,4,1,7,1,4,18,0,0,3,0.5,0,1,1,0,0.35,2
3149,2390,5,6785210,2839,2,2,5,1,8,3,5,18,1,13,3,0.5,0,2,2,1,0.5,2
3244,3916,5,7287676,1861,1,2,2,2,6,0,0,12,2,6,3,0.5,0,1,2,0,0.5,2
3240,1398,1,3306270,2365,0,0,3,1,6,3,4,10,3,6,11,0.0889,0,0,2,1,0.0889,1
3321,1862,5,1969996,1058,1,2,1,2,5,1,0,12,2,6,2,0.3333,0,3,2,2,0.3333,2
2167,2608,4,813696,312,1,0,4,4,10,2,5,18,1,2,1,0.1667,1,1,2,1,0.1667,2
4111,1441,5,1541870,1070,0,0,5,2,9,2,0,10,2,9,9,0.3444,0,0,2,1,0.3444,2
745,2041,2,4737161,2321,0,3,1,4,7,1,1,9,2,3,7,0.6778,1,0,2,1,0.6778,2
3338,3669,4,7154550,1950,3,2,1,2,5,1,0,10,0,2,1,0.1667,1,1,2,1,0.1667,1
1210,973,5,2550233,2621,1,2,6,1,9,3,2,16,0,6,11,0.0889,0,2,2,2,0.0889,1
4968,1717,1,7650952,4456,2,1,6,3,11,3,2,7,0,0,12,0.0,0,2,1,1,0.0,0
778,1296,3,9354528,7218,0,0,4,3,9,3,4,14,1,0,6,0.8444,0,4,2,0,0.8444,2
4560,934,4,4652254,4981,0,2,2,2,6,3,4,18,3,9,5,0.7556,0,4,2,0,0.7556,2
724,1504,5,1046784,696,3,1,1,4,7,1,0,11,1,0,5,0.7556,0,4,2,0,0.7556,2
4518,1467,3,2647935,1805,1,0,4,1,7,2,2,10,0,8,6,0.8444,0,4,1,0,0.5911,2
4391,1757,5,8493338,4834,1,2,3,3,8,2,4,18,1,6,7,0.6778,0,1,2,0,0.6778,2
3241,3514,1,6869870,1955,0,0,4,4,10,1,5,12,2,7,11,0.0889,0,1,2,0,0.0889,1
3768,2521,3,11934414,4734,2,2,3,4,9,1,3,14,3,7,6,0.8444,0,1,2,0,0.8444,2
2065,529,4,2498467,4723,1,2,1,3,6,0,3,16,1,0,7,0.6778,0,0,1,0,0.4745,2
3788,3637,1,2676832,736,0,3,6,4,12,3,0,5,0,2,11,0.0889,1,4,2,0,0.0889,1
3483,3808,1,2181984,573,0,1,6,4,12,3,1,5,2,3,5,0.7556,1,3,2,2,0.7556,2
1095,2548,5,3220672,1264,1,0,6,1,9,0,4,18,2,0,6,0.8444,0,1,1,0,0.5911,2
3876,3550,3,7646700,2154,2,3,3,2,7,0,3,15,1,6,4,0.6667,0,4,2,0,0.6667,2
3457,1186,1,5097428,4298,3,0,1,4,7,3,2,6,2,10,11,0.0889,0,1,2,0,0.0889,1
1669,2749,4,4085014,1486,3,3,6,2,10,0,0,11,0,0,1,0.1667,0,1,1,0,0.1167,1
3805,2335,4,4581270,1962,3,2,6,3,11,0,1,12,1,7,6,0.8444,0,0,2,0,0.8444,2
667,2906,2,10156470,3495,1,3,1,4,7,1,1,9,3,6,8,0.5111,0,1,2,0,0.5111,2
2559,2001,2,12418206,6206,0,2,5,3,10,2,0,6,1,1,9,0.3444,0,4,2,0,0.3444,1
4479,3793,4,4255746,1122,1,3,2,4,8,2,4,18,1,0,12,0.0,0,2,1,1,0.0,1
3722,1494,3,4532796,3034,1,3,5,3,10,2,4,17,3,4,9,0.3444,1,1,2,0,0.3444,2
2316,3764,1,29886160,7940,2,2,6,1,9,0,1,6,0,9,11,0.0889,0,4,2,0,0.0889,1
1146,1030,2,1832370,1779,3,1,6,2,10,3,0,5,1,9,2,0.3333,0,0,2,1,0.3333,1
1470,915,2,2994795,3273,0,1,5,2,9,1,0,5,3,7,2,0.3333,0,0,2,0,0.3333,1
2954,3738,1,6739614,1803,2,3,2,4,8,0,1,7,2,1,9,0.3444,0,4,2,0,0.3444,1
1473,859,5,1635536,1904,1,3,2,1,5,1,5,18,0,1,1,0.1667,0,4,2,0,0.1667,1
1869,1979,4,12410309,6271,1,2,2,2,6,1,0,10,2,9,6,0.8444,0,0,2,1,0.8444,2
669,2504,1,11170344,4461,2,1,4,1,7,3,3,9,3,10,2,0.3333,0,2,2,1,0.3333,1
4465,424,3,1284296,3029,2,1,4,4,10,0,5,17,2,0,1,0.1667,0,1,1,0,0.1167,1
2876,3697,4,3482574,942,2,2,5,2,9,1,1,12,1,4,8,0.5111,1,3,2,2,0.5111,2
1035,576,3,1124928,1953,1,1,4,1,7,1,4,15,3,6,11,0.0889,0,1,2,0,0.0889,1
1902,1674,1,3820068,2282,3,3,5,1,8,1,1,7,0,6,2,0.3333,0,0,2,1,0.3333,1
3263,3338,2,1939378,581,1,2,2,3,7,3,3,12,3,6,11,0.0889,0,1,2,0,0.0889,1
3759,1627,4,3880395,2385,0,3,5,1,8,2,4,18,2,11,8,0.5111,2,5,3,0,0.6644,2
1359,3086,4,21219336,6876,3,2,4,1,7,2,5,18,0,2,9,0.3444,1,0,2,1,0.3444,2
1608,618,5,838008,1356,2,2,6,1,9,3,3,18,3,7,1,0.1667,0,0,2,0,0.1667,2
855,1407,1,987714,702,3,0,5,2,9,3,3,8,1,7,2,0.3333,0,4,3,0,0.4333,1
3265,1788,2,11990328,6706,1,2,6,4,12,1,4,14,0,2,8,0.5111,1,0,2,1,0.5111,2
1254,3125,5,25059375,8019,0,2,3,2,7,1,3,18,1,13,8,0.5111,0,4,2,0,0.5111,2
4281,1843,5,4511664,2448,2,0,5,2,9,0,2,14,2,6,8,0.5111,0,0,2,1,0.5111,2
1033,1630,4,9543650,5855,1,3,4,1,7,3,1,13,1,4,9,0.3444,1,1,2,0,0.3444,2
4357,1593,2,4374378,2746,0,1,6,4,12,1,0,5,2,6,6,0.8444,0,0,2,1,0.8444,1
3029,1390,3,7613030,5477,2,1,1,4,7,2,1,9,3,6,9,0.3444,0,2,2,2,0.3444,2
4091,1106,1,9698514,8769,1,1,2,3,7,0,3,9,0,0,1,0.1667,0,4,2,0,0.1667,1
4526,3717,5,9013725,2425,3,2,4,4,10,2,4,18,0,3,5,0.7556,1,0,2,1,0.7556,2
4757,2867,4,977647,341,3,3,5,4,11,2,0,11,3,0,4,0.6667,0,4,2,0,0.6667,2
4644,630,5,682920,1084,1,1,6,3,11,1,3,17,3,0,1,0.1667,0,4,2,0,0.1667,2
4744,1568,5,4617760,2945,1,0,4,1,7,1,5,18,2,0,10,0.1778,0,2,1,1,0.1245,1
4226,1801,4,3448915,1915,1,2,1,1,4,1,1,12,2,7,12,0.0,0,4,3,0,0.0,1
3133,1093,1,629568,576,3,0,5,2,9,3,5,12,0,3,5,0.7556,1,1,2,1,0.7556,2
1151,3794,1,14117474,3721,2,0,5,3,10,1,3,8,3,0,11,0.0889,0,1,1,0,0.0622,1
972,3420,1,25225920,7376,2,0,5,2,9,0,2,6,2,8,7,0.6778,0,1,1,0,0.4745,1
1640,682,2,5095222,7471,2,1,3,1,6,3,4,13,2,10,12,0.0,0,2,2,1,0.0,1
4059,2421,1,1234710,510,0,1,4,4,10,3,4,11,0,3,2,0.3333,1,3,2,2,0.3333,2
1379,1633,1,2315594,1418,1,3,3,3,8,2,0,5,0,4,5,0.7556,1,3,2,2,0.7556,2
2349,3242,3,11894898,3669,0,3,1,1,4,3,0,9,0,6,3,0.5,0,0,2,1,0.5,1
2503,3498,4,7209378,2061,1,2,1,1,4,2,1,12,3,6,12,0.0,0,1,2,0,0.0,1
3040,2442,1,5946270,2435,1,3,3,3,8,2,1,7,0,6,9,0.3444,0,1,2,0,0.3444,1
2841,2682,4,10408842,3881,0,1,4,3,9,2,0,9,0,9,1,0.1667,0,1,2,0,0.1667,1
2664,1619,1,3401519,2101,2,2,3,3,8,3,1,6,1,6,12,0.0,0,0,2,1,0.0,0
4028,1839,3,3727653,2027,2,1,2,3,7,1,2,11,0,2,4,0.6667,1,5,3,0,0.8667,2
3809,3702,1,22041708,5954,3,1,5,4,11,2,1,5,0,2,4,0.6667,1,4,2,0,0.6667,2
4954,2771,1,6769553,2443,0,3,6,3,11,3,3,11,0,9,11,0.0889,0,1,2,0,0.0889,1
2367,1664,3,2392832,1438,0,0,1,1,4,1,3,12,1,4,9,0.3444,1,3,2,2,0.3444,2
1434,626,4,1302080,2080,1,3,5,4,11,3,4,18,0,0,7,0.6778,0,1,1,0,0.4745,2
4557,3807,5,5870394,1542,2,2,5,2,9,3,2,16,1,11,7,0.6778,2,5,3,0,0.8811,2
4676,1489,1,13347396,8964,2,3,1,2,5,3,1,7,3,6,2,0.3333,0,4,2,0,0.3333,1
4590,1514,2,3424668,2262,3,1,1,3,6,3,3,11,0,10,7,0.6778,0,4,2,0,0.6778,2
2780,3446,2,17526356,5086,1,1,5,2,9,0,2,9,2,3,3,0.5,1,3,2,2,0.5,2
2663,1221,3,5350422,4382,1,3,6,1,9,1,0,9,3,0,8,0.5111,0,0,1,0,0.3578,1
4533,3785,5,17793285,4701,2,1,2,3,7,3,4,18,2,5,12,0.0,2,4,3,0,0.0,2
950,3618,1,25846992,7144,3,0,5,2,9,1,2,6,2,13,3,0.5,0,2,2,1,0.5,1
2493,1865,3,4315610,2314,2,0,6,2,10,0,1,8,2,0,9,0.3444,0,0,1,0,0.2411,1
3318,3883,1,2162831,557,0,2,4,3,9,1,2,8,1,10,9,0.3444,0,0,2,0,0.3444,1
4601,1611,5,3230055,2005,2,1,4,4,10,1,5,18,0,0,12,0.0,0,1,1,0,0.0,1
3652,3817,4,22470679,5887,1,3,6,3,11,0,2,15,3,0,8,0.5111,0,0,1,0,0.3578,2
807,3782,3,6157096,1628,0,1,3,2,7,1,1,9,1,7,2,0.3333,0,4,3,0,0.4333,1
3870,3279,5,7522026,2294,3,2,5,4,11,1,3,18,3,10,5,0.7556,0,0,2,0,0.7556,2
2017,2220,4,2157840,972,3,0,5,2,9,1,0,8,3,1,6,0.8444,0,2,2,1,0.8444,2
2872,3976,1,14174440,3565,0,2,5,2,9,2,4,12,2,3,11,0.0889,1,2,2,2,0.0889,2
882,1481,2,3478869,2349,0,0,3,1,6,0,1,6,1,1,2,0.3333,0,4,2,0,0.3333,1
1164,2001,2,1100550,550,1,1,2,4,8,2,5,15,0,6,12,0.0,0,0,2,1,0.0,1
4149,504,3,2019528,4007,1,2,6,4,12,2,3,14,0,12,3,0.5,0,2,2,1,0.5,2
4671,2463,3,3430959,1393,0,2,1,2,5,1,2,12,0,9,4,0.6667,0,2,2,1,0.6667,2
1698,1377,2,933606,678,2,0,2,3,7,1,2,8,2,12,3,0.5,0,1,2,0,0.5,2
3102,2067,4,1686672,816,1,0,4,1,7,3,0,8,3,1,4,0.6667,0,2,2,1,0.6667,2
2215,2249,3,11649820,5180,0,0,3,2,7,3,2,10,0,2,1,0.1667,1,1,2,1,0.1667,1
2087,1313,2,850824,648,0,3,4,3,9,3,4,15,1,1,5,0.7556,0,1,2,0,0.7556,2
700,2961,4,2398410,810,3,1,3,1,6,1,2,13,1,8,3,0.5,0,4,1,0,0.35,2
4265,1811,4,9708771,5361,0,2,4,3,9,1,4,18,0,0,5,0.7556,0,0,1,0,0.5289,2
4320,1856,1,8730624,4704,3,3,1,2,5,1,0,5,0,7,9,0.3444,0,0,2,0,0.3444,1
4532,2707,2,1377863,509,1,0,4,3,9,0,2,8,1,13,11,0.0889,0,2,2,1,0.0889,1
2155,3017,1,12381768,4104,0,1,4,3,9,0,5,13,0,12,12,0.0,0,0,2,0,0.0,0
1526,956,1,345116,361,1,3,6,3,11,0,5,15,1,3,11,0.0889,1,3,2,2,0.0889,2
2160,1564,4,9348028,5977,2,2,1,2,5,2,4,18,1,0,2,0.3333,0,1,1,0,0.2333,1
2245,2004,2,2797584,1396,1,3,3,3,8,1,0,7,1,7,1,0.1667,0,0,2,0,0.1667,1
2138,2473,1,2356769,953,1,3,6,3,11,0,3,11,1,11,11,0.0889,2,4,3,0,0.1156,2
3305,996,4,4116468,4133,3,3,4,2,8,1,4,18,2,6,4,0.6667,0,0,2,1,0.6667,2
3526,1752,3,8013648,4574,3,3,3,1,6,0,2,13,2,0,9,0.3444,0,0,1,0,0.2411,1
1301,3554,2,5412742,1523,1,0,4,1,7,2,0,4,2,11,3,0.5,2,1,2,0,0.5,2
2753,3179,5,2813415,885,0,0,5,2,9,1,4,18,3,8,5,0.7556,0,0,0,0,0.3022,2
3815,2998,1,7339104,2448,1,3,1,2,5,0,1,7,0,10,12,0.0,0,2,2,1,0.0,1
1695,1387,2,5271987,3801,0,2,5,2,9,1,5,16,1,4,12,0.0,1,4,2,0,0.0,1
1543,854,2,5187196,6074,0,0,1,2,5,0,4,12,2,2,2,0.3333,1,4,2,0,0.3333,1
1809,1457,3,1934896,1328,1,2,2,4,8,2,2,12,1,4,8,0.5111,1,5,3,0,0.6644,2
4828,1234,3,2709864,2196,0,1,5,1,8,3,2,11,3,7,12,0.0,0,0,2,0,0.0,1
3770,1829,4,898039,491,2,2,6,1,9,1,2,14,3,3,5,0.7556,1,3,2,2,0.7556,2
2711,1154,2,4569840,3960,3,2,6,3,11,1,2,10,3,1,2,0.3333,0,1,2,0,0.3333,1
4585,1816,5,5226448,2878,0,0,3,2,7,0,2,14,1,6,1,0.1667,0,0,2,1,0.1667,1
3153,2179,3,2061334,946,3,2,2,4,8,3,5,18,1,12,2,0.3333,0,1,2,0,0.3333,2
3375,1072,5,2230832,2081,2,3,3,3,8,3,0,13,1,8,1,0.1667,0,0,0,0,0.0667,1
2012,3139,5,7364094,2346,0,0,5,2,9,3,3,16,1,1,10,0.1778,0,3,2,2,0.1778,2
3384,3984,3,14852352,3728,0,0,4,4,10,2,0,6,0,12,6,0.8444,0,2,2,1,0.8444,2
3034,3268,4,18137400,5550,2,0,6,1,9,3,1,10,3,6,1,0.1667,0,2,2,2,0.1667,1
1541,2703,4,6030393,2231,0,3,2,1,5,1,3,17,2,11,9,0.3444,2,5,3,0,0.4477,2
4864,3801,2,6674556,1756,0,1,4,2,8,2,4,13,3,3,5,0.7556,1,3,2,2,0.7556,2
1032,1576,5,2308840,1465,0,2,3,1,6,0,1,14,1,6,7,0.6778,0,1,2,0,0.6778,2
2373,3248,2,5979568,1841,0,0,5,2,9,3,0,4,2,2,10,0.1778,1,4,2,0,0.1778,1
1458,1823,2,8704825,4775,0,0,1,4,7,1,2,8,1,3,1,0.1667,1,3,2,2,0.1667,1
2408,1711,1,5974812,3492,1,3,4,1,7,2,1,7,0,8,1,0.1667,0,0,0,0,0.0667,0
1724,1621,5,3789898,2338,1,2,5,2,9,2,0,12,1,8,2,0.3333,0,4,1,0,0.2333,1
3265,2159,1,4447540,2060,1,3,2,4,8,3,4,13,2,13,4,0.6667,0,1,2,0,0.6667,2
2417,536,4,4754320,8870,2,3,4,2,8,3,1,13,1,0,2,0.3333,0,2,1,1,0.2333,1
4167,1398,4,1514034,1083,1,2,4,3,9,2,2,14,0,2,11,0.0889,1,1,2,1,0.0889,2
4966,2691,4,2349243,873,1,1,3,2,7,1,2,13,2,6,12,0.0,0,1,2,0,0.0,1
3086,3469,2,1297406,374,1,1,3,1,6,1,2,9,2,7,7,0.6778,0,0,2,0,0.6778,2
894,420,2,774900,1845,2,2,6,1,9,2,3,12,3,4,3,0.5,1,4,2,0,0.5,2
2591,920,1,556600,605,2,2,5,2,9,0,1,6,0,6,3,0.5,0,2,2,2,0.5,2
3365,2514,4,2325450,925,3,3,2,2,6,0,4,18,0,6,2,0.3333,0,2,2,2,0.3333,2
3933,3754,2,2834270,755,3,0,6,2,10,3,2,8,1,1,3,0.5,0,4,2,0,0.5,2
3647,2827,5,8811759,3117,1,2,2,3,7,1,3,18,0,12,6,0.8444,0,0,2,0,0.8444,2
2765,3708,5,2195136,592,3,3,4,1,7,2,0,13,0,3,6,0.8444,1,2,2,2,0.8444,2
3678,3086,4,6264580,2030,2,1,4,3,9,2,5,18,0,1,12,0.0,0,1,2,0,0.0,1
2365,1067,5,7174508,6724,2,3,2,2,6,2,3,18,2,7,8,0.5111,0,4,3,0,0.6644,2
3013,1713,2,3532206,2062,2,1,3,2,7,0,0,5,3,1,1,0.1667,0,2,2,1,0.1667,1
2766,734,3,5421324,7386,3,1,4,3,9,2,2,11,2,12,9,0.3444,0,1,2,0,0.3444,1
2394,2292,1,3923904,1712,1,2,2,4,8,3,5,14,1,0,4,0.6667,0,1,1,0,0.4667,2
4038,1772,1,2044888,1154,1,1,5,2,9,3,3,9,0,10,2,0.3333,0,4,2,0,0.3333,1
1109,1975,5,4550400,2304,0,1,1,2,5,3,1,13,0,1,4,0.6667,0,4,2,0,0.6667,2
1301,3389,2,7123678,2102,1,1,3,3,8,2,0,5,1,5,5,0.7556,2,5,3,0,0.9823,2
2518,2720,1,6038400,2220,2,1,6,4,12,3,4,11,0,4,2,0.3333,1,5,3,0,0.4333,1
3425,514,1,986880,1920,0,0,1,3,6,3,5,12,3,2,12,0.0,1,4,2,0,0.0,1
1288,576,1,1899072,3297,2,1,4,3,9,1,4,11,1,0,2,0.3333,0,1,1,0,0.2333,1
1379,3463,3,7327708,2116,0,3,6,3,11,2,3,15,3,0,3,0.5,0,0,1,0,0.35,2
791,1418,4,1338592,944,2,3,2,2,6,2,1,13,3,12,12,0.0,0,0,2,0,0.0,1
3311,3899,1,14282037,3663,1,0,5,2,9,2,3,8,3,4,2,0.3333,1,4,2,0,0.3333,1
2336,1446,3,5630724,3894,0,0,5,1,8,2,4,14,3,0,2,0.3333,0,2,1,1,0.2333,2
698,2494,3,8252646,3309,1,0,5,3,10,2,1,8,1,0,5,0.7556,0,4,2,0,0.7556,2
3909,1805,3,11246955,6231,3,3,4,2,8,2,4,17,0,6,10,0.1778,0,3,2,2,0.1778,1
3023,3975,5,5545125,1395,0,0,2,3,7,3,3,16,3,10,5,0.7556,0,2,2,1,0.7556,2
3774,801,2,3719043,4643,3,2,3,2,7,3,5,16,3,6,2,0.3333,0,4,2,0,0.3333,2
3403,1509,3,973305,645,1,3,4,1,7,0,3,15,1,7,7,0.6778,0,0,2,0,0.6778,2
2413,3663,3,17542107,4789,3,2,5,2,9,1,1,10,2,7,5,0.7556,0,0,2,0,0.7556,2
1566,1289,1,6608703,5127,1,1,6,4,12,2,5,13,0,9,3,0.5,0,4,2,0,0.5,1
3523,557,1,2509842,4506,2,1,4,4,10,2,1,5,0,6,1,0.1667,0,4,2,0,0.1667,0
866,3317,3,5283981,1593,0,1,2,4,8,2,4,15,0,0,6,0.8444,0,2,1,1,0.5911,2
2828,2946,3,7506408,2548,2,1,2,4,8,3,2,11,2,1,3,0.5,0,2,2,1,0.5,2
4347,3236,5,8200024,2534,3,3,1,3,6,2,1,15,0,12,8,0.5111,0,1,2,0,0.5111,2
4123,2163,4,923601,427,0,0,3,2,7,2,4,16,2,2,11,0.0889,1,1,2,1,0.0889,2
3556,2321,1,9653039,4159,2,1,4,3,9,2,4,11,1,12,9,0.3444,0,1,2,0,0.3444,1
4202,1366,5,2559884,1874,0,1,6,3,11,0,5,18,0,2,12,0.0,1,0,2,1,0.0,1
958,2210,4,5726110,2591,1,1,1,1,4,0,4,17,3,6,12,0.0,0,1,2,0,0.0,1
4834,880,1,390720,444,0,0,1,4,7,3,2,6,1,0,3,0.5,0,1,1,0,0.35,2
1197,1932,1,2834244,1467,1,2,5,4,11,1,3,10,1,8,7,0.6778,0,0,0,0,0.2711,1
2808,2717,4,16579134,6102,0,0,6,4,12,1,3,14,0,5,7,0.6778,2,4,3,0,0.8811,2
1197,2059,2,1898398,922,1,1,1,3,6,1,4,13,0,3,3,0.5,1,3,2,2,0.5,2
3990,3840,3,20916480,5447,3,2,4,4,10,1,3,14,0,11,5,0.7556,2,5,3,0,0.9823,2
4898,2056,2,6793024,3304,1,1,4,2,8,2,3,11,3,9,2,0.3333,0,0,2,1,0.3333,1
733,720,2,1532880,2129,1,0,1,1,4,3,1,6,3,9,2,0.3333,0,2,2,1,0.3333,1
3864,1739,4,4891807,2813,1,3,3,4,9,1,1,13,1,8,5,0.7556,0,0,0,0,0.3022,1
4879,2087,1,7469373,3579,3,2,5,1,8,2,1,6,3,8,3,0.5,0,1,1,0,0.35,1
3478,1626,5,2460138,1513,3,3,6,3,11,1,0,13,1,6,2,0.3333,0,2,2,2,0.3333,1
1666,3286,2,16242698,4943,0,2,2,4,8,0,0,6,2,4,10,0.1778,1,3,2,2,0.1778,2
1389,3875,2,34344125,8863,0,1,1,4,7,1,5,15,3,3,1,0.1667,1,3,2,2,0.1667,2
4388,3111,2,1847934,594,1,3,6,1,9,1,0,7,2,10,4,0.6667,0,4,2,0,0.6667,2
2547,1708,3,4925872,2884,2,3,3,2,7,1,5,18,3,8,10,0.1778,0,1,1,0,0.1245,1
655,3724,2,24533712,6588,1,1,6,4,12,0,3,11,2,4,5,0.7556,1,3,2,2,0.7556,2
2515,567,5,1151010,2030,3,0,6,2,10,0,3,16,1,10,5,0.7556,0,2,2,1,0.7556,2
3111,2900,1,1334000,460,2,0,3,2,7,2,4,10,0,7,1,0.1667,0,0,2,0,0.1667,1
4249,1197,4,949221,793,3,1,1,2,5,2,3,15,0,7,12,0.0,0,0,2,0,0.0,1
3847,2992,2,16276480,5440,2,0,3,1,6,3,4,12,1,13,9,0.3444,0,2,2,1,0.3444,1
2129,3365,1,1763260,524,2,2,4,1,7,3,2,8,0,1,12,0.0,0,1,2,0,0.0,1
3347,981,5,2012031,2051,2,1,6,1,9,0,1,13,1,6,8,0.5111,0,0,2,1,0.5111,1
3879,3941,4,5028716,1276,3,2,6,2,10,3,4,18,0,4,7,0.6778,1,1,2,0,0.6778,2
2406,3347,4,6988536,2088,0,3,1,2,5,1,3,17,1,10,7,0.6778,0,4,2,0,0.6778,2
1382,939,5,3864924,4116,2,0,2,1,5,0,5,18,2,7,4,0.6667,0,2,2,1,0.6667,2
1516,1116,3,728748,653,1,0,6,3,11,1,0,6,2,10,6,0.8444,0,2,2,1,0.8444,2
1489,1192,3,394552,331,0,1,4,2,8,2,1,9,2,9,10,0.1778,0,0,2,1,0.1778,2
1729,3359,4,8068318,2402,0,0,2,1,5,3,4,16,3,12,12,0.0,0,2,2,1,0.0,2
1762,3076,3,15355392,4992,3,3,2,1,5,0,1,11,1,9,6,0.8444,0,0,2,1,0.8444,2
3355,3049,1,4777783,1567,2,0,1,2,5,2,4,10,2,9,12,0.0,0,4,2,0,0.0,1
4016,930,2,357120,384,1,0,5,1,8,3,1,6,1,7,12,0.0,0,2,2,1,0.0,1
3063,3141,2,1353771,431,3,2,2,2,6,0,5,16,3,8,1,0.1667,0,0,0,0,0.0667,2
2490,781,2,4917957,6297,2,2,6,4,12,1,4,14,0,1,6,0.8444,0,1,2,0,0.8444,2
1893,2865,1,7168230,2502,1,2,2,2,6,1,1,6,1,6,9,0.3444,0,1,2,0,0.3444,1
1859,1253,1,969822,774,3,0,3,1,6,1,5,12,1,6,12,0.0,0,0,2,1,0.0,1
3781,1114,4,8416270,7555,3,3,4,4,10,2,5,18,2,10,11,0.0889,0,2,2,1,0.0889,2
4900,2828,1,1063328,376,3,3,5,4,11,0,1,7,1,8,6,0.8444,0,0,0,0,0.3378,2
3748,1865,4,619180,332,0,1,6,2,10,1,4,17,1,7,7,0.6778,0,0,2,0,0.6778,2
3560,2599,5,9127688,3512,1,2,2,1,5,2,2,16,3,0,5,0.7556,0,0,1,0,0.5289,2
2824,2510,3,10004860,3986,0,2,1,2,5,1,2,12,3,7,3,0.5,0,0,2,0,0.5,2
3870,1694,4,3576034,2111,1,1,6,2,10,3,0,9,1,3,2,0.3333,1,3,2,2,0.3333,2
1936,2274,2,10899282,4793,1,3,1,2,5,0,0,7,1,6,11,0.0889,0,0,2,1,0.0889,0
4676,3075,5,12330750,4010,2,0,3,2,7,1,5,18,1,11,5,0.7556,2,5,3,0,0.9823,2
1330,1194,3,871620,730,0,0,3,1,6,2,4,14,2,6,1,0.1667,0,0,2,1,0.1667,2
4736,1590,2,3855750,2425,1,2,3,1,6,2,0,6,0,0,4,0.6667,0,4,2,0,0.6667,2
3722,3864,5,4432008,1147,3,2,3,4,9,0,5,18,3,5,2,0.3333,2,4,3,0,0.4333,2
2645,3448,5,7013232,2034,3,2,6,2,10,3,5,18,3,1,11,0.0889,0,3,2,2,0.0889,2
4821,2753,1,22987550,8350,2,3,1,2,5,3,0,5,0,6,11,0.0889,0,3,2,2,0.0889,1
4277,2881,1,10676986,3706,1,1,1,2,5,1,1,5,0,12,6,0.8444,0,4,2,0,0.8444,1
4070,471,2,1104024,2344,1,2,3,3,8,1,0,6,3,6,8,0.5111,0,0,2,1,0.5111,1
923,2831,1,4883475,1725,0,1,4,3,9,0,4,11,3,3,1,0.1667,1,2,2,2,0.1667,2
1638,3225,1,10455450,3242,2,3,4,4,10,0,3,11,0,1,4,0.6667,0,1,2,0,0.6667,2
4253,3575,4,18926050,5294,0,1,2,2,6,3,3,15,2,0,1,0.1667,0,2,1,1,0.1167,1
1781,948,3,2792808,2946,1,2,5,4,11,2,4,16,3,4,4,0.6667,1,1,2,0,0.6667,2
708,716,4,4180008,5838,1,3,2,2,6,2,5,18,0,0,3,0.5,0,1,1,0,0.35,2
3401,2007,2,4387302,2186,2,0,1,3,6,0,0,4,0,9,8,0.5111,0,2,2,1,0.5111,1
4559,3567,5,9295602,2606,0,0,4,3,9,3,0,10,3,12,12,0.0,0,2,2,1,0.0,1
843,3032,5,20414456,6733,3,1,2,2,6,1,3,17,0,8,9,0.3444,0,0,0,0,0.1378,1
2213,1259,2,10461031,8309,3,0,3,4,9,0,2,8,2,10,4,0.6667,0,2,2,1,0.6667,2
3023,481,4,3935542,8182,3,1,1,4,7,0,3,15,0,9,10,0.1778,0,0,2,1,0.1778,1
3417,2440,1,4411520,1808,0,1,3,3,8,1,0,3,1,6,2,0.3333,0,1,2,0,0.3333,1
870,1943,2,4317346,2222,2,3,2,3,7,2,1,9,1,0,12,0.0,0,2,1,1,0.0,1
2858,686,4,598192,872,1,2,2,1,5,3,4,18,3,10,10,0.1778,0,2,2,1,0.1778,2
2891,726,3,6420018,8843,2,0,6,1,9,2,2,10,3,4,12,0.0,1,0,2,1,0.0,1
1669,3975,2,11690475,2941,2,3,5,3,10,0,3,13,1,6,4,0.6667,0,2,2,2,0.6667,2
2159,2141,4,3738186,1746,1,3,5,2,9,2,5,18,2,6,7,0.6778,0,0,2,1,0.6778,2
2501,2405,3,11411725,4745,1,2,1,4,7,1,1,10,3,12,10,0.1778,0,0,2,0,0.1778,1
4900,2149,5,1076649,501,2,2,4,2,8,1,1,14,0,1,2,0.3333,0,2,2,1,0.3333,2
4588,2507,5,7691476,3068,0,0,1,2,5,2,0,10,1,0,11,0.0889,0,1,1,0,0.0622,1
3999,832,1,4126720,4960,3,0,6,1,9,3,0,2,0,7,7,0.6778,0,4,3,0,0.8811,2
4512,2375,1,4693000,1976,3,1,5,1,8,3,0,3,3,0,3,0.5,0,4,2,0,0.5,2
3964,445,2,305715,687,2,0,3,3,8,3,3,10,1,8,12,0.0,0,1,1,0,0.0,1
3759,1112,4,1001912,901,0,1,4,1,7,0,5,18,2,2,3,0.5,1,5,3,0,0.65,2
4086,2479,1,6472669,2611,2,0,5,1,8,2,5,12,0,2,1,0.1667,1,1,2,1,0.1667,1
4651,3763,1,11827109,3143,0,2,3,1,6,1,5,14,1,8,10,0.1778,0,1,1,0,0.1245,1
1959,735,5,1801485,2451,1,0,3,2,7,3,0,10,0,8,9,0.3444,0,0,0,0,0.1378,1
4098,1844,2,1974924,1071,0,3,5,1,8,1,0,7,0,6,2,0.3333,0,1,2,0,0.3333,1
3285,1593,5,1492641,937,0,0,3,2,7,2,3,16,0,7,1,0.1667,0,2,2,1,0.1667,1
3220,3046,2,1967716,646,1,1,1,2,5,2,2,9,0,4,9,0.3444,1,1,2,0,0.3444,2
2572,3066,3,6021624,1964,0,2,6,3,11,1,0,8,0,0,9,0.3444,0,1,1,0,0.2411,1
2882,1395,3,3293595,2361,3,2,1,1,4,1,1,10,3,6,3,0.5,0,1,2,0,0.5,2
1794,3538,5,6311792,1784,0,3,2,4,8,3,4,18,3,5,5,0.7556,2,5,3,0,0.9823,2
2586,3033,2,2681172,884,3,2,1,3,6,1,4,14,1,2,1,0.1667,1,0,2,1,0.1667,2
1200,1840,4,5429840,2951,0,0,2,4,8,1,0,8,1,9,12,0.0,0,4,2,0,0.0,1
2924,3700,3,15832300,4279,2,0,1,2,5,1,2,10,1,7,11,0.0889,0,4,3,0,0.1156,1
3732,3973,3,10147042,2554,1,0,6,1,9,1,0,6,2,4,4,0.6667,1,4,2,0,0.6667,2
1930,3317,1,1247192,376,0,0,6,3,11,0,0,2,3,5,6,0.8444,2,4,3,0,1.0,2
2010,2305,4,17564100,7620,1,0,3,3,8,3,4,16,3,3,11,0.0889,1,0,2,1,0.0889,2
3998,3150,5,3562650,1131,0,2,4,2,8,1,4,18,2,6,11,0.0889,0,4,2,0,0.0889,2
1529,3412,1,23239132,6811,0,0,2,2,6,1,1,4,0,6,4,0.6667,0,3,2,2,0.6667,2
1127,1316,5,4923156,3741,2,3,2,3,7,2,1,15,1,4,7,0.6778,1,5,3,0,0.8811,2
1290,927,2,1681578,1814,1,0,2,1,5,2,1,6,3,10,5,0.7556,0,2,2,1,0.7556,2
1015,1871,5,14101727,7537,2,3,2,1,5,3,0,13,0,2,1,0.1667,1,4,2,0,0.1667,1
2356,2773,1,16571448,5976,3,0,4,2,8,1,3,8,2,0,7,0.6778,0,1,1,0,0.4745,1
1334,2868,5,2546784,888,0,0,5,4,11,2,5,18,3,10,9,0.3444,0,4,2,0,0.3444,2
1654,780,4,3696420,4739,2,3,1,2,5,3,3,17,1,0,12,0.0,0,1,1,0,0.0,1
2967,3027,3,10688337,3531,3,0,3,4,9,2,0,6,3,5,9,0.3444,2,4,3,0,0.4477,2
807,2337,5,15099357,6461,2,0,4,2,8,0,0,10,2,0,11,0.0889,0,0,1,0,0.0622,1
4116,1559,3,5852486,3754,1,0,5,3,10,1,2,10,1,9,4,0.6667,0,1,2,0,0.6667,2
4096,1146,5,8471232,7392,2,3,6,2,10,0,2,17,3,6,4,0.6667,0,1,2,0,0.6667,2
3940,3143,5,22271298,7086,3,0,3,1,6,2,0,10,1,8,11,0.0889,0,0,0,0,0.0356,0
3844,1440,2,2234880,1552,1,2,6,3,11,0,5,16,1,7,1,0.1667,0,0,2,0,0.1667,1
1294,3700,5,30495400,8242,1,3,6,4,12,0,0,13,0,8,10,0.1778,0,0,0,0,0.0711,1
2468,2071,3,9559736,4616,0,0,4,1,7,3,4,14,2,6,8,0.5111,0,0,2,1,0.5111,2
3933,488,3,2541992,5209,3,0,2,4,8,1,4,14,2,9,2,0.3333,0,0,2,1,0.3333,1
1487,1843,2,8739506,4742,1,2,5,1,8,0,4,14,0,0,12,0.0,0,1,1,0,0.0,1
4532,941,2,1074622,1142,2,2,4,2,8,0,0,6,0,0,11,0.0889,0,1,1,0,0.0622,0
4608,3194,3,7905150,2475,0,1,4,1,7,3,3,13,0,13,10,0.1778,0,0,2,0,0.1778,1
4158,2435,3,2834340,1164,2,1,6,3,11,3,0,7,0,4,5,0.7556,1,1,2,0,0.7556,2
3950,1450,2,11018550,7599,1,0,5,3,10,0,1,6,3,12,1,0.1667,0,4,2,0,0.1667,1
2173,1471,3,9973380,6780,0,2,3,4,9,2,5,18,3,12,4,0.6667,0,0,2,0,0.6667,2
4140,1001,3,2475473,2473,2,3,6,4,12,3,3,15,0,1,10,0.1778,0,4,2,0,0.1778,1
1812,2001,2,9788892,4892,0,3,4,1,7,0,3,13,0,11,6,0.8444,2,5,3,0,1.0,2
1961,3075,5,9031275,2937,2,2,5,1,8,3,0,12,1,3,4,0.6667,1,3,2,2,0.6667,2
3188,1445,1,8249505,5709,0,3,2,3,7,0,1,7,2,7,10,0.1778,0,2,2,1,0.1778,1
827,2728,4,3936504,1443,3,2,6,3,11,3,2,14,1,12,1,0.1667,0,0,2,0,0.1667,1
3704,659,2,674157,1023,2,2,1,3,6,3,3,12,1,10,9,0.3444,0,2,2,1,0.3444,1
4096,3193,5,3097210,970,2,3,5,3,10,0,3,18,3,10,3,0.5,0,2,2,1,0.5,2
2025,624,1,3579888,5737,3,2,3,4,9,0,1,6,0,8,1,0.1667,0,1,1,0,0.1167,0
2302,1273,5,2417427,1899,2,1,3,3,8,3,4,18,3,7,1,0.1667,0,0,2,0,0.1667,1
1789,3460,1,1418600,410,2,0,6,4,12,1,0,2,1,10,7,0.6778,0,0,2,0,0.6778,2
1316,3727,3,6246452,1676,1,3,5,4,11,1,0,9,1,7,3,0.5,0,1,2,0,0.5,2
833,1791,5,3222009,1799,3,0,3,3,8,2,1,12,2,2,1,0.1667,1,5,3,0,0.2167,2
4897,3329,2,7966297,2393,3,2,2,4,8,0,2,10,2,12,12,0.0,0,0,2,0,0.0,1
3015,1859,4,9196473,4947,0,3,6,2,10,1,2,15,1,6,11,0.0889,0,0,2,1,0.0889,1
1830,3066,2,7303212,2382,2,0,6,4,12,3,0,4,0,3,1,0.1667,1,2,2,2,0.1667,1
3517,3352,4,1297224,387,2,0,3,2,7,3,0,8,2,9,10,0.1778,0,2,2,1,0.1778,2
2032,2950,4,12915100,4378,2,3,6,3,11,2,2,15,2,0,1,0.1667,0,2,1,1,0.1167,2
834,2796,4,2359824,844,1,0,4,3,9,2,5,18,3,4,4,0.6667,1,5,3,0,0.8667,2
3270,3952,4,5781776,1463,1,3,5,4,11,0,5,18,0,1,6,0.8444,0,1,2,0,0.8444,2
2798,2687,2,17981404,6692,1,0,1,1,4,0,0,4,3,1,8,0.5111,0,1,2,0,0.5111,1
2393,3123,3,2464047,789,2,1,6,3,11,2,5,17,2,12,11,0.0889,0,1,2,0,0.0889,2
1355,1846,4,15111356,8186,3,0,5,3,10,3,4,16,1,0,5,0.7556,0,0,1,0,0.5289,2
4620,2093,3,1716260,820,2,1,5,1,8,2,0,7,0,9,9,0.3444,0,4,2,0,0.3444,1
1594,2538,3,8020080,3160,3,3,2,1,5,3,4,17,2,3,8,0.5111,1,3,2,2,0.5111,2
1315,3226,2,3935720,1220,1,0,2,3,7,1,2,8,3,3,9,0.3444,1,2,2,2,0.3444,2
872,1577,1,5927943,3759,2,3,4,1,7,3,1,7,3,8,1,0.1667,0,1,1,0,0.1167,1
4823,2950,2,3855650,1307,1,2,2,4,8,1,4,14,1,6,11,0.0889,0,1,2,0,0.0889,1
4554,2609,5,20731114,7946,3,0,6,3,11,0,3,16,1,5,10,0.1778,2,4,3,0,0.2311,2
681,3303,2,10259118,3106,2,3,1,1,4,2,1,9,1,11,2,0.3333,2,4,3,0,0.4333,2
4259,3338,1,8341662,2499,2,0,4,3,9,0,4,10,3,5,4,0.6667,2,5,3,0,0.8667,2
2430,3795,4,6682995,1761,3,1,3,1,6,2,4,17,3,0,6,0.8444,0,1,1,0,0.5911,2
4526,1777,3,15580736,8768,1,0,2,1,5,1,0,6,1,7,9,0.3444,0,2,2,1,0.3444,1
2350,3978,1,3361410,845,3,0,4,1,7,1,3,8,3,6,5,0.7556,0,1,2,0,0.7556,2
2541,3548,4,7042780,1985,1,0,2,3,7,1,4,16,2,0,2,0.3333,0,1,1,0,0.2333,1
931,1821,1,6404457,3517,3,2,4,3,9,3,1,6,2,6,2,0.3333,0,3,2,2,0.3333,1
3175,1349,3,3098653,2297,1,0,6,4,12,1,2,10,1,9,3,0.5,0,0,2,1,0.5,1
4078,3844,5,4624332,1203,2,2,4,1,7,0,5,18,0,3,11,0.0889,1,3,2,2,0.0889,2
941,532,3,219184,412,3,0,5,2,9,0,2,10,1,11,5,0.7556,2,5,3,0,0.9823,2
1990,1512,3,8438472,5581,2,1,4,4,10,0,2,11,3,0,9,0.3444,0,1,1,0,0.2411,1
2818,1789,3,8758944,4896,0,2,1,3,6,1,0,8,0,12,1,0.1667,0,2,2,1,0.1667,1
1042,3280,4,1902400,580,3,1,3,3,8,1,3,15,0,3,3,0.5,1,2,2,2,0.5,2
4375,2696,3,6305944,2339,2,0,2,4,8,0,3,12,0,6,3,0.5,0,2,2,2,0.5,1
1929,1633,2,2841420,1740,0,1,5,1,8,3,2,9,3,2,5,0.7556,1,0,2,1,0.7556,2
1969,1789,1,2504600,1400,3,0,1,2,5,2,1,4,3,1,10,0.1778,0,2,2,1,0.1778,1
1323,2729,3,6814313,2497,1,2,5,2,9,3,4,16,1,10,2,0.3333,0,2,2,1,0.3333,2
1338,2984,2,5266760,1765,2,2,6,3,11,2,5,16,3,2,5,0.7556,1,5,3,0,0.9823,2
3511,1199,5,4605359,3841,2,1,6,4,12,0,5,18,1,0,4,0.6667,0,4,2,0,0.6667,2
3046,2132,3,1605396,753,0,0,3,3,8,0,2,10,3,10,10,0.1778,0,4,2,0,0.1778,2
4095,2720,1,3968480,1459,3,3,6,3,11,0,2,9,1,11,1,0.1667,2,5,3,0,0.2167,2
3563,3828,1,2997324,783,2,3,2,2,6,1,2,9,2,1,11,0.0889,0,1,2,0,0.0889,1
2742,1184,1,3861024,3261,0,0,5,4,11,1,0,2,2,11,4,0.6667,2,5,3,0,0.8667,2
4579,2702,5,10000102,3701,1,3,4,4,10,1,4,18,0,9,11,0.0889,0,4,2,0,0.0889,1
4480,2236,2,6354712,2842,0,1,6,3,11,3,4,13,3,7,10,0.1778,0,4,3,0,0.2311,1
3329,3850,2,20582100,5346,1,0,2,3,7,1,1,6,3,3,11,0.0889,1,2,2,2,0.0889,1
3467,1910,1,1984490,1039,1,3,1,2,5,3,4,13,1,2,9,0.3444,1,5,3,0,0.4477,2
1982,2430,5,11578950,4765,1,0,2,2,6,0,4,18,2,3,2,0.3333,1,3,2,2,0.3333,2
3266,1215,4,693765,571,0,2,2,1,5,3,0,10,2,0,9,0.3444,0,0,1,0,0.2411,2
4512,655,1,2569565,3923,3,3,3,3,8,1,0,5,0,6,6,0.8444,0,4,2,0,0.8444,1
1191,2581,5,5136190,1990,0,3,4,2,8,1,0,13,3,10,5,0.7556,0,2,2,1,0.7556,2
3445,3166,2,7899170,2495,2,1,2,2,6,1,2,9,2,6,2,0.3333,0,2,2,2,0.3333,1
3336,1133,4,3251710,2870,1,3,5,1,8,3,3,17,2,12,10,0.1778,0,1,2,0,0.1778,2
3783,3317,3,12982738,3914,0,3,5,1,8,3,5,18,1,10,11,0.0889,0,0,2,0,0.0889,1
1129,2406,4,19438074,8079,1,2,4,3,9,0,3,16,2,9,10,0.1778,0,1,2,0,0.1778,2
3415,1274,1,1279096,1004,2,3,4,2,8,0,3,11,3,11,5,0.7556,2,4,3,0,0.9823,2
1188,3631,1,9070238,2498,0,2,3,1,6,1,0,4,3,6,5,0.7556,0,0,2,1,0.7556,2
4395,606,3,877488,1448,0,0,4,1,7,0,1,8,0,7,3,0.5,0,4,3,0,0.65,1
681,2582,1,17449156,6758,2,2,5,1,8,2,0,4,1,5,12,0.0,2,5,3,0,0.0,2
3199,1920,3,942720,491,0,1,3,3,8,0,2,11,1,0,1,0.1667,0,2,1,1,0.1167,2
4276,2413,2,3247898,1346,1,0,5,3,10,1,4,12,1,6,2,0.3333,0,2,2,2,0.3333,1
4867,2292,5,1932156,843,0,1,4,4,10,1,3,17,0,1,5,0.7556,0,4,2,0,0.7556,2
2715,2791,5,2193726,786,0,2,1,3,6,0,3,18,2,4,3,0.5,1,0,2,1,0.5,2
2397,1324,1,1827120,1380,0,3,5,1,8,1,4,13,2,8,9,0.3444,0,1,1,0,0.2411,1
4198,2772,5,13017312,4696,2,3,5,1,8,1,5,18,2,6,1,0.1667,0,2,2,2,0.1667,2
2111,1448,5,1556600,1075,2,0,1,1,4,2,0,10,1,4,2,0.3333,1,3,2,2,0.3333,2
2543,1315,5,1103285,839,1,1,3,4,9,3,3,17,1,10,10,0.1778,0,4,2,0,0.1778,2
4532,2428,3,6817824,2808,1,0,6,2,10,0,3,12,3,0,8,0.5111,0,4,2,0,0.5111,2
651,718,1,588042,819,0,0,4,3,9,3,2,6,2,0,6,0.8444,0,1,1,0,0.5911,2
2125,1389,4,451425,325,2,1,3,2,7,1,4,17,1,8,2,0.3333,0,0,0,0,0.1333,2
3259,655,1,2747070,4194,0,2,2,1,5,2,0,4,0,6,4,0.6667,0,0,2,1,0.6667,1
3716,2378,5,11592750,4875,2,2,1,1,4,0,0,12,1,5,1,0.1667,2,5,3,0,0.2167,2
1840,719,3,3926459,5461,0,3,2,4,8,0,0,9,2,4,5,0.7556,1,5,3,0,0.9823,2
3133,2075,2,8497125,4095,2,0,6,1,9,2,4,12,0,10,7,0.6778,0,1,2,0,0.6778,1
3193,495,5,1938915,3917,0,3,3,2,7,1,1,15,1,11,7,0.6778,2,1,2,0,0.6778,2
1254,2842,2,1020278,359,2,3,5,4,11,0,4,15,0,6,5,0.7556,0,2,2,2,0.7556,2
2796,3866,4,8242312,2132,2,1,4,2,8,3,1,11,1,6,6,0.8444,0,1,2,0,0.8444,2
1658,3938,3,1287726,327,2,0,3,4,9,3,5,16,1,0,2,0.3333,0,4,2,0,0.3333,2
625,3737,4,12728222,3406,2,1,2,3,7,2,3,15,0,6,2,0.3333,0,0,2,1,0.3333,1
3591,1310,1,561990,429,1,1,3,4,9,3,5,13,1,4,8,0.5111,1,4,2,0,0.5111,2
1618,1579,2,7340771,4649,1,0,3,3,8,1,3,10,3,6,7,0.6778,0,4,2,0,0.6778,2
707,3636,5,12264228,3373,2,3,6,2,10,2,2,17,3,7,6,0.8444,0,1,2,0,0.8444,2
3646,1968,4,16914960,8595,0,3,1,4,7,0,0,11,3,9,3,0.5,0,2,2,1,0.5,2
1418,2568,1,14997120,5840,3,3,2,4,8,3,2,9,0,1,10,0.1778,0,1,2,0,0.1778,1
3742,989,4,1810859,1831,1,0,5,1,8,2,3,14,2,6,5,0.7556,0,0,2,1,0.7556,2
3152,3779,4,13517483,3577,2,0,1,3,6,2,2,12,1,9,2,0.3333,0,4,2,0,0.3333,1
4285,1031,1,478384,464,1,3,6,1,9,2,5,15,3,3,3,0.5,1,2,2,2,0.5,2
2220,3005,1,2322865,773,0,2,3,2,7,0,5,14,3,6,9,0.3444,0,2,2,2,0.3444,2
4927,2717,4,3852706,1418,2,1,4,4,10,1,1,11,0,8,7,0.6778,0,0,0,0,0.2711,1
4662,2756,3,1956760,710,3,1,1,4,7,0,5,17,1,8,5,0.7556,0,0,0,0,0.3022,2
3881,1936,2,1961168,1013,0,0,4,4,10,2,5,14,3,1,7,0.6778,0,1,2,0,0.6778,2
2780,2360,2,5151880,2183,3,3,3,2,7,0,5,17,3,8,9,0.3444,0,1,1,0,0.2411,2
4935,2386,5,4521470,1895,3,1,6,2,10,1,1,13,3,8,4,0.6667,0,0,0,0,0.2667,2
4106,2779,3,6611241,2379,1,1,5,3,10,1,4,15,0,10,10,0.1778,0,0,2,0,0.1778,1
724,936,2,1905696,2036,3,3,5,3,10,1,1,9,1,13,8,0.5111,0,2,2,1,0.5111,2
4328,3736,4,33463352,8957,1,1,5,3,10,3,3,15,1,7,6,0.8444,0,1,2,0,0.8444,2
1157,2394,5,1314306,549,2,3,4,1,7,2,4,18,2,7,9,0.3444,0,0,2,0,0.3444,2
1314,1738,2,7781026,4477,2,2,5,2,9,2,0,6,0,6,1,0.1667,0,2,2,2,0.1667,1
975,1141,4,1095360,960,0,2,4,2,8,3,1,12,2,13,6,0.8444,0,2,2,1,0.8444,2
1823,3293,1,3546561,1077,2,0,4,1,7,2,1,4,0,4,1,0.1667,1,4,2,0,0.1667,1
4213,1708,4,2526132,1479,0,1,2,2,6,1,5,18,1,2,1,0.1667,1,4,2,0,0.1667,2
3912,2460,3,4880640,1984,3,3,3,1,6,0,0,9,3,6,9,0.3444,0,0,2,1,0.3444,1
4462,3085,4,1505480,488,2,3,4,3,9,0,1,13,1,8,8,0.5111,0,1,1,0,0.3578,2
1119,2039,1,1492548,732,1,3,4,4,10,2,0,5,2,4,11,0.0889,1,1,2,0,0.0889,1
2998,3996,4,5782212,1447,1,3,6,1,9,0,1,13,2,9,11,0.0889,0,0,2,1,0.0889,1
3502,2949,4,13851453,4697,2,2,1,3,6,2,1,12,0,7,9,0.3444,0,2,2,1,0.3444,1
3522,2790,1,11634300,4170,3,0,1,2,5,2,5,12,0,6,7,0.6778,0,2,2,2,0.6778,2
2820,1274,1,2458820,1930,0,3,2,3,7,3,3,11,3,8,11,0.0889,0,1,1,0,0.0622,1
4596,1090,5,7209260,6614,3,2,4,1,7,3,4,18,0,13,2,0.3333,0,1,2,0,0.3333,1
3016,3592,2,7155264,1992,1,0,1,1,4,3,3,10,0,6,7,0.6778,0,0,2,1,0.6778,1
2008,668,3,1065460,1595,1,2,1,2,5,1,5,18,2,8,3,0.5,0,4,1,0,0.35,2
1578,3513,3,14245215,4055,0,1,6,2,10,3,4,15,2,4,9,0.3444,1,4,2,0,0.3444,2
2441,3935,1,13965315,3549,1,0,2,1,5,3,5,12,3,6,5,0.7556,0,2,2,2,0.7556,2
2485,875,4,1635375,1869,1,1,2,4,8,3,2,13,1,10,12,0.0,0,2,2,1,0.0,1
1406,2334,5,12155472,5208,3,3,4,4,10,2,5,18,1,3,12,0.0,1,3,2,2,0.0,2
3060,3124,3,15360708,4917,1,2,2,4,8,3,3,14,2,0,12,0.0,0,4,2,0,0.0,1
1304,3774,2,1702074,451,0,0,5,2,9,0,4,12,3,2,8,0.5111,1,4,2,0,0.5111,2
3007,1022,5,766500,750,0,3,1,3,6,3,5,18,3,9,6,0.8444,0,0,2,1,0.8444,2
4509,2399,2,4706838,1962,3,0,1,2,5,0,4,12,0,8,12,0.0,0,0,0,0,0.0,0
2968,2239,4,2695756,1204,2,2,4,3,9,3,1,12,0,6,8,0.5111,0,1,2,0,0.5111,1
3938,1561,3,4052356,2596,1,3,4,1,7,2,0,9,3,9,6,0.8444,0,0,2,1,0.8444,2
2318,1665,5,2673990,1606,2,1,4,2,8,3,1,13,1,12,6,0.8444,0,4,2,0,0.8444,2
2069,3320,5,2553080,769,0,1,1,2,5,1,3,17,1,1,6,0.8444,0,2,2,1,0.8444,2
860,2664,1,13122864,4926,3,0,1,2,5,1,1,4,1,9,4,0.6667,0,1,2,0,0.6667,1
3778,1751,1,1586406,906,0,0,6,1,9,3,3,8,1,0,3,0.5,0,2,1,1,0.35,1
4831,2332,3,2173424,932,0,0,1,2,5,2,1,8,0,8,5,0.7556,0,5,1,0,0.5289,2
1371,1139,4,1537650,1350,1,3,6,2,10,0,2,15,3,9,12,0.0,0,4,2,0,0.0,2
742,1366,4,2662334,1949,1,3,6,3,11,3,0,11,0,1,9,0.3444,0,4,2,0,0.3444,1
1121,2936,1,8593672,2927,0,3,3,4,9,2,2,9,3,4,5,0.7556,1,1,2,0,0.7556,2
3137,2802,4,3945216,1408,0,0,4,2,8,3,2,12,2,6,6,0.8444,0,2,2,2,0.8444,2
4779,2603,3,11926946,4582,1,3,6,4,12,2,2,13,3,6,9,0.3444,0,2,2,2,0.3444,2
1837,3883,5,10134630,2610,1,1,4,1,7,2,5,18,0,2,4,0.6667,1,1,2,1,0.6667,2
1141,1538,2,5344550,3475,3,1,3,1,6,2,5,15,3,6,6,0.8444,0,1,2,0,0.8444,2
1322,2970,5,13896630,4679,0,3,6,2,10,1,1,15,3,6,9,0.3444,0,2,2,2,0.3444,2
2619,3719,1,13116913,3527,2,3,5,4,11,1,5,15,0,9,1,0.1667,0,1,2,0,0.1667,1
3387,513,5,1437939,2803,0,1,2,1,5,2,4,18,3,12,12,0.0,0,1,2,0,0.0,1
2040,3630,5,4693590,1293,2,2,5,2,9,3,1,14,1,9,2,0.3333,0,2,2,1,0.3333,2
1292,634,1,431120,680,3,2,3,4,9,0,1,6,2,11,8,0.5111,2,5,3,0,0.6644,2
2205,514,2,343866,669,1,1,1,3,6,3,2,9,0,1,4,0.6667,0,1,2,0,0.6667,2
3545,3541,3,17903296,5056,3,3,3,1,6,0,0,9,3,5,3,0.5,2,4,3,0,0.65,2
1804,645,3,3833880,5944,3,2,1,2,5,1,3,14,0,9,11,0.0889,0,0,2,1,0.0889,1
4481,1322,3,1542774,1167,0,1,4,4,10,0,2,11,1,6,10,0.1778,0,1,2,0,0.1778,1
2689,2302,5,1045108,454,3,3,2,4,8,2,2,17,2,5,11,0.0889,2,5,3,0,0.1156,2
3633,470,4,324300,690,2,3,3,1,6,3,1,13,1,6,12,0.0,0,4,2,0,0.0,1
1837,2806,1,6891536,2456,1,2,1,4,7,1,2,8,1,1,11,0.0889,0,2,2,1,0.0889,1
3117,2797,1,3546596,1268,0,3,6,4,12,0,0,5,1,8,10,0.1778,0,0,0,0,0.0711,0
615,1005,5,4370745,4349,2,0,2,3,7,3,0,10,0,12,10,0.1778,0,2,2,1,0.1778,1
2553,788,2,766724,973,3,2,1,1,4,2,2,10,1,3,3,0.5,1,2,2,2,0.5,2
2573,1215,2,1185840,976,2,1,6,4,12,3,4,13,2,7,7,0.6778,0,0,2,0,0.6778,2
4475,3223,3,12659944,3928,3,3,4,2,8,0,0,9,2,11,9,0.3444,2,5,3,0,0.4477,2
731,1747,2,7580233,4339,3,0,6,3,11,0,4,12,3,3,11,0.0889,1,3,2,2,0.0889,2
4117,2416,4,5530224,2289,1,2,5,4,11,3,2,14,0,3,2,0.3333,1,3,2,2,0.3333,2
928,2239,3,8561936,3824,1,2,1,2,5,2,3,14,3,6,8,0.5111,0,0,2,1,0.5111,2
3891,1418,5,11741040,8280,0,2,2,3,7,1,5,18,0,7,1,0.1667,0,4,3,0,0.2167,2
2812,3325,2,2270975,683,0,1,5,4,11,2,2,9,0,1,4,0.6667,0,4,2,0,0.6667,2
1121,3500,2,7794500,2227,0,1,4,2,8,1,4,13,3,12,11,0.0889,0,2,2,1,0.0889,1
1155,555,2,207570,374,0,0,2,3,7,0,1,6,1,1,3,0.5,0,3,2,2,0.5,2
928,989,1,508346,514,2,3,5,3,10,2,3,11,3,3,10,0.1778,1,3,2,2,0.1778,2
4046,1509,2,1436568,952,1,3,3,3,8,3,0,7,2,4,4,0.6667,1,0,2,1,0.6667,2
2091,1517,2,6063449,3997,0,1,2,3,7,0,3,11,3,7,3,0.5,0,1,2,0,0.5,2
1400,2857,2,6813945,2385,3,3,3,3,8,0,1,9,0,0,1,0.1667,0,2,1,1,0.1167,1
1542,3680,2,15172640,4123,2,1,5,4,11,1,5,15,2,1,2,0.3333,0,4,2,0,0.3333,1
4722,1413,4,1250505,885,1,3,5,2,9,3,1,13,3,2,9,0.3444,1,5,3,0,0.4477,2
3477,1305,3,4088565,3133,0,3,4,3,9,0,4,17,1,0,8,0.5111,0,4,2,0,0.5111,2
4703,1792,5,6809600,3800,3,0,3,3,8,3,0,10,1,10,9,0.3444,0,1,2,0,0.3444,1
3253,1854,3,1970802,1063,3,0,5,3,10,0,2,10,2,7,11,0.0889,0,0,2,0,0.0889,1
1945,1374,2,6720234,4891,2,0,2,3,7,2,4,12,2,12,8,0.5111,0,4,2,0,0.5111,2
1640,2743,2,2408354,878,1,3,6,2,10,2,4,15,2,9,7,0.6778,0,4,2,0,0.6778,2
4024,3863,4,13891348,3596,1,3,5,4,11,1,1,13,2,12,2,0.3333,0,4,2,0,0.3333,2
3489,1459,3,4308427,2953,2,0,6,1,9,3,5,16,1,0,3,0.5,0,4,2,0,0.5,2
1194,1756,3,4249520,2420,1,1,4,4,10,0,1,9,2,6,7,0.6778,0,2,2,2,0.6778,2
936,2067,1,9896796,4788,1,3,5,3,10,3,1,7,1,3,3,0.5,1,3,2,2,0.5,2
1146,2461,3,3676734,1494,0,2,6,1,9,1,1,10,2,11,6,0.8444,2,5,3,0,1.0,2
4044,1027,4,1692496,1648,3,2,5,2,9,2,5,18,3,0,5,0.7556,0,1,1,0,0.5289,2
1239,3063,2,2845527,929,0,1,6,1,9,0,2,9,3,0,8,0.5111,0,4,2,0,0.5111,2
2697,2431,5,7893457,3247,3,1,2,4,8,0,0,11,1,1,2,0.3333,0,2,2,1,0.3333,1
4573,2722,2,6173496,2268,3,2,5,1,8,2,2,10,1,9,5,0.7556,0,2,2,1,0.7556,2
1959,1721,5,2507497,1457,0,2,5,2,9,3,3,18,1,6,10,0.1778,0,0,2,1,0.1778,1
2904,3743,1,17520983,4681,0,0,3,3,8,0,0,2,3,8,9,0.3444,0,0,0,0,0.1378,1
4364,1315,3,2795690,2126,3,1,3,2,7,0,0,7,0,6,10,0.1778,0,2,2,2,0.1778,1
3283,2180,4,8493280,3896,2,3,5,4,11,0,0,11,1,6,1,0.1667,0,0,2,1,0.1667,1
2392,3744,1,9592128,2562,0,3,2,4,8,0,4,13,0,6,7,0.6778,0,4,2,0,0.6778,2
3130,3792,1,7887360,2080,1,3,2,2,6,3,0,5,3,6,4,0.6667,0,0,2,1,0.6667,2
1321,2007,3,5509215,2745,3,1,4,1,7,0,2,11,1,4,4,0.6667,1,5,3,0,0.8667,2
871,2430,3,21325680,8776,0,3,2,2,6,2,3,15,0,9,9,0.3444,0,2,2,1,0.3444,2
1116,3065,5,4597500,1500,3,1,1,4,7,0,0,11,1,0,12,0.0,0,4,2,0,0.0,1
4246,2523,4,933510,370,0,0,1,4,7,0,2,12,0,6,8,0.5111,0,4,2,0,0.5111,2
645,1470,5,7245630,4929,1,1,5,3,10,3,5,18,0,10,6,0.8444,0,1,2,0,0.8444,2
1726,2936,5,2389904,814,1,0,5,1,8,3,2,14,3,2,9,0.3444,1,4,2,0,0.3444,2
4889,557,1,725771,1303,3,1,6,1,9,1,2,7,3,4,3,0.5,1,1,2,0,0.5,2
933,3233,3,11955634,3698,3,1,4,4,10,3,4,15,1,7,3,0.5,0,4,3,0,0.65,2
2892,521,1,4024725,7725,3,1,2,1,5,2,5,13,3,1,1,0.1667,0,3,2,2,0.1667,1
4127,3426,1,22964478,6703,1,1,6,4,12,1,0,3,3,0,5,0.7556,0,1,1,0,0.5289,2
3924,840,2,5665800,6745,2,2,4,2,8,3,0,6,0,9,4,0.6667,0,4,2,0,0.6667,2
1043,2190,2,2921460,1334,1,0,5,2,9,0,0,4,3,0,1,0.1667,0,4,2,0,0.1667,1
911,1476,4,4243500,2875,1,1,2,2,6,3,0,9,2,12,7,0.6778,0,0,2,0,0.6778,2
1323,2010,2,4914450,2445,1,0,5,1,8,2,3,10,2,7,7,0.6778,0,2,2,1,0.6778,2
4211,1916,2,9093336,4746,2,1,6,1,9,0,1,7,2,7,11,0.0889,0,4,3,0,0.1156,1
4730,561,5,1368279,2439,1,2,3,4,9,2,3,18,2,4,12,0.0,1,3,2,2,0.0,2
3334,1917,1,12475836,6508,2,1,2,3,7,0,4,11,1,1,11,0.0889,0,4,2,0,0.0889,1
1812,1271,4,5189493,4083,1,0,6,3,11,3,2,12,2,10,1,0.1667,0,4,2,0,0.1667,1
3973,3402,2,1044414,307,2,2,6,4,12,2,5,16,0,0,3,0.5,0,2,1,1,0.35,2
4115,2775,2,18850575,6793,2,2,1,1,4,3,3,12,2,2,3,0.5,1,4,2,0,0.5,2
4292,2191,1,1459206,666,1,3,3,1,6,2,0,5,3,7,1,0.1667,0,4,3,0,0.2167,2
945,2286,3,15462504,6764,2,1,5,3,10,3,3,13,2,13,10,0.1778,0,0,2,0,0.1778,1
875,1575,4,1425375,905,1,1,6,4,12,0,5,18,1,12,7,0.6778,0,4,2,0,0.6778,2
671,3690,5,2232450,605,0,3,4,1,7,1,3,18,1,11,11,0.0889,2,1,2,0,0.0889,2
2661,531,3,1470870,2770,2,2,2,3,7,3,2,12,2,13,7,0.6778,0,0,2,0,0.6778,2
4837,1301,1,2728197,2097,1,3,6,1,9,2,3,11,3,5,11,0.0889,2,4,3,0,0.1156,2
1046,3232,1,2010304,622,0,3,2,4,8,0,1,7,3,13,4,0.6667,0,4,2,0,0.6667,2
1728,2098,3,1294466,617,1,0,1,1,4,1,2,10,1,8,6,0.8444,0,0,0,0,0.3378,2
1053,3914,5,18016142,4603,3,3,2,1,5,2,5,18,3,0,11,0.0889,0,2,1,1,0.0622,2
3136,3499,2,6945515,1985,3,3,4,1,7,0,3,13,3,0,2,0.3333,0,1,1,0,0.2333,1
4831,1606,5,10930436,6806,3,0,4,2,8,0,3,16,1,6,11,0.0889,0,2,2,2,0.0889,1
2700,1205,4,2999245,2489,3,3,5,4,11,3,3,17,1,2,12,0.0,1,5,3,0,0.0,2
2275,959,3,764323,797,3,2,4,3,9,0,0,8,1,6,5,0.7556,0,3,2,2,0.7556,2
2150,1089,2,703494,646,2,3,2,3,7,1,1,9,3,3,12,0.0,1,3,2,2,0.0,2
4503,2542,1,10229008,4024,0,0,5,4,11,1,0,2,3,8,1,0.1667,0,0,0,0,0.0667,0
1196,3626,3,2675988,738,2,2,3,3,8,1,2,12,3,4,4,0.6667,1,1,2,0,0.6667,2
4948,2404,4,3906500,1625,2,0,2,2,6,1,4,16,1,9,8,0.5111,0,0,2,1,0.5111,2
705,1554,5,1832166,1179,3,0,6,1,9,0,4,18,1,8,10,0.1778,0,0,0,0,0.0711,1
4396,692,3,987484,1427,2,2,6,4,12,2,4,16,3,9,4,0.6667,0,1,2,0,0.6667,2
3572,2414,4,15980680,6620,2,3,6,1,9,2,0,11,3,9,1,0.1667,0,1,2,0,0.1667,1
4463,2692,4,2732380,1015,1,1,1,2,5,3,5,18,1,1,3,0.5,0,3,2,2,0.5,2
1668,1744,3,5842400,3350,1,3,4,3,9,2,4,17,0,0,4,0.6667,0,4,2,0,0.6667,2
2588,841,5,1424654,1694,0,2,2,3,7,3,3,18,0,10,4,0.6667,0,0,2,0,0.6667,2
2673,3880,5,23365360,6022,0,0,5,2,9,3,3,16,1,8,1,0.1667,0,1,1,0,0.1167,1
2637,2897,5,6689173,2309,2,2,1,4,7,3,3,18,1,3,9,0.3444,1,0,2,1,0.3444,2
4433,1233,5,1119564,908,1,0,3,4,9,1,4,18,1,6,3,0.5,0,4,2,0,0.5,2
2175,3239,2,9257062,2858,3,3,1,3,6,0,4,15,1,10,3,0.5,0,0,2,0,0.5,2
792,1839,1,1618320,880,2,3,2,2,6,0,3,11,1,4,4,0.6667,1,1,2,0,0.6667,2
3243,3814,2,2235004,586,1,0,1,2,5,1,3,10,3,13,11,0.0889,0,2,2,1,0.0889,1
665,1279,4,6355351,4969,0,2,3,2,7,3,0,10,3,4,8,0.5111,1,5,3,0,0.6644,2
3125,1325,3,4526200,3416,2,2,1,1,4,3,5,18,1,6,4,0.6667,0,2,2,2,0.6667,2
3763,3056,1,1803040,590,2,2,3,3,8,3,2,8,1,0,3,0.5,0,4,2,0,0.5,2
3671,1945,1,16089040,8272,2,0,3,4,9,2,5,12,0,13,11,0.0889,0,1,2,0,0.0889,0
3820,2007,4,15542208,7744,3,1,3,1,6,1,0,9,3,6,8,0.5111,0,0,2,1,0.5111,2
4682,3712,2,23073792,6216,2,2,4,2,8,1,2,10,1,1,11,0.0889,0,1,2,0,0.0889,1
2891,1235,4,4397835,3561,3,0,4,2,8,1,3,14,2,6,3,0.5,0,2,2,2,0.5,2
3518,2964,4,5744232,1938,3,2,1,2,5,0,2,14,0,11,4,0.6667,2,5,3,0,0.8667,2
4606,2335,2,1039075,445,1,2,6,2,10,3,5,16,2,3,8,0.5111,1,1,2,1,0.5111,2
2147,2534,3,2001860,790,0,2,2,2,6,0,1,10,1,3,2,0.3333,1,2,2,2,0.3333,2
1532,541,5,4742947,8767,0,3,6,3,11,2,0,13,3,10,6,0.8444,0,4,2,0,0.8444,2
4880,3810,3,17289780,4538,1,2,1,2,5,1,3,14,2,6,4,0.6667,0,0,2,1,0.6667,2
2306,468,1,447408,956,2,3,2,4,8,1,1,7,0,4,3,0.5,1,1,2,0,0.5,2
3925,3946,2,8219518,2083,3,1,6,4,12,0,2,9,1,0,1,0.1667,0,4,2,0,0.1667,1
3375,3940,1,3971520,1008,1,2,1,2,5,0,0,4,2,8,10,0.1778,0,0,0,0,0.0711,1
4931,1109,4,1121199,1011,0,1,6,3,11,3,5,18,3,6,5,0.7556,0,1,2,0,0.7556,2
2348,3509,5,20653974,5886,3,1,2,4,8,3,4,18,3,10,4,0.6667,0,2,2,1,0.6667,2
3068,3787,4,5067006,1338,2,3,1,4,7,3,0,11,0,4,8,0.5111,1,5,3,0,0.6644,2
2116,3270,4,5523030,1689,2,1,3,3,8,2,3,15,3,5,9,0.3444,2,5,3,0,0.4477,2
4095,1138,2,2814274,2473,2,1,5,1,8,1,0,5,3,10,5,0.7556,0,1,2,0,0.7556,2
3121,1565,3,6183315,3951,1,1,4,1,7,3,5,17,2,13,12,0.0,0,2,2,1,0.0,1
2718,2967,1,2554587,861,1,0,5,1,8,3,1,4,3,0,12,0.0,0,4,2,0,0.0,1
3004,1842,2,2757474,1497,0,0,5,3,10,1,5,14,3,1,9,0.3444,0,2,2,1,0.3444,2
4576,2317,1,4731314,2042,0,1,2,3,7,2,4,11,2,11,10,0.1778,2,4,3,0,0.2311,2
1970,2328,5,905592,389,0,2,4,1,7,3,3,18,3,12,12,0.0,0,0,2,0,0.0,2
863,1895,4,4927000,2600,2,2,1,4,7,1,5,18,1,0,6,0.8444,0,1,1,0,0.5911,2
3687,2132,2,5253248,2464,3,3,1,1,4,3,5,17,2,8,10,0.1778,0,0,0,0,0.0711,1
1489,3499,2,11455726,3274,1,0,3,1,6,3,1,6,2,8,12,0.0,0,4,1,0,0.0,1
3411,1780,4,13914260,7817,3,3,2,4,8,2,1,13,0,7,6,0.8444,0,0,2,0,0.8444,2
1316,1962,1,977076,498,2,3,6,1,9,1,5,15,2,6,3,0.5,0,1,2,0,0.5,2
4226,3222,4,28840122,8951,2,2,4,3,9,3,5,18,0,0,4,0.6667,0,2,1,1,0.4667,2
2709,1175,1,6842025,5823,0,1,4,2,8,3,3,9,1,1,3,0.5,0,4,2,0,0.5,1
3427,3179,4,4339335,1365,1,0,2,4,8,3,1,10,2,1,12,0.0,0,2,2,1,0.0,1
1544,3423,2,27202581,7947,2,2,1,2,5,2,1,8,1,11,3,0.5,2,5,3,0,0.65,2
2374,1374,2,3698808,2692,1,1,2,1,5,0,3,11,1,3,11,0.0889,1,3,2,2,0.0889,1
4984,3030,1,3066360,1012,3,0,4,3,9,1,2,6,1,4,3,0.5,1,3,2,2,0.5,2
3634,2787,1,950367,341,1,3,5,4,11,3,2,9,1,11,11,0.0889,2,5,3,0,0.1156,2
4897,3417,4,2774604,812,0,3,1,2,5,0,1,13,0,3,6,0.8444,1,3,2,2,0.8444,2
1548,1527,5,2754708,1804,0,2,1,1,4,3,4,18,0,12,3,0.5,0,1,2,0,0.5,2
1398,3675,3,7467600,2032,1,3,5,4,11,1,3,15,0,6,6,0.8444,0,2,2,2,0.8444,2
2032,2917,2,7881734,2702,1,1,4,3,9,0,4,13,1,4,10,0.1778,1,4,2,0,0.1778,1
4312,1529,1,11531718,7542,1,1,4,2,8,1,4,11,0,7,5,0.7556,0,2,2,1,0.7556,2
1278,1670,2,1464590,877,2,3,4,4,10,2,5,17,2,7,8,0.5111,0,1,2,0,0.5111,2
3362,1007,3,4002825,3975,2,0,4,2,8,0,1,8,3,0,12,0.0,0,2,1,1,0.0,1
658,2748,1,18614952,6774,1,0,6,3,11,2,4,10,2,4,3,0.5,1,4,2,0,0.5,2
2021,2069,5,14065062,6798,2,3,2,4,8,3,0,13,3,10,3,0.5,0,2,2,1,0.5,2
4489,3201,2,6837336,2136,2,1,2,1,5,2,0,5,1,7,10,0.1778,0,0,2,0,0.1778,0
1659,478,3,180206,377,3,1,1,4,7,1,0,7,3,6,1,0.1667,0,4,2,0,0.1667,2
4239,3551,2,6977715,1965,1,1,1,3,6,3,3,11,1,12,4,0.6667,0,0,2,0,0.6667,1
2267,892,3,660080,740,1,0,4,2,8,2,3,12,3,7,10,0.1778,0,2,2,1,0.1778,2
3093,3977,5,3475898,874,0,1,6,3,11,1,5,18,3,7,2,0.3333,0,0,2,0,0.3333,2
4586,2526,1,12594636,4986,1,2,4,4,10,3,5,14,3,6,6,0.8444,0,2,2,2,0.8444,2
4002,3996,4,17206776,4306,3,0,6,2,10,2,2,12,3,6,1,0.1667,0,0,2,1,0.1667,1
4199,1937,2,12528516,6468,2,3,5,4,11,3,0,7,1,10,5,0.7556,0,4,2,0,0.7556,2
2702,3666,3,2228928,608,3,3,2,1,5,0,5,18,3,10,6,0.8444,0,2,2,1,0.8444,2
4130,3046,2,2506858,823,2,0,3,3,8,1,1,6,2,12,3,0.5,0,1,2,0,0.5,1
4848,1635,4,3704910,2266,0,2,4,1,7,2,2,14,0,8,7,0.6778,0,4,1,0,0.4745,2
2073,1038,3,5673708,5466,1,1,2,2,6,3,5,17,1,8,2,0.3333,0,0,0,0,0.1333,1
4655,2867,2,5283881,1843,3,1,3,4,9,1,3,11,3,8,3,0.5,0,4,1,0,0.35,1
4244,2697,4,4784478,1774,2,2,1,1,4,1,4,18,1,8,8,0.5111,0,4,1,0,0.3578,2
4454,1076,3,7146792,6642,2,1,3,1,6,2,3,13,0,7,4,0.6667,0,0,2,0,0.6667,1
1710,978,3,7380966,7547,1,0,4,2,8,2,4,14,1,12,3,0.5,0,1,2,0,0.5,2
1140,3823,2,13686340,3580,0,2,2,3,7,2,3,12,3,0,9,0.3444,0,2,1,1,0.2411,1
797,2594,4,12241086,4719,2,0,3,1,6,2,1,10,3,0,1,0.1667,0,1,1,0,0.1167,1
2371,2410,3,11594510,4811,1,3,5,4,11,3,0,9,1,6,4,0.6667,0,2,2,2,0.6667,2
4201,1900,1,1273000,670,0,1,2,2,6,3,5,13,3,6,3,0.5,0,2,2,2,0.5,2
947,2165,5,3141415,1451,1,2,2,2,6,0,0,12,0,4,6,0.8444,1,4,2,0,0.8444,2
4633,3689,2,2973334,806,1,2,2,4,8,3,2,10,0,9,3,0.5,0,0,2,1,0.5,1
3333,1688,5,6186520,3665,2,1,5,4,11,3,2,15,1,0,10,0.1778,0,4,2,0,0.1778,1
1413,1054,3,440572,418,2,2,4,2,8,3,4,16,1,0,12,0.0,0,2,1,1,0.0,2
3702,1941,3,11572242,5962,2,0,3,3,8,2,3,12,1,11,6,0.8444,2,5,3,0,1.0,2
1564,2587,1,7590258,2934,3,0,4,1,7,3,4,10,0,0,12,0.0,0,1,1,0,0.0,0
620,3322,5,20028338,6029,1,0,4,2,8,0,5,18,1,6,11,0.0889,0,1,2,0,0.0889,1
605,590,4,2931120,4968,0,1,2,4,8,1,1,11,2,9,12,0.0,0,0,2,1,0.0,1
1678,3951,1,3184506,806,1,0,3,2,7,3,0,2,0,1,9,0.3444,0,3,2,2,0.3444,1
1052,1818,5,3359664,1848,1,0,1,4,7,3,5,18,3,0,6,0.8444,0,1,1,0,0.5911,2
2086,841,1,1009200,1200,3,2,4,2,8,2,5,14,1,7,4,0.6667,0,0,2,0,0.6667,2
838,3805,3,9835925,2585,2,0,5,3,10,3,5,16,1,8,12,0.0,0,0,0,0,0.0,1
3093,1019,4,876340,860,0,3,4,2,8,0,3,17,0,4,6,0.8444,1,0,2,1,0.8444,2
4981,3984,2,18079392,4538,1,0,6,3,11,2,0,4,0,0,4,0.6667,0,2,1,1,0.4667,1
1303,1062,5,1226610,1155,2,0,5,2,9,0,5,18,2,3,5,0.7556,1,3,2,2,0.7556,2
2065,3671,3,8406590,2290,1,0,2,3,7,2,0,6,0,0,8,0.5111,0,2,1,1,0.3578,1
813,2017,3,4897276,2428,1,2,5,1,8,1,3,14,3,6,2,0.3333,0,1,2,0,0.3333,2
1586,2125,1,3455250,1626,2,2,5,1,8,0,5,14,0,0,4,0.6667,0,0,1,0,0.4667,1
3167,2304,3,11607552,5038,3,2,6,3,11,2,3,14,2,2,4,0.6667,1,5,3,0,0.8667,2
3684,2569,4,1060997,413,2,3,3,1,6,2,4,18,2,0,3,0.5,0,4,2,0,0.5,2
3466,2749,4,22368613,8137,3,1,2,2,6,0,3,15,1,0,8,0.5111,0,2,1,1,0.3578,2
2508,3258,2,3209130,985,2,0,1,1,4,3,0,4,2,8,3,0.5,0,0,0,0,0.2,1
4169,1666,4,969612,582,0,1,4,3,9,0,5,18,0,10,9,0.3444,0,2,2,1,0.3444,2
4329,1458,1,775656,532,3,2,5,3,10,2,0,4,3,7,7,0.6778,0,0,2,0,0.6778,2
1550,458,3,355866,777,0,1,6,2,10,1,2,11,0,1,11,0.0889,0,1,2,0,0.0889,1
2481,2353,3,3858920,1640,1,2,3,4,9,2,1,10,1,1,4,0.6667,0,4,2,0,0.6667,2
2930,3666,4,10789038,2943,1,0,5,2,9,0,4,16,0,1,12,0.0,0,3,2,2,0.0,1
4774,1898,2,4691856,2472,2,1,4,3,9,1,2,9,1,9,12,0.0,0,0,2,1,0.0,1
840,1449,2,1566369,1081,3,1,2,1,5,1,1,7,3,12,5,0.7556,0,4,2,0,0.7556,2
4441,3402,1,25712316,7558,1,1,3,2,7,1,4,11,0,6,1,0.1667,0,1,2,0,0.1667,0
2201,1314,5,1813320,1380,3,1,5,1,8,2,5,18,1,7,2,0.3333,0,1,2,0,0.3333,1
1151,3592,2,5190440,1445,0,1,4,3,9,2,4,13,1,2,7,0.6778,1,4,2,0,0.6778,2
3483,3701,1,16003124,4324,0,0,3,3,8,0,0,2,2,7,3,0.5,0,0,2,0,0.5,1
4485,707,2,2280782,3226,0,2,1,1,4,3,3,12,2,0,6,0.8444,0,2,1,1,0.5911,2
2248,616,1,410256,666,1,3,2,4,8,2,3,11,1,9,3,0.5,0,2,2,1,0.5,2
2856,1229,3,2771395,2255,0,2,3,3,8,0,4,16,1,1,8,0.5111,0,2,2,1,0.5111,2
3557,2639,4,2887066,1094,3,1,2,1,5,3,0,9,3,7,4,0.6667,0,0,2,0,0.6667,2
616,516,5,933444,1809,2,1,6,4,12,3,2,15,1,10,2,0.3333,0,4,2,0,0.3333,2
971,3207,5,7613418,2374,0,2,6,1,9,3,3,18,0,7,4,0.6667,0,2,2,1,0.6667,2
3803,2418,2,7694076,3182,3,2,6,1,9,1,3,12,0,9,9,0.3444,0,1,2,0,0.3444,1
1761,3704,4,10378608,2802,1,0,1,2,5,2,5,18,1,13,4,0.6667,0,1,2,0,0.6667,2
3373,3503,2,6739772,1924,1,1,2,1,5,0,2,9,2,7,1,0.1667,0,4,3,0,0.2167,1
3781,2827,3,12272007,4341,2,2,5,3,10,3,4,16,0,5,9,0.3444,2,5,3,0,0.4477,2
1321,1801,3,3164357,1757,3,3,1,1,4,2,3,15,1,0,12,0.0,0,2,1,1,0.0,1
2395,2043,2,2465901,1207,2,3,2,1,5,3,3,13,2,10,6,0.8444,0,0,2,0,0.8444,2
4828,1762,4,3261462,1851,1,1,1,1,4,0,3,15,1,9,6,0.8444,0,0,2,1,0.8444,2
4767,2799,5,5793930,2070,0,0,5,2,9,2,5,18,1,10,3,0.5,0,2,2,1,0.5,2
2732,2109,2,2895657,1373,2,2,3,3,8,0,3,12,2,11,2,0.3333,2,1,2,0,0.3333,2
4851,1965,2,4808355,2447,2,2,5,3,10,2,1,8,2,3,4,0.6667,1,0,2,1,0.6667,2
1988,2597,1,4858987,1871,0,3,4,3,9,3,1,7,1,1,3,0.5,0,1,2,0,0.5,1
706,2826,2,21090438,7463,2,0,3,1,6,3,4,12,2,1,1,0.1667,0,3,2,2,0.1667,1
1025,3444,1,1356936,394,3,2,6,2,10,1,1,6,3,1,7,0.6778,0,3,2,2,0.6778,2
4113,1981,5,1578857,797,1,2,1,4,7,1,3,18,3,7,3,0.5,0,0,2,0,0.5,2
4373,780,5,5282940,6773,3,0,4,1,7,1,1,12,0,1,11,0.0889,0,1,2,0,0.0889,1
2721,1022,2,3128342,3061,3,0,2,3,7,3,0,4,1,5,6,0.8444,2,1,2,0,0.8444,2
4980,622,1,608938,979,1,2,1,3,6,0,3,10,3,6,12,0.0,0,4,2,0,0.0,1
3441,1013,3,6800269,6713,3,3,3,3,8,0,4,17,1,4,2,0.3333,1,1,2,0,0.3333,2
4665,3485,3,30891040,8864,0,2,1,1,4,1,1,10,1,2,6,0.8444,1,1,2,1,0.8444,2
957,777,4,4648014,5982,0,0,6,4,12,2,1,10,0,1,3,0.5,0,4,2,0,0.5,2
4542,3500,3,11763500,3361,3,2,3,2,7,2,4,16,3,6,12,0.0,0,3,2,2,0.0,2
3257,2332,4,4001712,1716,3,1,1,2,5,3,1,11,3,0,7,0.6778,0,1,1,0,0.4745,2
2000,966,2,463680,480,1,0,5,4,11,0,3,10,1,9,10,0.1778,0,0,2,1,0.1778,1
2316,1412,3,11784552,8346,2,2,1,2,5,1,2,12,1,6,5,0.7556,0,1,2,0,0.7556,2
4955,3804,2,11533728,3032,3,0,5,2,9,0,2,8,3,6,4,0.6667,0,4,2,0,0.6667,2
2662,2497,1,8961733,3589,3,3,4,1,7,0,0,5,0,5,6,0.8444,2,4,3,0,1.0,2
2016,2387,5,1055054,442,2,1,5,3,10,2,2,15,3,6,8,0.5111,0,0,2,1,0.5111,2
1093,945,3,2172555,2299,3,2,6,1,9,1,3,14,3,1,4,0.6667,0,3,2,2,0.6667,2
3671,1019,1,318947,313,0,3,1,4,7,3,3,11,3,6,8,0.5111,0,1,2,0,0.5111,2
670,3274,3,3977910,1215,0,3,3,2,7,3,1,11,1,13,10,0.1778,0,2,2,1,0.1778,1
4955,1333,5,1150379,863,2,2,4,3,9,0,3,18,1,12,12,0.0,0,2,2,1,0.0,2
1433,3164,1,14671468,4637,0,2,4,1,7,3,3,10,1,7,12,0.0,0,0,2,0,0.0,1
2623,854,2,3347680,3920,1,1,2,2,6,1,5,15,1,6,2,0.3333,0,3,2,2,0.3333,1
2288,1399,2,12186689,8711,3,0,1,4,7,1,2,8,3,0,12,0.0,0,0,1,0,0.0,0
966,3759,5,11085291,2949,1,3,2,1,5,2,5,18,3,10,3,0.5,0,4,2,0,0.5,2
1493,3612,1,5667228,1569,3,3,3,4,9,3,4,13,1,8,9,0.3444,0,0,0,0,0.1378,1
4671,2216,4,682528,308,2,0,1,2,5,0,0,8,3,6,3,0.5,0,0,2,1,0.5,2
760,3760,4,9888800,2630,3,0,2,2,6,1,2,12,0,4,5,0.7556,1,1,2,0,0.7556,2
4162,1899,2,5459625,2875,2,3,2,1,5,2,4,15,0,6,9,0.3444,0,1,2,0,0.3444,1
3636,1060,3,904180,853,3,0,6,2,10,3,1,8,3,0,1,0.1667,0,1,1,0,0.1167,1
2734,1604,1,1016936,634,1,3,6,1,9,1,1,7,2,0,1,0.1667,0,1,1,0,0.1167,1
4343,3463,5,5125240,1480,1,2,5,4,11,3,1,14,1,8,12,0.0,0,5,1,0,0.0,1
1100,2061,4,842949,409,3,2,3,1,6,0,5,18,3,1,2,0.3333,0,1,2,0,0.3333,2
4346,1988,2,8194536,4122,2,3,5,2,9,1,3,13,0,6,12,0.0,0,4,2,0,0.0,1
4763,2634,5,3102852,1178,3,3,4,4,10,2,0,13,0,9,1,0.1667,0,0,2,1,0.1667,1
994,1568,4,3557792,2269,1,1,5,4,11,0,4,17,0,3,2,0.3333,1,3,2,2,0.3333,2
1964,3020,4,9449580,3129,2,1,5,1,8,2,3,15,3,0,9,0.3444,0,4,2,0,0.3444,2
1374,759,2,636042,838,1,1,4,2,8,0,3,11,2,8,9,0.3444,0,0,0,0,0.1378,1
2105,1667,5,4454224,2672,2,2,3,1,6,0,5,18,1,11,11,0.0889,2,5,3,0,0.1156,2
3153,3601,2,5851625,1625,3,2,5,4,11,0,2,10,1,0,10,0.1778,0,1,1,0,0.1245,1
4854,2608,1,1645648,631,3,2,3,2,7,0,2,8,3,9,10,0.1778,0,0,2,1,0.1778,1
2686,2287,3,2046865,895,2,1,6,4,12,2,2,11,3,13,9,0.3444,0,2,2,1,0.3444,2
4457,1234,2,829248,672,3,0,6,3,11,1,3,10,0,2,1,0.1667,1,4,2,0,0.1667,1
4746,1792,2,1548288,864,2,3,2,4,8,2,5,17,2,4,5,0.7556,1,4,2,0,0.7556,2
1850,1062,4,343026,323,3,3,2,4,8,1,0,11,0,9,7,0.6778,0,4,2,0,0.6778,2
3156,2539,3,11103047,4373,0,0,2,1,5,0,5,16,0,3,3,0.5,1,3,2,2,0.5,2
2572,2644,1,3815292,1443,2,1,4,2,8,0,4,11,1,3,12,0.0,1,0,2,1,0.0,1
3065,3763,1,29577180,7860,2,0,1,4,7,1,3,8,1,9,3,0.5,0,1,2,0,0.5,1
2207,2666,2,4876114,1829,1,1,4,2,8,2,2,9,1,10,2,0.3333,0,0,2,0,0.3333,1
1986,3444,3,16083480,4670,0,3,6,2,10,3,5,18,3,4,3,0.5,1,3,2,2,0.5,2
3827,2748,1,7746612,2819,1,2,5,2,9,0,1,6,3,8,2,0.3333,0,0,0,0,0.1333,1
2824,983,1,1172719,1193,0,3,1,4,7,1,4,13,2,1,9,0.3444,0,1,2,0,0.3444,1
730,1693,4,587471,347,1,0,5,4,11,3,5,18,0,6,3,0.5,0,0,2,1,0.5,2
3264,873,3,4225320,4840,0,3,2,3,7,2,0,9,3,7,11,0.0889,0,2,2,1,0.0889,1
3720,1490,3,12384880,8312,0,0,1,3,6,2,3,12,0,6,8,0.5111,0,0,2,1,0.5111,1
4387,915,5,5585160,6104,2,0,5,2,9,3,2,14,3,6,2,0.3333,0,1,2,0,0.3333,2
1870,3302,5,16539718,5009,0,1,3,4,9,2,0,11,2,3,8,0.5111,1,2,2,2,0.5111,2
3209,521,2,991463,1903,0,1,6,2,10,0,0,5,1,2,6,0.8444,1,5,3,0,1.0,2
3368,3816,1,17095680,4480,3,0,3,4,9,0,4,10,1,0,1,0.1667,0,1,1,0,0.1167,1
1915,473,4,393063,831,3,1,1,1,4,3,3,15,0,0,1,0.1667,0,2,1,1,0.1167,1
1558,1224,3,9162864,7486,0,0,5,1,8,2,5,16,3,8,4,0.6667,0,1,1,0,0.4667,2
2086,985,3,2379760,2416,2,3,5,4,11,3,0,9,0,1,10,0.1778,0,1,2,0,0.1778,1
3564,494,4,1987362,4023,2,2,6,1,9,1,0,10,2,12,8,0.5111,0,2,2,1,0.5111,2
1587,3638,4,11805310,3245,3,3,6,1,9,1,5,18,1,5,11,0.0889,2,5,3,0,0.1156,2
1178,3689,1,5264203,1427,2,1,3,4,9,2,4,11,3,4,4,0.6667,1,1,2,0,0.6667,2
2546,1507,1,2091716,1388,3,3,5,2,9,0,5,15,1,11,11,0.0889,2,5,3,0,0.1156,2
2158,2124,2,2162232,1018,0,2,2,1,5,2,4,14,1,0,8,0.5111,0,2,1,1,0.3578,2
4014,2189,5,1816870,830,0,2,4,3,9,0,1,14,1,12,4,0.6667,0,2,2,1,0.6667,2
825,2870,3,2350530,819,2,0,5,3,10,0,2,10,0,8,5,0.7556,0,4,1,0,0.5289,2
956,2616,4,6045576,2311,0,1,3,1,6,2,2,13,1,6,12,0.0,0,2,2,2,0.0,1
3551,1129,3,1488022,1318,0,3,4,3,9,3,0,9,3,6,2,0.3333,0,1,2,0,0.3333,1
1842,3748,5,11221512,2994,0,2,4,1,7,0,0,12,2,10,11,0.0889,0,4,2,0,0.0889,1
2625,2568,4,10143600,3950,2,1,1,4,7,1,0,9,0,6,12,0.0,0,0,2,1,0.0,1
2544,3545,4,5586920,1576,0,2,5,4,11,3,0,10,0,6,3,0.5,0,1,2,0,0.5,1
1353,1459,4,965858,662,2,2,5,3,10,1,2,14,2,13,8,0.5111,0,1,2,0,0.5111,2
3753,1408,3,6312064,4483,3,2,1,1,4,1,1,10,0,6,9,0.3444,0,4,2,0,0.3444,1
914,2741,1,24255109,8849,1,0,1,3,6,3,1,4,1,7,12,0.0,0,0,2,0,0.0,0
4400,2878,4,20882768,7256,3,2,4,4,10,2,1,12,1,3,11,0.0889,1,2,2,2,0.0889,2
4711,3768,2,11707176,3107,3,0,4,1,7,2,1,6,3,11,10,0.1778,2,5,3,0,0.2311,2
619,1075,1,2989575,2781,2,1,6,3,11,1,4,11,2,12,10,0.1778,0,4,2,0,0.1778,1
1624,1122,4,1454112,1296,3,3,1,2,5,2,2,15,0,3,4,0.6667,1,2,2,2,0.6667,2
3794,1093,2,3567552,3264,2,1,2,4,8,1,3,11,3,0,7,0.6778,0,1,1,0,0.4745,2
1820,1041,3,2568147,2467,3,3,2,2,6,1,5,18,3,0,12,0.0,0,4,2,0,0.0,2
3651,826,3,1563618,1893,1,2,5,3,10,3,1,10,1,12,3,0.5,0,0,2,0,0.5,1
3082,3897,3,13608324,3492,1,0,3,1,6,0,2,10,1,9,1,0.1667,0,1,2,0,0.1667,1
4621,2764,3,6843664,2476,2,0,5,2,9,3,3,12,2,13,4,0.6667,0,2,2,1,0.6667,2
4224,3132,2,1509624,482,2,3,5,4,11,1,4,15,0,8,9,0.3444,0,0,0,0,0.1378,2
4626,1556,4,6969324,4479,3,1,2,1,5,1,4,17,0,4,6,0.8444,1,1,2,0,0.8444,2
2336,2852,3,8695748,3049,2,0,2,2,6,3,1,8,2,7,10,0.1778,0,0,2,0,0.1778,1
2068,2534,5,1986656,784,0,2,4,2,8,2,3,18,1,9,1,0.1667,0,4,2,0,0.1667,2
2066,2176,3,10192384,4684,3,2,1,3,6,0,4,16,0,6,4,0.6667,0,0,2,1,0.6667,2
1587,2159,4,2500122,1158,1,2,5,4,11,2,5,18,3,6,9,0.3444,0,0,2,1,0.3444,2
4180,2894,2,5863244,2026,1,1,1,3,6,1,5,15,3,9,10,0.1778,0,4,2,0,0.1778,1
2689,2456,3,10248888,4173,0,0,4,2,8,0,5,16,3,1,2,0.3333,0,2,2,1,0.3333,2
2504,1836,1,4165884,2269,3,0,1,4,7,2,3,8,1,10,12,0.0,0,2,2,1,0.0,1
2646,3544,1,2913168,822,0,0,6,3,11,0,1,4,2,7,3,0.5,0,0,2,0,0.5,1
3380,3687,5,10931955,2965,0,0,2,2,6,1,3,16,3,1,1,0.1667,0,3,2,2,0.1667,2
2564,1871,2,3274250,1750,3,3,5,1,8,0,3,13,2,10,11,0.0889,0,1,2,0,0.0889,1
3979,2818,3,2026142,719,1,2,5,4,11,3,2,12,0,12,2,0.3333,0,1,2,0,0.3333,1
2297,2575,1,1962150,762,0,3,2,4,8,1,2,9,1,1,11,0.0889,0,2,2,1,0.0889,1
3207,798,5,661542,829,1,2,4,2,8,0,2,16,1,9,3,0.5,0,4,2,0,0.5,2
848,2968,2,3368680,1135,3,0,6,1,9,2,3,10,3,12,2,0.3333,0,0,2,0,0.3333,1
4600,2521,2,11984834,4754,2,1,2,3,7,2,2,9,2,7,5,0.7556,0,0,2,0,0.7556,2
1014,2668,2,808404,303,1,0,3,1,6,2,0,4,3,8,1,0.1667,0,1,1,0,0.1167,1
4163,2687,1,6701378,2494,0,2,5,3,10,2,1,6,1,2,4,0.6667,1,1,2,1,0.6667,2
1582,2417,1,5588104,2312,2,1,3,2,7,3,4,11,2,0,1,0.1667,0,2,1,1,0.1167,1
2193,3325,2,2387350,718,1,3,6,3,11,3,5,17,3,5,1,0.1667,2,5,3,0,0.2167,2
2972,3348,4,5289840,1580,0,0,6,2,10,3,4,16,3,6,4,0.6667,0,1,2,0,0.6667,2
1420,1647,4,6271776,3808,3,3,4,4,10,2,0,11,2,3,4,0.6667,1,2,2,2,0.6667,2
4717,565,3,5005335,8859,0,1,6,2,10,1,4,15,1,9,6,0.8444,0,4,2,0,0.8444,2
2286,1107,5,792612,716,0,0,1,3,6,2,5,18,2,6,4,0.6667,0,0,2,1,0.6667,2
2076,1174,1,554128,472,0,2,1,1,4,1,2,8,2,8,5,0.7556,0,1,1,0,0.5289,2
4645,3060,2,12441960,4066,3,1,3,4,9,2,4,13,1,0,6,0.8444,0,4,2,0,0.8444,2
1576,1100,5,779900,709,2,3,5,2,9,2,3,18,0,2,5,0.7556,1,5,3,0,0.9823,2
3371,3000,4,4665000,1555,1,1,2,4,8,1,5,18,3,0,4,0.6667,0,2,1,1,0.4667,2
2571,466,4,2412948,5178,2,1,3,3,8,1,4,17,3,6,3,0.5,0,1,2,0,0.5,2
712,1156,1,2789428,2413,2,0,2,4,8,2,5,12,0,10,9,0.3444,0,2,2,1,0.3444,1
3638,1781,3,12792923,7183,1,2,2,2,6,0,4,16,3,13,10,0.1778,0,2,2,1,0.1778,2
876,2412,3,5962464,2472,0,2,3,2,7,2,2,12,0,7,2,0.3333,0,4,3,0,0.4333,1
4907,3547,1,1777047,501,2,1,4,4,10,1,1,5,1,7,6,0.8444,0,0,2,0,0.8444,2
3989,418,1,2304852,5514,2,0,2,3,7,1,3,8,1,6,5,0.7556,0,2,2,2,0.7556,2
806,1347,2,4177047,3101,0,0,6,3,11,2,1,6,3,11,3,0.5,2,4,3,0,0.65,2
1311,1381,4,4210669,3049,0,3,1,2,5,3,1,13,0,10,6,0.8444,0,0,2,0,0.8444,2
4582,1644,5,1491108,907,1,0,5,2,9,1,5,18,2,7,5,0.7556,0,0,2,0,0.7556,2
4247,1542,4,2249778,1459,1,2,4,2,8,3,2,14,0,0,2,0.3333,0,1,1,0,0.2333,1
3568,3573,4,1143360,320,2,3,3,1,6,0,1,13,3,7,2,0.3333,0,2,2,1,0.3333,2
2755,3323,1,9646669,2903,2,2,1,2,5,1,3,10,1,13,1,0.1667,0,2,2,1,0.1667,1
3502,2029,3,6089029,3001,1,0,1,1,4,2,0,6,1,10,2,0.3333,0,4,2,0,0.3333,1
4248,2212,1,5375160,2430,3,2,6,3,11,0,1,6,2,6,1,0.1667,0,4,2,0,0.1667,1
1817,1864,1,13171024,7066,2,3,3,2,7,3,5,15,2,10,2,0.3333,0,1,2,0,0.3333,1
4673,1683,4,4394313,2611,0,1,1,3,6,3,1,11,2,12,4,0.6667,0,2,2,1,0.6667,2
2586,3944,2,10195240,2585,3,3,5,3,10,0,3,13,1,1,12,0.0,0,1,2,0,0.0,1
3734,803,5,756426,942,1,2,2,3,7,1,5,18,3,6,1,0.1667,0,0,2,1,0.1667,2
3532,528,1,667392,1264,0,2,1,3,6,2,4,12,3,9,5,0.7556,0,2,2,1,0.7556,2
4503,791,5,1248198,1578,3,2,1,2,5,0,5,18,1,8,2,0.3333,0,5,1,0,0.2333,2
1549,805,2,604555,751,2,3,4,3,9,3,2,11,3,7,5,0.7556,0,0,2,0,0.7556,2
3121,3876,2,3205452,827,2,2,3,3,8,1,3,12,3,8,5,0.7556,0,4,1,0,0.5289,2
4470,1726,2,6384474,3699,1,1,6,4,12,2,3,11,2,3,2,0.3333,1,3,2,2,0.3333,2
2772,3210,3,2478120,772,1,0,6,2,10,3,0,6,2,2,4,0.6667,1,1,2,1,0.6667,2
1812,1223,2,1379544,1128,0,0,5,3,10,3,4,12,3,6,11,0.0889,0,1,2,0,0.0889,1
2682,3266,5,7070890,2165,0,0,6,1,9,0,1,12,2,0,6,0.8444,0,4,2,0,0.8444,2
4282,2246,2,7101852,3162,2,1,1,3,6,2,0,5,1,0,2,0.3333,0,1,1,0,0.2333,1
4716,3725,2,3453075,927,3,1,2,1,5,1,0,5,1,8,4,0.6667,0,4,1,0,0.4667,1
1764,3024,3,14270256,4719,2,3,2,4,8,1,1,11,0,5,9,0.3444,2,1,2,0,0.3444,2
2664,2158,2,8817588,4086,1,1,2,2,6,2,5,15,3,7,9,0.3444,0,0,2,0,0.3444,1
1425,1668,5,7679472,4604,2,1,2,4,8,1,1,13,0,7,9,0.3444,0,1,2,0,0.3444,1
981,1580,5,1548400,980,2,2,5,1,8,2,3,18,1,0,1,0.1667,0,2,1,1,0.1167,2
1844,1733,1,6218004,3588,2,3,6,3,11,1,5,15,2,4,4,0.6667,1,4,2,0,0.6667,2
1392,3231,4,12087171,3741,2,1,3,3,8,0,4,17,0,0,6,0.8444,0,1,1,0,0.5911,2
3518,3746,4,2026586,541,1,1,6,1,9,2,3,15,1,2,11,0.0889,1,5,3,0,0.1156,2
4857,3466,4,24965598,7203,0,2,2,3,7,1,0,10,3,6,12,0.0,0,1,2,0,0.0,1
3055,3234,1,8631546,2669,3,3,2,4,8,2,1,7,2,10,8,0.5111,0,2,2,1,0.5111,2
2937,3639,1,8311476,2284,0,0,2,4,8,3,0,2,0,6,1,0.1667,0,2,2,2,0.1667,1
1746,630,5,425250,675,3,3,6,3,11,0,3,18,3,6,4,0.6667,0,0,2,1,0.6667,2
4198,1926,2,1344348,698,3,2,1,4,7,3,5,16,2,2,2,0.3333,1,1,2,1,0.3333,2
1410,2220,2,14390040,6482,3,1,6,4,12,1,1,7,3,12,2,0.3333,0,0,2,0,0.3333,1
3579,2059,5,13027293,6327,1,0,3,1,6,1,4,18,0,7,3,0.5,0,2,2,1,0.5,2
1391,478,3,3027652,6334,0,1,2,3,7,1,2,11,3,7,1,0.1667,0,1,2,0,0.1667,1
4046,3079,2,9954407,3233,0,1,1,4,7,0,5,15,1,11,3,0.5,2,5,3,0,0.65,2
2585,3692,3,7974720,2160,1,3,5,4,11,0,4,17,3,0,3,0.5,0,2,1,1,0.35,2
2894,840,5,307440,366,1,3,1,2,5,3,0,13,2,7,5,0.7556,0,1,2,0,0.7556,2
3712,498,2,3055230,6135,3,1,5,3,10,3,2,9,3,0,2,0.3333,0,0,1,0,0.2333,1
3456,2105,5,4361560,2072,1,2,6,4,12,0,0,12,0,8,7,0.6778,0,0,0,0,0.2711,1
1573,1581,2,7340583,4643,0,2,5,4,11,2,0,6,2,1,9,0.3444,0,3,2,2,0.3444,2
3785,1386,2,658350,475,0,0,2,2,6,3,3,10,3,11,8,0.5111,2,4,3,0,0.6644,2
4100,2310,5,10270260,4446,1,3,1,2,5,1,0,13,3,2,10,0.1778,1,1,2,1,0.1778,2
2044,3776,2,14227968,3768,1,3,2,2,6,1,2,11,3,4,11,0.0889,1,3,2,2,0.0889,2
1049,2225,1,13434550,6038,3,0,3,1,6,3,1,4,0,6,1,0.1667,0,0,2,1,0.1667,0
627,787,4,4962035,6305,2,0,4,1,7,1,1,10,2,9,12,0.0,0,2,2,1,0.0,1
4792,2756,5,9191260,3335,1,0,3,3,8,0,4,18,1,6,4,0.6667,0,0,2,1,0.6667,2
4754,3178,2,21200438,6671,0,1,4,2,8,0,1,7,2,8,7,0.6778,0,0,0,0,0.2711,1
1516,1892,1,11770132,6221,0,2,2,2,6,3,5,14,1,6,4,0.6667,0,1,2,0,0.6667,2
1359,3318,5,2674308,806,1,1,2,2,6,2,4,18,3,9,8,0.5111,0,1,2,0,0.5111,2
4713,1526,3,3839416,2516,3,3,1,4,7,3,2,13,2,1,4,0.6667,0,1,2,0,0.6667,2
4955,2152,2,996376,463,3,3,3,1,6,1,3,13,0,4,6,0.8444,1,1,2,0,0.8444,2
1705,2965,2,4156930,1402,2,1,3,2,7,3,5,15,1,7,2,0.3333,0,0,2,0,0.3333,1
2602,1752,5,3768552,2151,1,2,5,3,10,0,0,12,3,5,12,0.0,2,5,3,0,0.0,2
1817,2631,1,2723085,1035,3,2,2,2,6,3,4,12,1,7,10,0.1778,0,0,2,0,0.1778,1
1130,490,5,185710,379,3,0,6,1,9,2,2,14,1,12,12,0.0,0,1,2,0,0.0,2
2823,2969,5,6270528,2112,0,2,3,2,7,3,3,18,2,0,4,0.6667,0,0,1,0,0.4667,2
641,1284,5,8758164,6821,0,1,5,2,9,2,1,13,1,6,11,0.0889,0,0,2,1,0.0889,1
1671,2022,1,928098,459,2,1,2,4,8,2,4,11,0,8,9,0.3444,0,4,1,0,0.2411,2
4548,2402,4,3518930,1465,3,3,4,1,7,1,4,18,1,7,7,0.6778,0,2,2,1,0.6778,2
2398,2631,4,9929394,3774,1,2,2,4,8,3,2,14,2,12,6,0.8444,0,0,2,0,0.8444,2
3482,1553,4,3602960,2320,1,3,5,3,10,3,5,18,1,9,12,0.0,0,2,2,1,0.0,1
2594,3946,4,7339560,1860,2,1,6,3,11,3,0,9,0,0,9,0.3444,0,1,1,0,0.2411,1
893,3088,1,19167216,6207,1,0,1,3,6,2,4,10,2,7,3,0.5,0,0,2,0,0.5,1
3716,2178,3,1158696,532,1,0,4,1,7,3,3,12,0,0,5,0.7556,0,2,1,1,0.5289,2
2770,3321,4,20653299,6219,1,1,6,2,10,2,3,15,2,6,7,0.6778,0,0,2,1,0.6778,2
4395,908,2,2674060,2945,2,1,5,3,10,0,4,13,0,6,8,0.5111,0,3,2,2,0.5111,1
1625,2171,3,3621228,1668,1,0,4,4,10,1,4,14,1,3,8,0.5111,1,2,2,2,0.5111,2
1415,2726,3,6624180,2430,2,2,1,2,5,2,4,16,3,8,6,0.8444,0,4,1,0,0.5911,2
4512,1932,5,8017800,4150,3,0,1,3,6,1,5,18,0,10,8,0.5111,0,2,2,1,0.5111,2
1753,1242,1,2703834,2177,3,1,2,1,5,2,4,11,1,1,7,0.6778,0,4,2,0,0.6778,2
2086,1168,4,1090912,934,0,1,6,2,10,2,1,11,1,0,12,0.0,0,1,1,0,0.0,1
3302,1219,3,7243298,5942,0,3,3,3,8,0,5,18,2,9,3,0.5,0,1,2,0,0.5,2
757,2719,3,21496414,7906,1,2,6,1,9,3,0,8,0,2,4,0.6667,1,1,2,1,0.6667,2
3625,1775,2,4591925,2587,0,3,5,2,9,0,3,13,3,6,5,0.7556,0,0,2,1,0.7556,2
1840,972,3,5762988,5929,1,2,6,2,10,0,4,16,1,11,11,0.0889,2,5,3,0,0.1156,2
916,1902,5,1006158,529,0,0,2,2,6,2,3,16,3,8,9,0.3444,0,0,0,0,0.1378,2
642,2689,2,14050025,5225,2,1,4,1,7,1,2,9,3,6,11,0.0889,0,1,2,0,0.0889,1
2992,2297,5,2209714,962,3,3,5,4,11,1,4,18,0,6,12,0.0,0,0,2,1,0.0,1
4489,3488,4,5218048,1496,2,0,3,3,8,1,5,18,1,3,3,0.5,1,0,2,1,0.5,2
1582,3560,5,19263160,5411,2,0,3,1,6,0,1,12,2,3,8,0.5111,1,0,2,1,0.5111,2
1611,3845,2,6013580,1564,1,1,5,1,8,2,5,15,2,6,10,0.1778,0,0,2,1,0.1778,1
1991,1978,2,1538884,778,3,3,3,2,7,3,2,11,1,10,4,0.6667,0,4,2,0,0.6667,2
836,3489,4,1151370,330,0,3,4,1,7,0,1,13,3,1,2,0.3333,0,4,2,0,0.3333,2
1326,1867,1,9480626,5078,0,1,1,2,5,0,2,7,0,9,3,0.5,0,0,2,1,0.5,1
2167,3222,3,4282038,1329,2,3,2,4,8,0,4,17,3,6,2,0.3333,0,0,2,1,0.3333,2
812,906,1,1941558,2143,0,3,3,2,7,0,5,15,3,5,4,0.6667,2,5,3,0,0.8667,2
1870,3831,5,14887266,3886,0,0,2,3,7,1,3,16,3,6,10,0.1778,0,2,2,2,0.1778,2
1932,3523,1,5964439,1693,2,1,6,3,11,2,3,9,2,6,8,0.5111,0,0,2,1,0.5111,1
4968,821,1,2228194,2714,1,3,6,2,10,1,4,13,0,8,9,0.3444,0,4,1,0,0.2411,1
4578,1535,2,2815190,1834,3,1,1,4,7,2,4,13,2,6,9,0.3444,0,1,2,0,0.3444,1
4953,1679,3,4048069,2411,3,1,1,2,5,2,2,11,1,2,1,0.1667,1,1,2,1,0.1667,1
1237,1348,5,10231320,7590,0,3,6,3,11,2,1,15,0,9,8,0.5111,0,2,2,1,0.5111,2
892,2043,4,3740733,1831,2,1,2,3,7,1,0,9,2,8,4,0.6667,0,4,1,0,0.4667,2
3771,2591,1,958670,370,1,0,5,3,10,2,1,4,2,4,8,0.5111,1,5,3,0,0.6644,2
4233,2390,4,1424440,596,0,3,3,3,8,2,3,17,0,9,12,0.0,0,4,2,0,0.0,2
2220,441,3,1866312,4232,0,3,2,4,8,0,3,15,3,6,3,0.5,0,1,2,0,0.5,2
1180,3937,4,9393682,2386,2,2,2,3,7,1,3,16,1,9,2,0.3333,0,4,2,0,0.3333,2
4182,1518,2,1302444,858,2,3,2,3,7,0,0,7,2,0,3,0.5,0,2,1,1,0.35,1
2747,3972,3,6200292,1561,3,3,2,2,6,0,0,9,1,3,12,0.0,1,2,2,2,0.0,2
2030,3767,2,12295488,3264,0,1,6,3,11,2,4,13,0,10,12,0.0,0,1,2,0,0.0,0
3325,3768,2,5923296,1572,2,0,6,3,11,2,1,6,1,8,7,0.6778,0,0,0,0,0.2711,1
4545,2726,1,3699182,1357,1,2,1,2,5,3,2,8,0,10,11,0.0889,0,2,2,1,0.0889,1
2848,2891,5,12818694,4434,2,1,2,1,5,1,0,11,0,6,7,0.6778,0,1,2,0,0.6778,2
3396,1443,1,1623375,1125,2,0,1,1,4,1,4,10,0,7,3,0.5,0,1,2,0,0.5,1
2992,416,2,2655744,6384,2,1,2,4,8,1,4,13,2,6,10,0.1778,0,1,2,0,0.1778,1
2446,2255,1,5362390,2378,1,3,5,4,11,3,1,7,2,12,2,0.3333,0,4,2,0,0.3333,1
2539,3682,2,5154800,1400,3,1,1,4,7,3,2,9,1,9,3,0.5,0,4,2,0,0.5,1
2645,3348,4,16087140,4805,3,3,2,3,7,0,3,17,1,8,7,0.6778,0,5,1,0,0.4745,2
2595,2367,2,11425509,4827,2,3,5,2,9,1,2,11,1,10,2,0.3333,0,4,2,0,0.3333,1
4861,2464,3,9900352,4018,0,1,5,3,10,1,4,15,1,0,9,0.3444,0,1,1,0,0.2411,1
3694,3891,2,7225587,1857,0,0,5,1,8,2,3,10,1,0,5,0.7556,0,1,1,0,0.5289,1
1461,2783,4,9595784,3448,2,1,2,2,6,3,1,11,0,6,6,0.8444,0,3,2,2,0.8444,2
1073,967,1,4739267,4901,3,2,1,3,6,2,1,6,0,9,4,0.6667,0,1,2,0,0.6667,1
3990,3490,1,2066080,592,2,3,5,2,9,3,2,9,0,11,4,0.6667,2,1,2,0,0.6667,2
1287,1287,5,1851993,1439,3,2,4,3,9,3,5,18,2,13,3,0.5,0,2,2,1,0.5,2
1886,1608,4,11095200,6900,3,2,6,1,9,3,5,18,1,7,5,0.7556,0,2,2,1,0.7556,2
4971,1984,3,6446016,3249,2,0,2,4,8,1,2,10,1,0,1,0.1667,0,2,1,1,0.1167,1
900,999,1,531468,532,3,1,2,2,6,1,3,9,1,6,11,0.0889,0,4,2,0,0.0889,1
1539,2082,3,4551252,2186,1,1,3,4,9,2,0,7,2,6,9,0.3444,0,4,2,0,0.3444,1
2330,945,2,6012090,6362,0,0,6,4,12,1,2,8,0,8,3,0.5,0,4,1,0,0.35,1
1537,911,4,450945,495,1,2,6,1,9,3,3,16,2,12,11,0.0889,0,2,2,1,0.0889,2
1685,1750,2,3214750,1837,0,3,3,3,8,1,1,9,0,6,12,0.0,0,0,2,1,0.0,0
3923,3353,2,1602734,478,3,0,3,2,7,0,3,10,0,9,3,0.5,0,1,2,0,0.5,2
1768,815,2,1892430,2322,0,3,5,1,8,1,3,13,2,8,9,0.3444,0,0,0,0,0.1378,1
3601,1720,1,9601040,5582,3,3,1,1,4,2,4,13,3,6,9,0.3444,0,0,2,1,0.3444,1
4832,1403,3,3278811,2337,2,1,2,1,5,2,5,17,3,9,11,0.0889,0,0,2,1,0.0889,1
714,968,2,3976544,4108,3,1,5,1,8,2,2,9,3,7,11,0.0889,0,1,2,0,0.0889,1
1159,1441,3,6533494,4534,1,3,4,4,10,2,1,11,1,0,2,0.3333,0,2,1,1,0.2333,1
1845,525,1,3936450,7498,3,0,6,3,11,3,1,4,2,8,10,0.1778,0,0,0,0,0.0711,0
3165,3293,1,16751491,5087,3,1,2,3,7,3,5,13,3,1,2,0.3333,0,4,2,0,0.3333,1
763,3710,5,25239130,6803,3,3,2,3,7,2,5,18,3,4,1,0.1667,1,4,2,0,0.1667,2
2851,3300,3,6580200,1994,1,2,1,3,6,2,0,8,3,6,12,0.0,0,0,2,1,0.0,1
4918,1035,5,494730,478,2,3,5,4,11,1,2,17,3,1,11,0.0889,0,3,2,2,0.0889,2
1148,2648,1,2653296,1002,2,2,5,3,10,3,1,6,3,7,12,0.0,0,4,3,0,0.0,1
3885,3255,3,17231970,5294,3,3,4,3,9,3,3,15,0,0,2,0.3333,0,1,1,0,0.2333,1
4251,3660,4,16744500,4575,0,0,1,2,5,1,5,18,3,6,1,0.1667,0,0,2,1,0.1667,1
837,735,4,3031140,4124,0,3,5,4,11,0,4,18,2,6,1,0.1667,0,1,2,0,0.1667,1
3174,732,2,5666412,7741,1,1,5,4,11,0,3,11,0,0,7,0.6778,0,2,1,1,0.4745,1
1022,3163,3,17342729,5483,1,1,2,3,7,0,2,11,2,4,5,0.7556,1,3,2,2,0.7556,2
4118,2831,2,3012184,1064,0,1,3,4,9,0,1,7,3,13,2,0.3333,0,2,2,1,0.3333,1
4486,1902,4,625758,329,0,3,5,1,8,1,3,17,1,0,12,0.0,0,1,1,0,0.0,2
2348,2580,5,4566600,1770,2,0,6,2,10,2,5,18,0,8,1,0.1667,0,0,0,0,0.0667,1
905,401,5,3355568,8368,2,3,5,4,11,3,0,13,1,5,1,0.1667,2,4,3,0,0.2167,2
3768,2728,5,10710128,3926,3,0,4,4,10,1,5,18,3,3,8,0.5111,1,3,2,2,0.5111,2
3131,3775,2,32925550,8722,3,0,1,3,6,2,0,4,0,6,11,0.0889,0,2,2,2,0.0889,0
4038,3960,1,33988680,8583,2,1,6,2,10,0,3,9,1,10,3,0.5,0,2,2,1,0.5,1
3275,3428,5,10798200,3150,3,2,6,1,9,3,4,18,0,4,5,0.7556,1,4,2,0,0.7556,2
2476,1667,5,14162832,8496,2,0,6,3,11,3,0,10,2,1,8,0.5111,0,3,2,2,0.5111,2
2782,3101,2,27437648,8848,3,2,4,2,8,0,2,10,1,1,7,0.6778,0,4,2,0,0.6778,2
2913,1561,2,7444409,4769,3,1,6,4,12,1,0,5,3,9,1,0.1667,0,2,2,1,0.1667,1
809,3867,3,4853085,1255,2,0,1,2,5,3,0,6,1,9,11,0.0889,0,4,2,0,0.0889,1
991,2927,1,25646374,8762,0,2,2,1,5,1,5,14,1,0,8,0.5111,0,0,1,0,0.3578,1
4919,1693,2,4217263,2491,0,0,2,1,5,1,3,10,2,13,11,0.0889,0,0,2,0,0.0889,1
2066,1316,1,7315644,5559,0,3,3,1,6,1,3,11,0,0,3,0.5,0,4,2,0,0.5,1
2333,1069,2,522741,489,1,2,4,4,10,1,3,12,3,4,1,0.1667,1,0,2,1,0.1667,2
2548,2610,4,6984360,2676,0,2,4,3,9,0,4,18,1,6,4,0.6667,0,0,2,1,0.6667,2
1399,1205,4,3182405,2641,2,2,5,1,8,3,5,18,3,1,3,0.5,0,3,2,2,0.5,2
3816,3239,5,15654087,4833,1,2,3,4,9,1,5,18,1,12,9,0.3444,0,0,2,0,0.3444,2
3431,1406,1,3086170,2195,1,3,4,4,10,2,4,13,0,0,1,0.1667,0,1,1,0,0.1167,1
2353,2072,1,6303024,3042,2,3,5,3,10,3,5,15,1,6,2,0.3333,0,3,2,2,0.3333,2
1385,3705,4,4794270,1294,3,3,1,3,6,0,1,13,1,0,2,0.3333,0,4,2,0,0.3333,1
1838,3433,3,10951270,3190,1,1,3,4,9,0,1,9,1,12,4,0.6667,0,2,2,1,0.6667,2
1477,1186,4,800550,675,2,2,5,4,11,2,5,18,0,3,2,0.3333,1,1,2,1,0.3333,2
2721,3982,1,22370876,5618,1,1,1,1,4,0,0,3,1,3,5,0.7556,1,0,2,1,0.7556,2
1236,2748,3,6084072,2214,3,0,2,4,8,1,5,16,0,12,12,0.0,0,2,2,1,0.0,1
1671,2431,2,15237508,6268,1,3,5,4,11,0,4,15,3,7,6,0.8444,0,4,3,0,1.0,2
972,684,1,1799604,2631,1,0,6,1,9,2,5,12,1,0,5,0.7556,0,1,1,0,0.5289,1
3715,3594,5,14954634,4161,1,2,3,1,6,2,5,18,3,6,7,0.6778,0,2,2,2,0.6778,2
3476,479,2,3361622,7018,0,0,5,3,10,2,0,4,0,0,7,0.6778,0,1,1,0,0.4745,1
740,3293,5,13293841,4037,1,1,5,2,9,3,0,11,1,5,9,0.3444,2,1,2,0,0.3444,2
1640,714,4,6091848,8532,3,0,3,3,8,1,4,16,0,5,2,0.3333,2,5,3,0,0.4333,2
1761,1997,3,1597600,800,0,0,1,1,4,2,3,12,2,5,2,0.3333,2,5,3,0,0.4333,2
1758,671,2,377102,562,2,2,5,2,9,0,2,10,0,9,7,0.6778,0,0,2,1,0.6778,2
2940,2415,5,2480205,1027,1,3,4,2,8,3,5,18,2,6,3,0.5,0,3,2,2,0.5,2
4095,961,3,875471,911,3,3,4,1,7,3,3,15,3,4,3,0.5,1,4,2,0,0.5,2
3023,1769,1,2388150,1350,0,0,2,2,6,0,4,10,2,3,5,0.7556,1,2,2,2,0.7556,2
3162,3143,1,6509153,2071,3,3,5,2,9,2,0,5,1,11,4,0.6667,2,5,3,0,0.8667,2
2370,1544,3,2282032,1478,3,1,1,4,7,0,5,17,2,10,6,0.8444,0,4,2,0,0.8444,2
4351,2725,5,11581250,4250,3,0,2,2,6,0,2,14,3,12,10,0.1778,0,0,2,0,0.1778,1
3953,3208,4,11792608,3676,2,2,3,1,6,0,3,16,3,12,9,0.3444,0,2,2,1,0.3444,2
1868,2195,4,2925935,1333,0,2,2,3,7,3,1,12,3,10,3,0.5,0,2,2,1,0.5,2
4196,3911,4,4141749,1059,3,0,3,2,7,3,3,14,1,5,7,0.6778,2,1,2,0,0.6778,2
3124,3059,1,26472586,8654,2,2,2,2,6,3,0,4,3,3,7,0.6778,1,3,2,2,0.6778,2
2761,3244,2,7831016,2414,3,2,5,1,8,0,3,12,0,6,9,0.3444,0,3,2,2,0.3444,1
1119,2013,4,17434593,8661,0,0,2,2,6,1,5,18,1,3,7,0.6778,1,2,2,2,0.6778,2
2969,2117,5,1505187,711,2,1,6,4,12,1,4,18,0,4,10,0.1778,1,4,2,0,0.1778,2
838,3615,4,7389060,2044,3,0,5,2,9,0,4,16,1,6,5,0.7556,0,0,2,1,0.7556,2
3478,1935,5,6350670,3282,1,3,5,3,10,2,2,17,1,7,4,0.6667,0,2,2,1,0.6667,2
4864,1108,5,734604,663,1,2,5,1,8,2,2,16,1,7,12,0.0,0,2,2,1,0.0,2
3285,1777,2,3488251,1963,0,3,5,2,9,0,0,7,2,4,5,0.7556,1,4,2,0,0.7556,2
2104,2302,4,3860454,1677,0,3,5,4,11,2,0,11,0,12,7,0.6778,0,2,2,1,0.6778,2
3890,690,2,467130,677,3,1,2,4,8,1,3,11,1,9,7,0.6778,0,0,2,1,0.6778,2
3575,1490,3,624310,419,2,1,1,1,4,0,0,7,0,7,12,0.0,0,0,2,0,0.0,1
1647,938,1,599382,639,2,0,1,1,4,2,5,12,2,5,2,0.3333,2,1,2,0,0.3333,2
4379,1199,2,911240,760,2,0,5,1,8,0,2,8,2,9,9,0.3444,0,1,2,0,0.3444,1
1856,2938,3,7130526,2427,1,2,3,1,6,2,1,10,0,1,9,0.3444,0,2,2,1,0.3444,1
3022,2325,4,12817725,5513,2,3,3,2,7,0,2,15,3,1,1,0.1667,0,1,2,0,0.1667,2
1041,400,3,318000,795,2,3,5,4,11,0,1,11,3,8,1,0.1667,0,1,1,0,0.1167,2
1932,2159,4,7878191,3649,3,1,2,2,6,2,3,15,1,4,1,0.1667,1,4,2,0,0.1667,2
1631,3943,4,14029194,3558,3,1,6,2,10,3,3,15,3,1,5,0.7556,0,1,2,0,0.7556,2
4437,1996,3,9974012,4997,3,3,5,4,11,3,5,18,2,13,5,0.7556,0,2,2,1,0.7556,2
2967,2603,4,8079712,3104,0,1,6,2,10,2,1,11,0,11,1,0.1667,2,5,3,0,0.2167,2
4129,1284,1,3911064,3046,1,0,2,2,6,0,2,6,3,6,4,0.6667,0,0,2,1,0.6667,2
1470,2550,1,11877900,4658,3,3,1,4,7,2,5,15,1,12,4,0.6667,0,4,2,0,0.6667,2
2871,2522,2,20206264,8012,1,2,2,1,5,1,3,12,2,8,5,0.7556,0,1,1,0,0.5289,2
2659,3637,2,7550412,2076,1,2,6,1,9,0,1,8,0,5,10,0.1778,2,5,3,0,0.2311,2
4813,764,5,3599204,4711,3,1,2,3,7,0,4,18,2,0,2,0.3333,0,1,1,0,0.2333,1
2971,2998,2,5855094,1953,2,1,3,4,9,3,4,13,2,7,7,0.6778,0,0,2,0,0.6778,2
2368,2400,2,5121600,2134,3,2,5,2,9,2,0,6,2,0,3,0.5,0,1,1,0,0.35,1
4052,2024,3,1544312,763,1,3,5,4,11,3,5,18,3,7,6,0.8444,0,2,2,1,0.8444,2
1572,760,1,267520,352,2,0,3,1,6,2,0,2,3,11,7,0.6778,2,4,3,0,0.8811,2
1575,2439,2,2778021,1139,2,2,2,2,6,3,3,12,0,7,5,0.7556,0,4,3,0,0.9823,2
1963,989,5,2231184,2256,3,2,3,3,8,2,4,18,3,6,2,0.3333,0,2,2,2,0.3333,2
4550,1439,5,4830723,3357,0,0,2,2,6,2,2,14,0,12,2,0.3333,0,2,2,1,0.3333,1
2088,1530,4,2192490,1433,3,2,5,3,10,1,4,18,0,7,12,0.0,0,1,2,0,0.0,1
3552,2729,3,2567989,941,3,2,6,4,12,0,3,14,0,6,8,0.5111,0,0,2,1,0.5111,2
4354,3627,3,2999529,827,1,1,3,2,7,3,2,11,1,2,10,0.1778,1,5,3,0,0.2311,2
4622,3928,2,9706088,2471,0,1,5,3,10,1,2,9,2,6,1,0.1667,0,1,2,0,0.1667,1
4111,3728,5,28593760,7670,1,1,1,3,6,3,1,13,2,3,9,0.3444,1,3,2,2,0.3444,2
2098,2088,4,4658328,2231,0,0,5,1,8,0,3,14,0,6,4,0.6667,0,2,2,2,0.6667,2
3828,1648,3,4012880,2435,2,1,2,1,5,2,3,13,0,9,1,0.1667,0,2,2,1,0.1667,1
4296,2483,2,4226066,1702,0,3,3,2,7,2,0,7,1,0,7,0.6778,0,1,1,0,0.4745,1
3641,2400,5,5294400,2206,0,2,6,2,10,0,1,14,1,9,1,0.1667,0,2,2,1,0.1667,2
3839,437,3,1176404,2692,2,3,2,2,6,2,4,17,3,0,2,0.3333,0,0,1,0,0.2333,1
3969,1461,5,2634183,1803,1,3,6,2,10,3,5,18,0,2,8,0.5111,1,4,2,0,0.5111,2
2448,1166,1,4462282,3827,3,2,1,2,5,1,5,14,0,0,5,0.7556,0,2,1,1,0.5289,2
4812,3678,1,1132824,308,0,1,5,2,9,2,2,7,3,2,11,0.0889,1,4,2,0,0.0889,2
3026,2828,4,23585520,8340,1,3,5,1,8,3,0,11,0,10,3,0.5,0,4,2,0,0.5,2
3570,1869,2,4971540,2660,3,0,3,2,7,0,2,8,2,0,6,0.8444,0,4,2,0,0.8444,2
785,542,2,2494284,4602,2,3,3,2,7,1,0,7,1,11,4,0.6667,2,5,3,0,0.8667,2
1510,1971,1,4137129,2099,1,1,2,2,6,3,2,7,0,2,9,0.3444,1,0,2,1,0.3444,1
3075,1127,4,1288161,1143,3,1,6,1,9,3,0,9,2,11,1,0.1667,2,4,3,0,0.2167,2
1874,1090,1,1469320,1348,1,3,6,2,10,1,3,11,1,7,5,0.7556,0,0,2,0,0.7556,2
2977,2641,3,900581,341,3,3,1,2,5,1,5,18,0,2,6,0.8444,1,0,2,1,0.8444,2
1387,2219,1,12595044,5676,3,2,1,3,6,3,4,12,3,13,4,0.6667,0,0,2,0,0.6667,2
3339,3076,2,9415636,3061,1,1,2,2,6,3,0,5,1,11,4,0.6667,2,5,3,0,0.8667,2
4302,968,2,1017368,1051,3,1,1,4,7,2,1,7,2,12,7,0.6778,0,4,2,0,0.6778,2
3221,3590,5,1313940,366,3,2,5,3,10,2,4,18,0,6,11,0.0889,0,0,2,1,0.0889,2
3016,2679,2,12484140,4660,3,0,6,3,11,2,0,4,1,3,10,0.1778,1,0,2,1,0.1778,1
1631,3161,1,5496979,1739,2,3,2,3,7,0,0,5,0,13,4,0.6667,0,4,2,0,0.6667,2
1420,811,2,722601,891,2,2,4,2,8,2,5,16,2,12,10,0.1778,0,0,2,0,0.1778,1
3934,2389,2,7649578,3202,1,3,6,2,10,0,3,13,3,8,4,0.6667,0,5,1,0,0.4667,2
2073,2679,2,22112466,8254,1,2,1,3,6,0,0,6,1,4,10,0.1778,1,0,2,1,0.1778,1
4739,1300,4,858000,660,1,1,6,1,9,0,5,18,3,2,6,0.8444,1,4,2,0,0.8444,2
1271,1574,5,6820142,4333,2,2,2,4,8,0,0,12,3,6,9,0.3444,0,1,2,0,0.3444,2
1053,3120,5,1716000,550,1,0,6,3,11,0,3,16,0,2,5,0.7556,1,1,2,1,0.7556,2
2009,2162,1,4207252,1946,2,0,2,3,7,0,2,6,3,3,7,0.6778,1,2,2,2,0.6778,2
1898,1401,5,6607116,4716,3,3,2,3,7,1,4,18,0,6,12,0.0,0,1,2,0,0.0,1
1588,2005,2,6492190,3238,0,3,3,1,6,2,1,9,1,6,5,0.7556,0,1,2,0,0.7556,2
711,3619,5,7281428,2012,2,1,3,4,9,0,5,18,3,4,11,0.0889,1,1,2,0,0.0889,2
3941,3310,4,23385150,7065,3,3,6,3,11,3,1,13,0,9,5,0.7556,0,2,2,1,0.7556,2
2582,1868,1,8088440,4330,2,2,1,2,5,2,5,14,2,3,5,0.7556,1,3,2,2,0.7556,2
2758,1249,3,3037568,2432,0,0,4,4,10,2,4,14,0,5,4,0.6667,2,5,3,0,0.8667,2
683,1197,2,8310771,6943,0,1,3,2,7,2,2,9,3,8,2,0.3333,0,4,1,0,0.2333,1
1314,2327,1,8279466,3558,1,1,5,4,11,1,2,7,2,0,10,0.1778,0,4,2,0,0.1778,1
2557,2952,1,9576288,3244,2,1,6,2,10,3,2,7,3,6,11,0.0889,0,1,2,0,0.0889,1
4114,3330,2,7392600,2220,3,0,6,2,10,1,2,8,3,6,1,0.1667,0,3,2,2,0.1667,1
1547,984,5,2824080,2870,3,1,4,1,7,3,0,11,1,1,12,0.0,0,1,2,0,0.0,1
1216,470,4,763750,1625,0,2,6,4,12,2,3,16,1,1,4,0.6667,0,3,2,2,0.6667,2
3479,3566,2,2168128,608,0,2,6,2,10,1,5,16,3,8,9,0.3444,0,1,1,0,0.2411,2
2923,2674,2,12054392,4508,2,3,1,4,7,0,3,13,2,4,4,0.6667,1,0,2,1,0.6667,2
763,3226,3,1967860,610,1,3,6,1,9,2,5,18,1,7,1,0.1667,0,0,2,0,0.1667,2
2245,532,5,508060,955,3,3,2,3,7,1,1,15,0,8,12,0.0,0,0,0,0,0.0,1
4510,549,5,914085,1665,1,3,2,2,6,3,0,13,2,7,5,0.7556,0,0,2,0,0.7556,2
680,2534,2,12294968,4852,2,0,2,3,7,3,0,4,3,2,8,0.5111,1,0,2,1,0.5111,2
3819,1708,1,1178520,690,1,0,6,2,10,1,2,6,1,0,9,0.3444,0,0,1,0,0.2411,1
1734,479,4,169087,353,3,0,6,3,11,0,1,10,1,12,1,0.1667,0,2,2,1,0.1667,2
3246,2196,4,1396656,636,2,3,4,1,7,1,5,18,0,1,11,0.0889,0,1,2,0,0.0889,2
4250,1022,3,1404228,1374,0,0,5,3,10,2,2,10,2,7,12,0.0,0,0,2,0,0.0,1
2522,1037,3,1295213,1249,1,0,4,2,8,0,4,14,1,6,5,0.7556,0,0,2,1,0.7556,2
1135,3932,4,1623916,413,1,2,2,3,7,0,1,12,3,7,3,0.5,0,2,2,1,0.5,2
3838,660,2,5421900,8215,3,1,6,2,10,2,5,15,1,8,7,0.6778,0,0,0,0,0.2711,1
2059,3753,1,3557844,948,0,0,1,3,6,3,0,2,2,4,2,0.3333,1,3,2,2,0.3333,2
1081,3690,1,17472150,4735,0,0,3,2,7,2,5,12,2,7,3,0.5,0,0,2,0,0.5,1
3634,1323,2,1174824,888,1,1,2,4,8,3,1,7,0,1,12,0.0,0,2,2,1,0.0,1
1673,403,4,1267435,3145,0,3,1,3,6,3,5,18,3,5,3,0.5,2,5,3,0,0.65,2
623,1716,5,12389520,7220,2,3,6,1,9,3,4,18,0,3,12,0.0,1,3,2,2,0.0,2
2139,3833,2,13392502,3494,2,0,5,1,8,0,1,6,0,5,7,0.6778,2,4,3,0,0.8811,2
615,3748,5,1574160,420,2,1,2,2,6,1,5,18,1,0,12,0.0,0,0,1,0,0.0,2
2345,809,2,2310504,2856,3,1,4,1,7,3,1,7,0,10,7,0.6778,0,2,2,1,0.6778,1
4910,1803,2,14332047,7949,2,3,6,2,10,2,3,13,1,12,6,0.8444,0,4,2,0,0.8444,2
1788,3587,1,6359751,1773,1,0,1,1,4,0,0,2,0,6,4,0.6667,0,4,2,0,0.6667,1
2535,2194,1,15055228,6862,2,0,6,2,10,1,3,8,1,0,8,0.5111,0,1,1,0,0.3578,1
4826,2163,1,9214380,4260,2,2,2,2,6,3,4,12,3,2,2,0.3333,1,1,2,1,0.3333,2
4266,1469,1,777101,529,1,2,6,2,10,0,0,4,3,2,11,0.0889,1,5,3,0,0.1156,2
3225,431,2,3501875,8125,3,3,1,3,6,1,1,9,1,8,10,0.1778,0,0,0,0,0.0711,0
4934,2175,4,2061900,948,3,3,2,4,8,0,3,17,2,5,4,0.6667,2,5,3,0,0.8667,2
2902,851,5,1898581,2231,0,2,3,3,8,3,2,16,2,7,10,0.1778,0,1,2,0,0.1778,2
4905,2960,1,2465680,833,0,2,5,4,11,0,0,4,2,6,1,0.1667,0,2,2,2,0.1667,1
3697,3905,5,5845785,1497,0,0,3,2,7,1,5,18,2,0,1,0.1667,0,1,1,0,0.1167,1
2695,3217,3,2354844,732,3,0,3,4,9,2,5,16,0,9,1,0.1667,0,4,2,0,0.1667,2
2680,2516,5,11830232,4702,0,0,5,2,9,1,4,18,1,12,3,0.5,0,0,2,0,0.5,2
938,2376,5,9584784,4034,2,2,4,3,9,1,3,18,0,0,7,0.6778,0,2,1,1,0.4745,2
3447,3609,3,6337404,1756,2,3,4,2,8,2,2,13,3,8,5,0.7556,0,0,0,0,0.3022,2
3112,3558,1,25265358,7101,3,3,1,1,4,3,5,15,2,5,6,0.8444,2,5,3,0,1.0,2
4952,2428,2,4469948,1841,1,2,3,1,6,1,4,14,0,6,2,0.3333,0,1,2,0,0.3333,1
2360,3997,3,30696960,7680,0,1,5,4,11,0,2,11,1,0,2,0.3333,0,4,2,0,0.3333,1
1325,561,1,216546,386,1,2,2,1,5,1,1,6,3,7,5,0.7556,0,0,2,0,0.7556,2
4033,3015,1,5212935,1729,1,3,4,3,9,3,1,7,1,10,8,0.5111,0,2,2,1,0.5111,1
4639,783,5,795528,1016,0,0,1,2,5,3,1,12,0,13,3,0.5,0,0,2,0,0.5,1
611,1922,4,5910150,3075,1,3,6,4,12,1,0,11,3,8,4,0.6667,0,5,1,0,0.4667,2
2772,3741,5,15562560,4160,2,0,4,2,8,3,2,14,0,8,1,0.1667,0,1,1,0,0.1167,1
1367,2838,2,3187074,1123,2,3,4,1,7,1,1,9,3,12,3,0.5,0,4,2,0,0.5,2
2704,3253,3,22318833,6861,3,3,2,3,7,3,3,15,3,8,12,0.0,0,4,1,0,0.0,1
4552,1632,1,7665504,4697,3,3,5,1,8,1,5,15,1,3,6,0.8444,1,1,2,1,0.8444,2
2651,1920,4,12902400,6720,1,0,4,3,9,3,5,18,1,7,11,0.0889,0,4,3,0,0.1156,1
4024,404,5,885972,2193,3,1,6,4,12,1,0,11,2,8,1,0.1667,0,0,0,0,0.0667,1
3368,993,1,4980888,5016,3,1,1,1,4,2,2,7,0,8,5,0.7556,0,4,1,0,0.5289,1
3473,2994,5,11895162,3973,2,3,2,2,6,0,5,18,1,9,12,0.0,0,4,2,0,0.0,1
3025,1287,5,2160873,1679,2,2,6,1,9,3,5,18,3,11,9,0.3444,2,5,3,0,0.4477,2
3452,1285,1,5489520,4272,1,1,4,3,9,2,0,3,1,4,2,0.3333,1,3,2,2,0.3333,1
4315,2480,3,11363360,4582,3,2,2,3,7,0,2,12,1,7,4,0.6667,0,0,2,0,0.6667,2
2125,713,2,1752554,2458,0,0,4,4,10,2,5,14,2,3,2,0.3333,1,2,2,2,0.3333,2
4694,3330,4,6729930,2021,3,1,3,4,9,0,3,15,0,13,4,0.6667,0,4,2,0,0.6667,2
709,548,1,3835452,6999,1,2,2,1,5,0,3,10,3,0,8,0.5111,0,1,1,0,0.3578,1
4175,1927,3,3036952,1576,0,2,4,3,9,3,5,18,1,6,4,0.6667,0,0,2,1,0.6667,2
1288,1189,5,3499227,2943,2,0,6,4,12,3,5,18,3,5,3,0.5,2,5,3,0,0.65,2
4808,1453,4,556499,383,0,2,6,3,11,1,1,12,0,8,3,0.5,0,0,0,0,0.2,2
3487,3906,2,32345586,8281,0,1,2,1,5,0,5,15,2,1,6,0.8444,0,1,2,0,0.8444,2
2097,1064,4,334096,314,1,0,2,4,8,2,1,10,3,0,9,0.3444,0,1,1,0,0.2411,2
3713,2990,5,19796790,6621,1,0,5,4,11,0,5,18,3,6,12,0.0,0,0,2,1,0.0,1
4651,1957,5,1452094,742,3,3,3,3,8,3,2,17,3,4,3,0.5,1,5,3,0,0.65,2
4196,3145,2,4849590,1542,1,2,1,2,5,0,4,14,1,12,8,0.5111,0,4,2,0,0.5111,2
2774,2197,1,10009532,4556,0,3,6,3,11,1,3,11,0,3,1,0.1667,1,2,2,2,0.1667,1
3494,3585,1,6015630,1678,0,3,5,3,10,0,1,7,1,9,12,0.0,0,0,2,1,0.0,1
801,2025,1,7397325,3653,0,3,5,3,10,3,3,11,3,10,12,0.0,0,0,2,0,0.0,1
654,670,4,373860,558,0,2,2,1,5,2,1,12,3,9,3,0.5,0,4,2,0,0.5,2
959,3476,4,6058668,1743,1,3,3,4,9,1,4,18,3,1,9,0.3444,0,3,2,2,0.3444,2
4277,3553,2,15739790,4430,2,3,3,1,6,2,5,17,2,6,7,0.6778,0,2,2,2,0.6778,2
1387,1945,2,10903670,5606,3,2,6,4,12,1,2,10,3,2,1,0.1667,1,5,3,0,0.2167,2
3176,2873,5,13560560,4720,3,2,1,4,7,0,5,18,1,11,4,0.6667,2,4,3,0,0.8667,2
4150,2083,3,4293063,2061,1,0,2,3,7,3,3,12,0,7,3,0.5,0,2,2,1,0.5,1
2271,2551,1,5196387,2037,1,0,5,1,8,2,2,6,3,6,7,0.6778,0,3,2,2,0.6778,2
4042,3583,3,19810407,5529,1,2,5,1,8,3,2,12,1,10,7,0.6778,0,2,2,1,0.6778,2
4414,3451,5,6239408,1808,2,1,6,4,12,0,5,18,3,6,12,0.0,0,0,2,1,0.0,1
3509,1663,1,6959655,4185,2,0,5,3,10,1,4,10,2,4,8,0.5111,1,4,2,0,0.5111,2
3514,3420,3,27171900,7945,3,3,3,3,8,1,5,18,0,11,6,0.8444,2,5,3,0,1.0,2
1684,3887,1,4815993,1239,1,1,1,3,6,1,0,3,1,4,9,0.3444,1,1,2,0,0.3444,1
3847,3534,2,3908604,1106,0,1,1,2,5,0,2,9,1,1,3,0.5,0,2,2,1,0.5,2
3091,2124,4,5182560,2440,0,2,4,4,10,0,2,14,3,5,12,0.0,2,4,3,0,0.0,2
1998,3797,3,7563624,1992,2,3,3,1,6,1,0,9,2,13,3,0.5,0,0,2,0,0.5,2
2576,2235,4,3061950,1370,2,1,4,4,10,1,4,17,3,4,1,0.1667,1,0,2,1,0.1667,2
931,642,1,379422,591,0,3,6,4,12,0,3,11,2,6,3,0.5,0,2,2,2,0.5,2
1677,2032,1,5453888,2684,1,3,6,3,11,2,2,9,0,11,2,0.3333,2,5,3,0,0.4333,2
4109,3003,4,12525513,4171,3,3,5,4,11,0,0,11,2,12,7,0.6778,0,0,2,0,0.6778,2
3393,2134,2,9775854,4581,0,3,1,4,7,2,2,11,2,9,2,0.3333,0,1,2,0,0.3333,1
1426,2065,2,5207930,2522,1,2,6,4,12,2,2,10,0,8,10,0.1778,0,0,0,0,0.0711,0
2233,2591,2,2409630,930,3,1,1,4,7,2,2,9,3,0,11,0.0889,0,1,1,0,0.0622,1
2283,1306,1,514564,394,1,1,4,2,8,3,3,9,3,4,2,0.3333,1,1,2,0,0.3333,2
869,2419,4,5933807,2453,0,2,1,2,5,0,2,14,0,9,4,0.6667,0,4,2,0,0.6667,2
4596,414,3,1732590,4185,3,1,6,3,11,3,0,7,1,6,3,0.5,0,2,2,2,0.5,1
2683,2689,2,6206212,2308,0,3,5,1,8,2,5,17,1,6,10,0.1778,0,3,2,2,0.1778,1
1283,1532,3,2386856,1558,1,2,5,4,11,0,4,16,0,6,11,0.0889,0,3,2,2,0.0889,1
3150,1512,3,1404648,929,1,3,4,1,7,1,0,9,2,1,10,0.1778,0,1,2,0,0.1778,1
4100,2167,5,3913602,1806,1,3,5,3,10,2,0,13,2,0,12,0.0,0,2,1,1,0.0,1
4736,959,2,559097,583,3,0,2,1,5,1,4,12,1,4,3,0.5,1,5,3,0,0.65,2
4729,2742,3,3430242,1251,1,2,4,2,8,1,3,14,0,5,5,0.7556,2,5,3,0,0.9823,2
901,3541,5,1164989,329,0,1,1,4,7,2,3,17,2,8,1,0.1667,0,0,0,0,0.0667,2
756,3958,2,11141770,2815,3,2,4,2,8,2,0,6,1,6,9,0.3444,0,1,2,0,0.3444,1
4064,2891,4,4764368,1648,3,0,3,4,9,2,1,10,1,8,9,0.3444,0,5,1,0,0.2411,1
2240,2752,3,12458304,4527,0,1,4,4,10,3,2,11,1,5,1,0.1667,2,4,3,0,0.2167,2
2951,3499,2,3184090,910,3,2,2,3,7,3,3,12,3,7,11,0.0889,0,1,2,0,0.0889,1
3718,3467,1,9388636,2708,1,2,5,4,11,1,4,12,1,9,8,0.5111,0,4,2,0,0.5111,2
4410,2384,1,6896912,2893,1,3,1,1,4,3,1,7,0,13,9,0.3444,0,2,2,1,0.3444,1
4286,1128,5,5299344,4698,3,1,2,4,8,1,0,11,3,10,3,0.5,0,2,2,1,0.5,2
1982,2815,4,7572350,2690,2,2,2,3,7,2,2,14,3,10,2,0.3333,0,0,2,0,0.3333,2
739,1014,3,655044,646,3,0,1,3,6,2,4,14,3,13,7,0.6778,0,2,2,1,0.6778,2
2211,3567,2,24783516,6948,2,1,4,4,10,0,2,9,3,0,4,0.6667,0,0,1,0,0.4667,1
1311,1818,5,4441374,2443,1,1,1,2,5,0,4,18,0,11,1,0.1667,2,4,3,0,0.2167,2
751,3631,3,13409283,3693,3,2,2,3,7,3,5,18,1,11,10,0.1778,2,5,3,0,0.2311,2
4008,1561,2,2093301,1341,3,3,2,3,7,2,2,11,3,1,4,0.6667,0,2,2,1,0.6667,2
1614,2033,4,3027137,1489,0,1,3,2,7,1,4,17,1,6,9,0.3444,0,0,2,1,0.3444,1
1584,1360,3,5856160,4306,2,3,6,1,9,2,4,17,0,7,10,0.1778,0,4,3,0,0.2311,1
2425,3707,3,9352761,2523,2,1,3,1,6,1,5,17,3,9,9,0.3444,0,4,2,0,0.3444,2
4659,3493,4,1746500,500,3,2,3,1,6,2,2,14,3,0,6,0.8444,0,1,1,0,0.5911,2
1893,3266,3,4431962,1357,1,3,4,4,10,1,3,15,1,2,8,0.5111,1,5,3,0,0.6644,2
840,3004,1,7936568,2642,2,3,5,1,8,1,3,11,3,4,7,0.6778,1,5,3,0,0.8811,2
4233,2709,1,7674597,2833,1,2,4,4,10,2,3,10,2,6,11,0.0889,0,2,2,2,0.0889,1
3162,2888,1,12669656,4387,2,3,6,2,10,2,5,15,3,9,11,0.0889,0,2,2,1,0.0889,1
1693,1093,1,2677850,2450,3,1,5,4,11,0,4,11,0,1,7,0.6778,0,4,2,0,0.6778,2
4232,2277,2,10251054,4502,2,3,3,1,6,1,1,9,0,6,6,0.8444,0,0,2,1,0.8444,1
1220,2288,1,3011008,1316,1,1,4,2,8,0,0,3,3,0,3,0.5,0,2,1,1,0.35,1
3905,2615,5,17089025,6535,3,3,6,1,9,0,3,18,3,12,1,0.1667,0,0,2,0,0.1667,2
1413,709,4,632428,892,0,1,4,3,9,2,0,9,1,4,7,0.6778,1,1,2,0,0.6778,2
2677,2392,2,18088304,7562,0,1,6,4,12,0,4,13,3,10,3,0.5,0,0,2,0,0.5,1
2172,3391,3,15395140,4540,3,2,2,2,6,0,0,8,2,6,8,0.5111,0,2,2,2,0.5111,2
4086,491,3,2131922,4342,3,3,4,2,8,2,2,13,3,12,9,0.3444,0,4,2,0,0.3444,2
3522,2657,3,12437417,4681,0,2,5,2,9,3,5,18,2,3,1,0.1667,1,3,2,2,0.1667,2
3595,3600,4,3448800,958,3,1,3,4,9,1,2,13,2,6,10,0.1778,0,1,2,0,0.1778,1
2640,767,5,701805,915,0,3,6,1,9,1,1,15,0,0,11,0.0889,0,0,1,0,0.0622,1
2423,3807,4,6312006,1658,3,2,3,1,6,0,4,18,1,0,12,0.0,0,1,1,0,0.0,1
3545,951,3,484059,509,3,0,3,3,8,1,3,12,2,1,1,0.1667,0,3,2,2,0.1667,2
1269,1837,1,10018998,5454,3,1,2,2,6,2,2,7,2,9,7,0.6778,0,2,2,1,0.6778,2
4701,3804,5,8874732,2333,1,2,5,3,10,2,1,14,0,10,12,0.0,0,4,2,0,0.0,1
2867,562,3,1175704,2092,3,0,2,1,5,1,2,10,2,6,1,0.1667,0,0,2,1,0.1667,1
4758,1132,2,8123232,7176,3,1,2,2,6,0,4,13,3,1,7,0.6778,0,1,2,0,0.6778,2
3157,564,5,2133048,3782,0,3,2,1,5,3,4,18,1,1,8,0.5111,0,2,2,1,0.5111,2
2825,1321,4,8594426,6506,1,1,4,3,9,2,3,15,3,6,12,0.0,0,3,2,2,0.0,2
1217,758,3,616254,813,2,2,5,3,10,1,4,16,2,8,1,0.1667,0,0,0,0,0.0667,1
3273,2265,1,5861820,2588,1,0,1,2,5,1,5,12,2,6,8,0.5111,0,0,2,1,0.5111,1
3150,3214,2,11618610,3615,1,1,6,2,10,1,2,9,0,0,12,0.0,0,4,2,0,0.0,1
2825,2086,5,3773574,1809,2,2,1,2,5,2,3,18,2,6,6,0.8444,0,1,2,0,0.8444,2
1406,3470,3,16215310,4673,3,2,5,1,8,2,1,10,0,5,4,0.6667,2,5,3,0,0.8667,2
2189,1789,3,2987630,1670,3,2,6,4,12,2,1,10,1,10,3,0.5,0,1,2,0,0.5,2
4668,3811,2,4214966,1106,0,1,1,2,5,0,4,13,0,6,9,0.3444,0,3,2,2,0.3444,1
4823,2393,3,4884113,2041,1,0,5,3,10,1,5,16,3,8,5,0.7556,0,1,1,0,0.5289,2
1994,3269,3,3448795,1055,0,1,3,3,8,0,2,11,0,0,6,0.8444,0,4,2,0,0.8444,2
3785,1511,2,1096986,726,3,3,5,4,11,2,3,13,2,13,1,0.1667,0,2,2,1,0.1667,2
3973,2056,5,9369192,4557,2,1,1,2,5,0,3,17,0,8,5,0.7556,0,1,1,0,0.5289,2
4997,3830,4,17437990,4553,1,0,3,1,6,3,4,16,3,11,11,0.0889,2,5,3,0,0.1156,2
3020,2928,5,2506368,856,1,0,3,4,9,2,4,18,1,1,1,0.1667,0,1,2,0,0.1667,1
2578,1929,4,1878846,974,2,1,2,2,6,1,0,9,0,0,1,0.1667,0,1,1,0,0.1167,1
2221,1159,1,1782542,1538,1,1,5,1,8,2,2,7,3,10,2,0.3333,0,4,2,0,0.3333,1
3621,3857,5,30979424,8032,3,3,5,4,11,2,5,18,0,5,8,0.5111,2,5,3,0,0.6644,2
4309,2918,2,6416682,2199,2,1,3,4,9,3,1,7,2,0,2,0.3333,0,0,1,0,0.2333,1
3423,3348,3,16569252,4949,1,2,1,4,7,2,5,18,2,6,5,0.7556,0,3,2,2,0.7556,2
1463,1441,4,6243853,4333,2,3,6,3,11,0,5,18,1,1,9,0.3444,0,2,2,1,0.3444,2
3761,3901,3,16286675,4175,2,3,6,4,12,3,2,13,3,6,12,0.0,0,3,2,2,0.0,1
1920,1254,2,1485990,1185,3,3,4,3,9,3,5,17,2,6,12,0.0,0,0,2,1,0.0,1
671,473,1,383603,811,0,0,5,1,8,3,5,12,1,7,6,0.8444,0,0,2,0,0.8444,2
3839,3222,3,7574922,2351,0,1,3,2,7,2,5,17,0,0,4,0.6667,0,0,1,0,0.4667,1
2457,3908,4,6616244,1693,0,0,3,1,6,1,3,14,1,1,11,0.0889,0,3,2,2,0.0889,2
3936,3784,4,13826736,3654,1,3,4,2,8,3,3,17,2,5,10,0.1778,2,5,3,0,0.2311,2
616,3329,2,24464821,7349,1,3,1,3,6,1,5,17,1,6,9,0.3444,0,0,2,1,0.3444,1
3887,1671,5,1452099,869,3,0,4,2,8,0,4,18,1,5,5,0.7556,2,5,3,0,0.9823,2
3779,1981,2,16481920,8320,1,1,2,3,7,3,3,11,1,2,9,0.3444,1,0,2,1,0.3444,1
3328,1354,4,1634278,1207,0,0,6,4,12,0,3,14,0,6,9,0.3444,0,4,2,0,0.3444,1
1683,2812,3,6459164,2297,3,0,2,4,8,1,0,6,0,6,11,0.0889,0,3,2,2,0.0889,1
733,3537,5,16004925,4525,1,0,3,2,7,3,4,18,1,10,7,0.6778,0,0,2,0,0.6778,2
1628,925,3,277500,300,3,3,4,1,7,3,2,13,2,8,12,0.0,0,4,1,0,0.0,2
3275,2434,3,4651374,1911,1,3,6,2,10,1,1,11,1,0,9,0.3444,0,1,1,0,0.2411,1
4060,2236,4,1855880,830,2,3,3,1,6,2,5,18,3,3,10,0.1778,1,3,2,2,0.1778,2
3035,3947,2,6192843,1569,3,3,6,4,12,0,5,17,1,4,8,0.5111,1,1,2,0,0.5111,2
1955,1992,1,1103568,554,2,2,3,1,6,3,2,8,2,4,9,0.3444,1,4,2,0,0.3444,2
2714,3365,3,4737920,1408,1,3,2,4,8,3,4,17,1,12,12,0.0,0,2,2,1,0.0,1
2627,1517,4,3654453,2409,1,0,5,2,9,3,4,16,3,4,6,0.8444,1,1,2,0,0.8444,2
3369,2978,5,911268,306,2,2,6,1,9,3,4,18,1,1,1,0.1667,0,4,2,0,0.1667,2
688,2063,2,2803617,1359,0,0,2,1,5,3,5,14,1,12,1,0.1667,0,1,2,0,0.1667,1
2414,2664,1,3425904,1286,1,2,5,4,11,0,0,4,0,1,10,0.1778,0,1,2,0,0.1778,1
3404,3792,4,5676624,1497,3,3,5,2,9,3,2,15,2,2,6,0.8444,1,0,2,1,0.8444,2
4087,1121,4,2440417,2177,3,3,1,1,4,3,3,17,0,3,3,0.5,1,1,2,1,0.5,2
3902,2549,3,20838075,8175,0,0,4,2,8,3,0,6,3,5,10,0.1778,2,5,3,0,0.2311,2
4053,2916,1,5931144,2034,0,1,1,3,6,1,5,13,1,3,4,0.6667,1,3,2,2,0.6667,2
921,2091,1,2057544,984,3,1,5,3,10,1,4,11,2,6,11,0.0889,0,3,2,2,0.0889,1
774,2096,3,7174608,3423,1,2,6,1,9,0,3,14,1,8,7,0.6778,0,4,1,0,0.4745,2
1440,1387,4,3173456,2288,0,3,4,4,10,3,3,17,3,10,4,0.6667,0,0,2,0,0.6667,2
1334,2853,5,11158083,3911,0,2,4,2,8,3,4,18,0,10,11,0.0889,0,4,2,0,0.0889,1
1029,3242,5,3773688,1164,0,0,5,3,10,0,1,12,2,2,7,0.6778,1,5,3,0,0.8811,2
2672,1546,1,1069832,692,0,1,2,3,7,2,4,11,3,3,2,0.3333,1,2,2,2,0.3333,2
862,2517,5,11885274,4722,3,1,6,3,11,3,0,11,2,6,8,0.5111,0,2,2,2,0.5111,2
4018,1593,2,6854679,4303,1,2,2,2,6,1,0,6,3,7,2,0.3333,0,0,2,0,0.3333,1
4821,3439,1,4360652,1268,3,1,3,1,6,0,4,11,0,6,8,0.5111,0,1,2,0,0.5111,1
3272,2544,3,3615024,1421,1,3,2,4,8,0,4,17,3,2,2,0.3333,1,1,2,1,0.3333,2
935,1926,1,15190362,7887,1,0,5,4,11,2,1,4,0,0,12,0.0,0,1,1,0,0.0,0
3319,659,1,5475631,8309,3,0,1,3,6,3,3,8,1,7,5,0.7556,0,0,2,0,0.7556,1
1861,2469,4,5204652,2108,1,2,2,3,7,2,2,14,0,1,9,0.3444,0,4,2,0,0.3444,2
1089,404,4,883952,2188,0,2,2,1,5,0,1,12,1,0,1,0.1667,0,2,1,1,0.1167,1
831,727,1,1973805,2715,3,2,4,2,8,1,3,10,2,9,10,0.1778,0,2,2,1,0.1778,1
2249,1584,2,9659232,6098,2,1,2,2,6,0,3,11,2,5,1,0.1667,2,5,3,0,0.2167,2
3321,3108,3,11412576,3672,0,1,6,2,10,0,4,15,0,6,2,0.3333,0,0,2,1,0.3333,1
4189,1571,4,3735838,2378,3,0,4,3,9,1,3,14,3,11,1,0.1667,2,1,2,0,0.1667,2
2282,888,1,481296,542,2,1,1,1,4,2,1,5,1,10,4,0.6667,0,0,2,0,0.6667,2
4824,1599,1,5654064,3536,3,2,6,1,9,3,2,8,3,8,2,0.3333,0,0,0,0,0.1333,1
824,3443,2,23811788,6916,3,3,1,1,4,3,0,7,0,4,12,0.0,1,1,2,0,0.0,1
4038,3259,1,1349226,414,0,3,4,2,8,3,0,5,0,5,5,0.7556,2,5,3,0,0.9823,2
4776,3062,3,9798400,3200,0,3,1,1,4,2,2,13,0,1,1,0.1667,0,2,2,1,0.1667,1
4208,2179,3,1091679,501,1,0,3,1,6,2,3,12,0,0,3,0.5,0,0,1,0,0.35,1
2745,2563,5,1076460,420,2,2,5,4,11,0,4,18,2,7,8,0.5111,0,2,2,1,0.5111,2
1144,791,2,2051063,2593,0,0,1,2,5,1,5,14,3,8,12,0.0,0,4,1,0,0.0,1
4924,2697,1,10440087,3871,3,1,4,1,7,2,2,7,3,3,9,0.3444,1,1,2,1,0.3444,2
1022,3428,2,15662532,4569,1,1,3,2,7,2,3,11,3,7,9,0.3444,0,0,2,0,0.3444,1
3797,502,4,2463314,4907,3,0,2,4,8,1,0,8,3,11,5,0.7556,2,5,3,0,0.9823,2
1485,3923,4,11572850,2950,3,3,5,1,8,1,1,13,1,10,9,0.3444,0,2,2,1,0.3444,2
1716,3991,5,16953768,4248,2,1,3,4,9,0,0,11,1,10,12,0.0,0,4,2,0,0.0,1
3463,1514,4,2193786,1449,0,0,6,3,11,0,3,14,3,8,12,0.0,0,0,0,0,0.0,1
3332,2272,1,10087680,4440,1,0,1,2,5,3,3,8,3,6,12,0.0,0,2,2,2,0.0,1
2967,3636,5,4283208,1178,3,3,4,1,7,3,3,18,2,13,5,0.7556,0,0,2,0,0.7556,2
4096,1866,3,1649544,884,1,2,5,4,11,3,1,10,3,4,6,0.8444,1,3,2,2,0.8444,2
914,2254,2,10194842,4523,2,1,6,2,10,3,1,7,3,10,4,0.6667,0,1,2,0,0.6667,2
949,1223,5,3340013,2731,0,3,6,3,11,1,3,18,3,8,12,0.0,0,0,0,0,0.0,1
3192,478,3,226094,473,2,1,5,4,11,0,0,7,1,0,12,0.0,0,0,1,0,0.0,1
3039,3573,4,15835536,4432,0,0,1,1,4,0,4,16,0,9,4,0.6667,0,4,2,0,0.6667,2
3694,1101,5,5190114,4714,3,0,1,1,4,3,2,14,1,8,5,0.7556,0,4,1,0,0.5289,2
1308,1117,2,8483615,7595,3,0,4,1,7,2,3,10,0,2,3,0.5,1,5,3,0,0.65,2
2895,3213,4,963900,300,1,1,1,4,7,3,5,18,2,4,11,0.0889,1,1,2,0,0.0889,2
3782,2410,5,9066420,3762,0,0,4,4,10,2,3,16,2,1,5,0.7556,0,2,2,1,0.7556,2
1727,1306,5,3403436,2606,0,2,3,4,9,0,5,18,2,1,2,0.3333,0,1,2,0,0.3333,2
1456,3384,3,1546488,457,0,0,4,3,9,0,3,12,0,9,3,0.5,0,0,2,1,0.5,2
927,3548,1,30310564,8543,1,1,4,1,7,2,5,13,2,4,9,0.3444,1,3,2,2,0.3444,2
1168,2054,4,2865330,1395,0,0,6,4,12,3,5,18,3,4,2,0.3333,1,5,3,0,0.4333,2
3027,3914,5,1902204,486,0,2,5,2,9,2,1,14,0,10,10,0.1778,0,0,2,0,0.1778,2
3701,2506,1,4450656,1776,3,3,1,3,6,2,2,9,1,10,1,0.1667,0,2,2,1,0.1667,1
1858,1876,2,2913428,1553,2,0,1,3,6,0,4,12,0,6,10,0.1778,0,1,2,0,0.1778,0
4575,977,5,2083941,2133,2,0,5,2,9,1,5,18,2,8,9,0.3444,0,0,0,0,0.1378,1
3641,1206,2,3685536,3056,1,3,6,1,9,0,5,17,2,2,1,0.1667,1,4,2,0,0.1667,2
2285,890,4,663940,746,1,0,5,1,8,0,4,16,3,8,1,0.1667,0,5,1,0,0.1167,2
2699,2690,3,5487600,2040,1,1,1,2,5,0,1,9,1,9,6,0.8444,0,0,2,1,0.8444,2
1587,3595,4,6744220,1876,3,0,6,1,9,3,4,16,3,4,10,0.1778,1,4,2,0,0.1778,2
3444,1920,3,2885760,1503,2,1,4,2,8,3,3,13,3,8,10,0.1778,0,0,0,0,0.0711,1
3816,938,1,1185632,1264,2,2,2,3,7,3,1,6,1,9,9,0.3444,0,1,2,0,0.3444,1
2546,1863,1,7839504,4208,0,1,1,3,6,0,3,9,1,3,3,0.5,1,0,2,1,0.5,2
3741,3282,4,19285032,5876,2,0,5,2,9,2,0,8,0,6,9,0.3444,0,2,2,2,0.3444,1
1424,3356,5,18202944,5424,1,2,2,2,6,0,0,12,2,7,9,0.3444,0,2,2,1,0.3444,2
3910,3451,2,6946863,2013,2,1,3,1,6,0,3,11,3,2,12,0.0,1,4,2,0,0.0,1
4539,1084,3,463952,428,0,2,6,2,10,2,0,8,0,6,9,0.3444,0,0,2,1,0.3444,2
3894,1283,4,510634,398,1,1,6,4,12,1,2,13,2,13,7,0.6778,0,2,2,1,0.6778,2
4068,570,4,3596130,6309,2,3,4,2,8,2,3,17,2,12,12,0.0,0,1,2,0,0.0,1
4323,2677,1,1188588,444,0,1,5,4,11,1,3,9,2,11,12,0.0,2,5,3,0,0.0,2
2377,459,2,603126,1314,2,2,1,1,4,3,1,8,2,0,4,0.6667,0,1,1,0,0.4667,1
1559,2021,1,3389217,1677,1,1,1,4,7,3,2,7,2,4,5,0.7556,1,1,2,0,0.7556,2
4035,3604,5,14340316,3979,3,2,3,1,6,2,2,16,1,6,2,0.3333,0,1,2,0,0.3333,1
3724,3967,3,4788169,1207,0,1,4,1,7,0,0,7,1,3,6,0.8444,1,0,2,1,0.8444,2
859,1329,1,5229615,3935,1,2,3,2,7,3,3,10,0,6,9,0.3444,0,4,2,0,0.3444,1
3929,3244,2,5125520,1580,0,0,6,4,12,0,4,12,0,1,6,0.8444,0,1,2,0,0.8444,1
1865,3383,4,3643491,1077,1,3,3,1,6,3,3,17,0,5,8,0.5111,2,4,3,0,0.6644,2
2228,1288,5,3584504,2783,3,0,1,3,6,0,5,18,1,11,11,0.0889,2,5,3,0,0.1156,2
3588,2360,1,1998920,847,0,2,4,3,9,1,3,10,0,4,12,0.0,1,1,2,0,0.0,1
2093,1104,3,8593536,7784,0,3,6,4,12,3,2,13,3,13,3,0.5,0,2,2,1,0.5,2
4537,3655,4,2225895,609,0,1,1,1,4,3,5,18,1,0,2,0.3333,0,2,1,1,0.2333,2
4485,1061,3,5222242,4922,0,0,4,2,8,2,1,8,0,8,12,0.0,0,4,1,0,0.0,0
4747,2147,1,9996432,4656,3,2,5,4,11,2,4,12,3,11,6,0.8444,2,4,3,0,1.0,2
813,2027,5,9322173,4599,0,0,1,1,4,2,4,18,0,8,11,0.0889,0,0,0,0,0.0356,1
4202,3867,4,28089888,7264,2,3,4,3,9,0,3,17,2,4,10,0.1778,1,5,3,0,0.2311,2
4105,1202,4,2190044,1822,0,2,2,3,7,0,1,12,1,8,4,0.6667,0,0,0,0,0.2667,1
4067,1818,3,11571570,6365,2,1,5,2,9,2,4,15,3,6,9,0.3444,0,0,2,1,0.3444,2
2585,1662,4,1470870,885,0,3,3,3,8,1,0,11,0,1,11,0.0889,0,1,2,0,0.0889,1
2022,473,3,2127081,4497,0,1,6,2,10,2,1,9,2,7,8,0.5111,0,2,2,1,0.5111,2
3360,3517,3,14416183,4099,1,1,4,4,10,3,1,9,0,4,3,0.5,1,3,2,2,0.5,2
2893,2012,5,3174936,1578,2,0,5,2,9,2,2,14,3,0,5,0.7556,0,2,1,1,0.5289,2
2193,2147,2,16214144,7552,1,0,1,4,7,2,0,4,3,7,2,0.3333,0,1,2,0,0.3333,1
1657,1711,4,7453116,4356,2,2,1,3,6,1,5,18,2,12,12,0.0,0,4,2,0,0.0,2
2766,701,5,2485045,3545,2,2,4,4,10,0,4,18,2,6,4,0.6667,0,3,2,2,0.6667,2
2245,1750,1,14966000,8552,2,0,4,3,9,3,2,6,1,9,5,0.7556,0,4,2,0,0.7556,2
1521,3368,5,20703096,6147,0,2,3,1,6,1,2,16,1,0,4,0.6667,0,0,1,0,0.4667,2
1212,3590,5,7826200,2180,1,1,5,3,10,0,5,18,3,13,10,0.1778,0,2,2,1,0.1778,2
3072,1858,5,4468490,2405,0,1,1,3,6,1,5,18,3,7,5,0.7556,0,1,2,0,0.7556,2
4237,2822,5,15275486,5413,0,1,4,3,9,1,3,17,3,9,4,0.6667,0,4,2,0,0.6667,2
3100,3193,3,3282404,1028,0,1,4,1,7,3,1,9,2,7,2,0.3333,0,4,3,0,0.4333,2
2688,3941,5,1749804,444,3,0,2,2,6,0,2,14,0,12,2,0.3333,0,4,2,0,0.3333,2
2962,624,5,2422368,3882,3,3,6,1,9,2,4,18,2,2,10,0.1778,1,5,3,0,0.2311,2
3530,1736,1,3003280,1730,2,2,2,2,6,2,2,8,3,9,3,0.5,0,0,2,1,0.5,2
1167,3104,4,5320256,1714,0,1,4,4,10,1,1,11,0,0,2,0.3333,0,1,1,0,0.2333,1
2417,1214,2,8708022,7173,3,2,6,2,10,2,2,10,0,0,6,0.8444,0,1,1,0,0.5911,1
3341,2936,4,4260136,1451,2,1,5,4,11,1,0,9,1,1,12,0.0,0,1,2,0,0.0,1
1742,1516,1,2292192,1512,0,1,2,1,5,0,0,3,3,4,9,0.3444,1,5,3,0,0.4477,2
3287,400,5,144000,360,1,3,2,3,7,2,2,17,3,0,2,0.3333,0,1,1,0,0.2333,2
4938,3740,4,9484640,2536,0,0,4,3,9,3,2,12,2,1,5,0.7556,0,3,2,2,0.7556,2
4411,2481,4,5760882,2322,0,3,4,2,8,0,1,13,1,9,4,0.6667,0,4,2,0,0.6667,2
2111,2658,2,3109860,1170,2,0,4,3,9,1,3,10,0,11,2,0.3333,2,1,2,0,0.3333,1
788,1185,2,1461105,1233,3,3,2,1,5,1,5,17,1,12,1,0.1667,0,0,2,0,0.1667,1
1240,1757,4,2544136,1448,2,3,3,4,9,1,5,18,2,8,6,0.8444,0,4,1,0,0.5911,2
4886,1043,2,2071398,1986,1,0,2,2,6,2,5,14,0,13,8,0.5111,0,4,2,0,0.5111,2
4644,3734,3,11907726,3189,2,2,4,3,9,1,2,12,0,0,3,0.5,0,1,1,0,0.35,1
3738,1076,5,6208520,5770,3,3,2,3,7,3,0,13,2,11,10,0.1778,2,4,3,0,0.2311,2
837,3717,1,5861709,1577,3,1,4,2,8,0,3,9,3,13,1,0.1667,0,4,2,0,0.1667,1
4509,1623,5,8209134,5058,0,2,6,2,10,3,3,18,0,6,11,0.0889,0,2,2,2,0.0889,1
3759,858,5,2511366,2927,3,1,5,1,8,1,5,18,2,12,4,0.6667,0,1,2,0,0.6667,2
2544,2543,3,10482246,4122,3,1,2,4,8,1,3,13,2,10,2,0.3333,0,0,2,0,0.3333,1
2660,3734,1,4977422,1333,3,1,5,2,9,2,4,11,0,0,3,0.5,0,1,1,0,0.35,1
1864,3577,2,1201872,336,2,0,3,3,8,0,1,6,3,10,4,0.6667,0,0,2,0,0.6667,2
3159,1248,2,907296,727,3,2,5,2,9,1,5,16,3,0,3,0.5,0,1,1,0,0.35,2
4551,3588,4,1280916,357,0,1,2,4,8,3,3,15,2,2,8,0.5111,1,1,2,1,0.5111,2
2054,2527,3,17234140,6820,3,1,5,3,10,2,3,13,3,9,4,0.6667,0,0,2,1,0.6667,2
3402,2863,4,7787360,2720,2,3,1,2,5,0,3,17,0,13,12,0.0,0,2,2,1,0.0,1
2613,3041,2,10664787,3507,0,3,5,1,8,0,2,11,1,2,1,0.1667,1,1,2,1,0.1667,1
4767,981,4,2791926,2846,3,1,1,2,5,2,3,15,1,8,4,0.6667,0,1,1,0,0.4667,2
4519,2384,3,15460240,6485,1,2,2,4,8,3,0,8,0,9,8,0.5111,0,0,2,1,0.5111,1
3220,1364,4,838860,615,0,1,6,4,12,1,3,15,2,1,1,0.1667,0,4,2,0,0.1667,2
1764,2371,4,15466033,6523,3,3,3,3,8,3,3,17,3,5,10,0.1778,2,5,3,0,0.2311,2
2349,2435,2,5554235,2281,0,1,4,3,9,1,3,11,3,6,4,0.6667,0,3,2,2,0.6667,2
2737,1156,2,3417136,2956,2,0,6,4,12,1,2,8,3,0,3,0.5,0,0,1,0,0.35,1
1048,467,2,1129673,2419,2,2,2,3,7,1,2,10,3,12,5,0.7556,0,1,2,0,0.7556,2
4338,3700,2,3555700,961,0,0,2,1,5,1,3,10,2,8,7,0.6778,0,0,0,0,0.2711,1
3046,1356,3,1680084,1239,3,2,6,4,12,0,5,18,1,0,3,0.5,0,0,1,0,0.35,1
3730,3998,5,3514242,879,2,0,1,2,5,1,2,14,0,2,4,0.6667,1,1,2,1,0.6667,2
3384,1597,4,6456671,4043,1,2,4,2,8,1,4,18,2,5,6,0.8444,2,5,3,0,1.0,2
2754,1594,2,1189124,746,0,1,2,4,8,1,4,13,3,9,11,0.0889,0,4,2,0,0.0889,1
3438,1250,2,2613750,2091,2,0,6,1,9,2,1,6,2,1,12,0.0,0,1,2,0,0.0,1
2318,2820,4,9861540,3497,1,2,4,2,8,1,2,14,0,6,1,0.1667,0,3,2,2,0.1667,2
3063,3447,5,2212974,642,2,1,3,3,8,1,3,17,0,11,4,0.6667,2,5,3,0,0.8667,2
2736,3033,5,7154847,2359,1,1,1,4,7,3,3,17,0,6,2,0.3333,0,4,2,0,0.3333,1
3144,841,4,793063,943,1,3,5,4,11,1,3,17,3,10,9,0.3444,0,4,2,0,0.3444,2
3509,2616,2,4648632,1777,3,3,4,1,7,2,4,15,0,7,10,0.1778,0,2,2,1,0.1778,1
3729,1822,1,1719968,944,0,2,1,3,6,0,5,14,0,5,12,0.0,2,5,3,0,0.0,2
4715,3040,4,10174880,3347,1,2,5,4,11,3,2,14,2,13,3,0.5,0,2,2,1,0.5,2
2063,2645,5,4083880,1544,2,0,2,3,7,0,3,16,2,11,2,0.3333,2,5,3,0,0.4333,2
3664,2750,4,9762500,3550,3,2,3,2,7,2,5,18,2,9,12,0.0,0,1,2,0,0.0,1
4622,544,3,2458336,4519,2,1,1,2,5,0,4,15,1,9,12,0.0,0,0,2,1,0.0,1
4494,2531,2,3561117,1407,0,2,6,4,12,0,4,14,1,6,3,0.5,0,2,2,2,0.5,2
4828,1013,4,4424784,4368,1,2,2,4,8,3,5,18,1,1,4,0.6667,0,2,2,1,0.6667,2
2038,1752,5,4206552,2401,2,0,1,1,4,0,3,16,1,3,6,0.8444,1,0,2,1,0.8444,2
4391,3936,3,3384960,860,0,3,6,3,11,3,4,17,2,1,7,0.6778,0,3,2,2,0.6778,2
2971,638,5,307516,482,0,0,1,2,5,2,3,16,2,9,12,0.0,0,0,2,1,0.0,2
731,2257,4,2832535,1255,2,0,1,4,7,3,4,16,1,4,1,0.1667,1,5,3,0,0.2167,2
3395,1601,2,4103363,2563,0,0,1,1,4,0,5,14,3,7,11,0.0889,0,0,2,0,0.0889,1
3299,3333,1,10715595,3215,1,0,2,1,5,3,2,6,3,11,10,0.1778,2,5,3,0,0.2311,2
2245,942,4,1697484,1802,2,0,4,3,9,1,5,18,2,2,8,0.5111,1,1,2,1,0.5111,2
3254,2080,3,844480,406,2,1,6,4,12,1,4,15,0,0,1,0.1667,0,2,1,1,0.1167,2
1965,3860,1,30733320,7962,3,0,1,4,7,2,3,8,1,1,2,0.3333,0,1,2,0,0.3333,1
1512,453,2,989352,2184,3,1,1,1,4,2,0,5,2,7,2,0.3333,0,0,2,0,0.3333,1
3422,788,2,6608168,8386,0,0,4,1,7,2,5,14,1,2,3,0.5,1,4,2,0,0.5,2
4610,1643,3,13597468,8276,1,0,2,1,5,1,2,10,1,4,9,0.3444,1,5,3,0,0.4477,2
1971,1474,2,3036440,2060,3,3,2,3,7,1,3,13,1,3,11,0.0889,1,3,2,2,0.0889,2
918,1835,4,5264615,2869,2,0,5,1,8,0,1,10,2,12,10,0.1778,0,2,2,1,0.1778,1
2059,3695,4,5287545,1431,2,3,5,4,11,1,4,18,0,1,8,0.5111,0,4,2,0,0.5111,2
2520,3479,4,7907767,2273,0,1,5,2,9,3,5,18,1,6,8,0.5111,0,0,2,1,0.5111,2
2470,1545,1,1260720,816,1,1,2,1,5,0,1,5,3,4,5,0.7556,1,1,2,0,0.7556,2
3559,2853,4,3754548,1316,0,2,5,4,11,0,4,18,1,11,9,0.3444,2,5,3,0,0.4477,2
831,2212,5,8960812,4051,2,2,5,4,11,0,2,16,2,0,1,0.1667,0,0,1,0,0.1167,1
3605,3722,1,3040874,817,1,2,5,3,10,2,1,6,3,6,7,0.6778,0,0,2,1,0.6778,2
4292,1801,2,11331892,6292,1,3,2,3,7,2,1,9,2,0,11,0.0889,0,1,1,0,0.0622,1
4195,946,3,1776588,1878,2,3,2,3,7,2,0,9,1,11,11,0.0889,2,5,3,0,0.1156,2
4059,1521,3,5010174,3294,2,1,5,1,8,1,1,9,0,8,3,0.5,0,1,1,0,0.35,1
2161,1583,2,5310965,3355,1,3,4,2,8,0,4,15,2,9,6,0.8444,0,0,2,1,0.8444,2
1895,1059,5,1263387,1193,3,1,3,2,7,3,4,18,3,6,3,0.5,0,1,2,0,0.5,2
4130,3302,4,2991612,906,0,3,5,3,10,3,0,11,0,13,6,0.8444,0,2,2,1,0.8444,2
1524,1380,2,4251780,3081,1,2,1,1,4,1,1,8,1,3,10,0.1778,1,0,2,1,0.1778,1
4442,2798,4,23777404,8498,2,2,5,4,11,3,1,12,3,7,9,0.3444,0,2,2,1,0.3444,2
2674,3803,5,2407299,633,0,2,2,2,6,0,1,14,0,11,4,0.6667,2,5,3,0,0.8667,2
846,3490,1,22461640,6436,2,3,2,4,8,3,1,7,0,8,5,0.7556,0,0,0,0,0.3022,1
1581,1702,3,8188322,4811,2,1,4,1,7,0,5,17,0,0,4,0.6667,0,1,1,0,0.4667,2
2152,3035,2,1107775,365,2,1,4,2,8,1,4,13,1,3,4,0.6667,1,3,2,2,0.6667,2
4263,3011,1,5028370,1670,1,3,1,1,4,3,0,5,3,0,6,0.8444,0,1,1,0,0.5911,2
3711,2090,4,1076350,515,0,2,1,2,5,3,4,18,0,12,4,0.6667,0,1,2,0,0.6667,2
3990,1222,2,2613858,2139,1,3,6,2,10,2,3,13,1,13,5,0.7556,0,0,2,0,0.7556,2
1765,3439,5,5220402,1518,1,3,4,2,8,2,3,18,2,13,10,0.1778,0,0,2,0,0.1778,1
2670,561,5,407847,727,1,1,5,4,11,3,5,18,3,6,3,0.5,0,1,2,0,0.5,2
741,2279,4,3154136,1384,2,2,1,1,4,2,0,10,1,7,3,0.5,0,2,2,1,0.5,2
3724,2008,1,9523944,4743,0,0,4,1,7,2,3,8,1,11,9,0.3444,2,1,2,0,0.3444,1
1049,3839,5,7739424,2016,3,0,1,4,7,1,3,16,3,4,4,0.6667,1,4,2,0,0.6667,2
620,2846,3,4886582,1717,1,1,6,3,11,2,1,9,0,0,12,0.0,0,1,1,0,0.0,0
3060,3655,2,1154980,316,1,2,3,1,6,1,1,8,2,0,8,0.5111,0,1,1,0,0.3578,2
3181,2179,1,6153496,2824,3,3,3,3,8,3,3,11,0,6,6,0.8444,0,0,2,1,0.8444,1
4090,2498,3,4756192,1904,0,1,4,1,7,0,0,7,1,6,3,0.5,0,3,2,2,0.5,2
3504,3700,4,29337300,7929,2,0,5,2,9,3,4,16,2,3,9,0.3444,1,3,2,2,0.3444,2
4957,2965,5,4302215,1451,1,0,4,1,7,2,0,10,0,6,9,0.3444,0,0,2,1,0.3444,1
1060,1174,3,4440068,3782,0,1,3,1,6,3,5,17,2,0,3,0.5,0,1,1,0,0.35,2
1084,491,4,866124,1764,3,2,3,2,7,0,0,10,1,12,4,0.6667,0,4,2,0,0.6667,2
4238,3114,3,9398052,3018,2,1,1,3,6,0,4,15,1,7,7,0.6778,0,0,2,0,0.6778,2
3612,3788,3,18618020,4915,1,3,1,1,4,1,2,13,3,10,5,0.7556,0,0,2,0,0.7556,2
605,922,1,3911124,4242,2,3,2,4,8,3,2,9,1,6,1,0.1667,0,4,2,0,0.1667,1
4109,2690,1,9595230,3567,1,2,3,2,7,1,2,8,0,8,1,0.1667,0,4,1,0,0.1167,1
2000,2742,4,1584876,578,3,0,5,1,8,1,3,14,2,2,2,0.3333,1,1,2,1,0.3333,2
2953,1990,5,8865450,4455,3,2,6,3,11,3,2,16,0,8,4,0.6667,0,0,0,0,0.2667,2
2612,1295,3,2604245,2011,1,3,4,4,10,3,0,9,0,7,9,0.3444,0,0,2,0,0.3444,1
1703,2046,5,7897560,3860,1,0,5,3,10,2,0,10,2,9,10,0.1778,0,0,2,1,0.1778,1
2183,3841,3,5726931,1491,3,1,3,4,9,2,2,11,3,6,3,0.5,0,0,2,1,0.5,2
2713,1311,3,1578444,1204,2,0,5,2,9,0,0,6,2,13,10,0.1778,0,1,2,0,0.1778,1
4209,2766,4,9675468,3498,0,1,3,2,7,2,4,17,3,7,9,0.3444,0,0,2,0,0.3444,2
1823,3588,3,16598088,4626,0,2,2,1,5,3,4,16,3,3,2,0.3333,1,2,2,2,0.3333,2
2617,527,5,344658,654,0,1,4,3,9,3,5,18,3,4,9,0.3444,1,3,2,2,0.3444,2
3576,1828,1,7008552,3834,1,0,3,3,8,2,5,12,3,0,12,0.0,0,4,2,0,0.0,1
1271,3466,1,8131236,2346,2,2,6,3,11,0,2,8,3,9,3,0.5,0,4,2,0,0.5,2
3854,839,1,4542346,5414,2,3,6,2,10,2,0,5,2,12,9,0.3444,0,1,2,0,0.3444,1
2474,3439,4,7902822,2298,0,3,1,3,6,1,2,15,3,9,2,0.3333,0,4,2,0,0.3333,2
4531,3311,3,12859924,3884,3,1,6,4,12,1,0,7,0,13,1,0.1667,0,0,2,0,0.1667,0
3967,1974,1,10939908,5542,0,2,5,3,10,3,3,10,3,7,5,0.7556,0,1,2,0,0.7556,2
954,1112,5,1721376,1548,3,3,5,4,11,3,2,17,3,9,10,0.1778,0,1,2,0,0.1778,2
3903,2847,5,11015043,3869,0,3,3,2,7,0,2,17,1,11,1,0.1667,2,5,3,0,0.2167,2
2606,1517,4,3605909,2377,0,0,1,2,5,2,5,18,0,12,10,0.1778,0,0,2,0,0.1778,1
1125,2988,5,3507912,1174,2,1,4,4,10,2,1,13,1,9,5,0.7556,0,4,2,0,0.7556,2
3089,1570,1,1138250,725,0,0,2,2,6,3,2,6,2,4,3,0.5,1,5,3,0,0.65,2
3984,910,4,1155700,1270,0,1,3,3,8,1,4,17,3,6,9,0.3444,0,3,2,2,0.3444,2
2063,3762,3,1395702,371,1,3,2,4,8,0,5,18,0,7,2,0.3333,0,1,2,0,0.3333,2
4624,3500,3,18753000,5358,2,0,5,2,9,1,5,16,0,11,6,0.8444,2,1,2,0,0.8444,2
1294,2644,4,2548816,964,3,0,6,2,10,0,3,14,2,8,8,0.5111,0,5,1,0,0.3578,2
4967,791,3,3330901,4211,0,2,3,1,6,1,3,14,2,13,4,0.6667,0,4,2,0,0.6667,2
3125,3900,5,14851200,3808,0,0,3,2,7,3,4,18,1,6,3,0.5,0,3,2,2,0.5,2
1317,1369,2,3605946,2634,2,2,3,2,7,2,5,16,3,4,2,0.3333,1,0,2,1,0.3333,2
1131,2667,5,5053965,1895,1,3,3,1,6,1,1,15,3,1,11,0.0889,0,1,2,0,0.0889,2
4230,3437,5,5103945,1485,3,2,2,2,6,2,1,14,1,10,12,0.0,0,2,2,1,0.0,1
1310,3599,3,4898239,1361,0,0,3,4,9,2,2,10,2,7,1,0.1667,0,0,2,0,0.1667,1
1283,1679,3,562465,335,3,1,6,2,10,2,3,13,2,1,1,0.1667,0,4,2,0,0.1667,2
3695,864,3,4167072,4823,0,3,5,3,10,3,0,9,2,10,4,0.6667,0,0,2,0,0.6667,2
1485,1991,5,1335961,671,3,2,1,4,7,3,1,14,1,12,10,0.1778,0,4,2,0,0.1778,2
4426,2830,5,4782700,1690,3,0,4,4,10,0,5,18,2,8,11,0.0889,0,1,1,0,0.0622,1
2135,1057,2,2108715,1995,1,0,6,4,12,2,1,6,2,7,4,0.6667,0,2,2,1,0.6667,2
1118,1295,5,1265215,977,1,1,4,4,10,1,4,18,2,4,11,0.0889,1,1,2,0,0.0889,2
776,2721,3,9267726,3406,0,0,4,3,9,2,0,6,0,0,11,0.0889,0,4,2,0,0.0889,1
4121,2275,1,6431425,2827,0,1,3,4,9,2,3,9,1,0,11,0.0889,0,1,1,0,0.0622,0
2435,1709,3,2778834,1626,0,2,2,4,8,3,0,8,3,9,4,0.6667,0,2,2,1,0.6667,2
4198,1695,1,4047660,2388,2,2,1,3,6,2,5,14,2,6,6,0.8444,0,1,2,0,0.8444,2
2276,1802,4,922624,512,0,1,1,1,4,1,2,13,2,9,9,0.3444,0,2,2,1,0.3444,2
2994,3259,1,3259000,1000,0,1,2,4,8,1,5,13,0,0,11,0.0889,0,1,1,0,0.0622,0
4805,2273,3,3370859,1483,2,1,4,1,7,1,5,17,0,7,12,0.0,0,4,3,0,0.0,1
1629,1276,4,2627284,2059,1,3,5,2,9,2,0,11,2,1,11,0.0889,0,4,2,0,0.0889,1
2909,1554,1,3291372,2118,3,3,5,2,9,1,1,7,2,7,7,0.6778,0,4,3,0,0.8811,2
2809,955,4,6719380,7036,2,3,4,2,8,3,0,11,2,2,12,0.0,1,4,2,0,0.0,2
1626,655,3,2520440,3848,1,3,6,4,12,3,5,18,3,6,2,0.3333,0,2,2,2,0.3333,2
4788,1172,2,1612672,1376,1,0,6,2,10,2,3,10,0,0,4,0.6667,0,4,2,0,0.6667,2
4339,3965,5,7953790,2006,3,3,3,3,8,1,5,18,3,12,12,0.0,0,0,2,0,0.0,1
2403,2551,3,11206543,4393,1,3,1,1,4,2,5,18,3,6,11,0.0889,0,0,2,1,0.0889,1
2266,648,2,1002456,1547,3,1,4,1,7,3,1,7,2,0,2,0.3333,0,1,1,0,0.2333,1
4184,463,4,3228036,6972,2,1,1,4,7,3,1,11,3,0,3,0.5,0,0,1,0,0.35,1
4144,578,4,552568,956,0,1,6,1,9,1,1,11,1,4,1,0.1667,1,0,2,1,0.1667,1
3720,1919,2,6515005,3395,1,0,4,1,7,0,5,14,1,12,3,0.5,0,4,2,0,0.5,2
2046,2841,3,6645099,2339,1,3,2,4,8,0,3,15,2,6,11,0.0889,0,2,2,2,0.0889,1
1189,987,4,967260,980,0,3,6,4,12,3,1,13,2,0,10,0.1778,0,4,2,0,0.1778,2
1960,2968,4,11159680,3760,3,1,4,1,7,0,1,11,2,13,1,0.1667,0,0,2,0,0.1667,1
1933,3131,1,2677005,855,1,0,6,1,9,0,3,8,1,11,10,0.1778,2,4,3,0,0.2311,2
1040,1538,3,8389790,5455,2,3,3,2,7,3,0,9,2,10,2,0.3333,0,4,2,0,0.3333,1
635,1217,5,2678617,2201,2,0,2,4,8,3,5,18,3,6,9,0.3444,0,0,2,1,0.3444,2
2005,1460,3,592760,406,3,0,6,1,9,2,0,6,3,7,10,0.1778,0,1,2,0,0.1778,2
4326,1943,1,2393776,1232,1,2,4,2,8,1,1,6,0,3,2,0.3333,1,2,2,2,0.3333,1
3701,2814,2,3767946,1339,2,3,2,3,7,3,2,11,3,7,9,0.3444,0,0,2,0,0.3444,1
4187,1776,1,2896656,1631,0,1,4,1,7,2,4,11,2,0,5,0.7556,0,1,1,0,0.5289,2
869,1260,3,2237760,1776,1,0,6,4,12,2,2,10,3,1,10,0.1778,0,2,2,1,0.1778,1
4574,3798,2,19001394,5003,2,3,2,1,5,1,4,15,3,1,5,0.7556,0,1,2,0,0.7556,2
4047,1792,1,4617984,2577,0,3,1,2,5,1,2,9,2,8,1,0.1667,0,0,0,0,0.0667,1
3388,3764,2,4328600,1150,1,1,2,4,8,2,0,5,3,1,3,0.5,0,4,2,0,0.5,2
1942,2091,3,15824688,7568,1,0,4,2,8,3,1,8,0,0,12,0.0,0,0,1,0,0.0,0
2044,802,3,364108,454,0,2,3,1,6,1,0,8,3,13,4,0.6667,0,1,2,0,0.6667,2
2353,1358,5,4241034,3123,0,1,2,3,7,0,5,18,2,0,3,0.5,0,2,1,1,0.35,2
4357,1100,5,792000,720,0,3,1,3,6,1,5,18,0,1,6,0.8444,0,3,2,2,0.8444,2
4800,2603,2,5557405,2135,1,3,3,2,7,0,4,15,2,11,5,0.7556,2,5,3,0,0.9823,2
2085,2387,2,4532913,1899,2,2,4,1,7,3,1,8,0,1,5,0.7556,0,2,2,1,0.7556,2
2915,2542,3,18823510,7405,0,3,5,4,11,2,4,17,1,10,7,0.6778,0,0,2,0,0.6778,2
3923,3770,4,13059280,3464,0,1,5,2,9,3,5,18,0,3,2,0.3333,1,3,2,2,0.3333,2
2511,3301,5,4661012,1412,0,3,3,2,7,2,0,13,2,7,3,0.5,0,2,2,1,0.5,2
4010,1782,4,3073950,1725,1,3,5,4,11,1,5,18,2,7,1,0.1667,0,2,2,1,0.1667,2
3385,3244,3,5002248,1542,1,3,5,3,10,2,1,11,3,6,5,0.7556,0,2,2,2,0.7556,2
1150,1729,5,7994896,4624,1,0,3,1,6,3,5,18,2,7,9,0.3444,0,0,2,0,0.3444,2
3191,1280,3,2600960,2032,0,0,1,1,4,0,1,8,3,4,4,0.6667,1,1,2,0,0.6667,2
2093,3079,4,2604834,846,1,3,3,2,7,1,5,18,0,12,11,0.0889,0,4,2,0,0.0889,1
4323,1923,2,16487802,8574,3,0,1,1,4,3,3,10,2,1,7,0.6778,0,3,2,2,0.6778,2
3221,545,5,1314540,2412,0,0,1,3,6,0,2,14,3,9,2,0.3333,0,1,2,0,0.3333,2
4368,3583,3,8875091,2477,3,0,6,2,10,3,2,10,0,12,9,0.3444,0,0,2,0,0.3444,1
3814,2273,5,929657,409,3,0,4,1,7,0,1,12,3,9,1,0.1667,0,0,2,1,0.1667,2
3883,2199,2,15977934,7266,0,3,4,4,10,1,4,15,2,2,12,0.0,1,1,2,1,0.0,2
3124,2206,2,16474408,7468,3,1,5,3,10,1,0,5,3,13,11,0.0889,0,0,2,0,0.0889,1
1606,448,3,966336,2157,1,2,5,1,8,1,5,18,1,7,1,0.1667,0,4,3,0,0.2167,2
2198,2872,2,21583080,7515,3,3,4,3,9,0,3,13,0,6,9,0.3444,0,0,2,1,0.3444,1
2623,2480,4,5222880,2106,1,3,4,4,10,1,3,17,3,7,9,0.3444,0,0,2,0,0.3444,2
3389,2584,3,3043952,1178,0,2,4,2,8,0,3,14,0,1,12,0.0,0,1,2,0,0.0,1
2503,3995,1,2900370,726,3,3,6,3,11,1,5,15,0,11,1,0.1667,2,1,2,0,0.1667,2
1581,667,4,2115057,3171,3,2,1,2,5,0,3,16,3,0,3,0.5,0,1,1,0,0.35,2
2230,3743,1,3117919,833,1,1,6,2,10,0,3,9,2,1,5,0.7556,0,1,2,0,0.7556,2
1822,2944,1,1357184,461,0,1,4,2,8,2,4,11,1,0,5,0.7556,0,1,1,0,0.5289,2
3998,1456,4,1447264,994,3,1,5,1,8,3,4,17,1,7,9,0.3444,0,0,2,0,0.3444,2
2568,3442,5,2078968,604,3,2,5,2,9,0,2,16,1,9,3,0.5,0,1,2,0,0.5,2
4357,2432,3,2383360,980,0,1,4,4,10,0,1,9,0,8,3,0.5,0,1,1,0,0.35,1
1571,502,4,2470342,4921,0,3,2,3,7,3,0,11,1,13,12,0.0,0,0,2,0,0.0,1
4259,1230,3,2730600,2220,0,2,5,2,9,3,5,18,1,5,2,0.3333,2,4,3,0,0.4333,2
3584,972,4,1233468,1269,0,2,5,2,9,0,5,18,1,10,7,0.6778,0,4,2,0,0.6778,2
3113,1200,2,2917200,2431,3,3,5,3,10,0,1,9,0,4,8,0.5111,1,3,2,2,0.5111,2
3771,2691,2,5726448,2128,0,0,3,1,6,2,4,12,3,4,8,0.5111,1,0,2,1,0.5111,2
2265,1949,1,7172320,3680,3,1,1,1,4,2,5,13,3,1,12,0.0,0,3,2,2,0.0,1
3486,3834,1,15489360,4040,3,0,5,2,9,2,3,8,0,10,10,0.1778,0,0,2,0,0.1778,0
2989,1152,1,369792,321,1,2,3,4,9,0,5,14,1,1,11,0.0889,0,4,2,0,0.0889,2
2418,504,2,574560,1140,0,3,4,3,9,3,5,17,3,10,4,0.6667,0,0,2,0,0.6667,2
2075,3321,1,2308095,695,0,1,5,1,8,3,2,7,0,7,1,0.1667,0,4,3,0,0.2167,1
2436,2208,1,1262976,572,0,0,3,2,7,1,4,10,2,4,12,0.0,1,4,2,0,0.0,2
3614,795,5,2650530,3334,0,0,2,4,8,1,4,18,1,6,12,0.0,0,0,2,1,0.0,1
3150,1355,2,3125985,2307,3,1,5,3,10,3,5,15,3,6,8,0.5111,0,4,2,0,0.5111,2
2097,906,5,4173942,4607,2,1,4,2,8,0,4,18,2,0,2,0.3333,0,1,1,0,0.2333,1
2221,2774,1,2491052,898,2,1,6,3,11,2,3,9,1,3,5,0.7556,1,3,2,2,0.7556,2
3990,2261,3,1080758,478,0,2,6,4,12,2,4,16,2,13,8,0.5111,0,2,2,1,0.5111,2
2579,3489,3,3733230,1070,0,0,6,3,11,1,4,14,0,8,1,0.1667,0,0,0,0,0.0667,1
2567,3798,4,4975380,1310,0,3,3,4,9,0,2,15,1,0,2,0.3333,0,2,1,1,0.2333,2
4454,782,5,2681478,3429,2,0,5,1,8,2,1,12,1,6,4,0.6667,0,1,2,0,0.6667,2
4636,2127,4,10543539,4957,0,1,6,4,12,3,1,11,3,6,11,0.0889,0,1,2,0,0.0889,1
2802,3080,3,4718560,1532,3,1,3,4,9,2,3,13,2,13,11,0.0889,0,4,2,0,0.0889,1
4130,1189,5,865592,728,3,2,6,3,11,2,0,12,3,7,1,0.1667,0,1,2,0,0.1667,2
4548,1794,1,3283020,1830,2,2,1,4,7,0,2,8,3,0,6,0.8444,0,1,1,0,0.5911,2
4265,1053,3,3698136,3512,0,2,6,3,11,2,3,14,2,7,5,0.7556,0,0,2,0,0.7556,2
4864,3223,1,16034425,4975,0,0,6,1,9,1,0,2,0,4,3,0.5,1,1,2,0,0.5,1
1385,3162,2,19114290,6045,1,3,2,1,5,2,5,17,2,9,5,0.7556,0,1,2,0,0.7556,2
1321,704,4,415360,590,3,1,6,4,12,3,5,18,2,1,7,0.6778,0,3,2,2,0.6778,2
2976,3292,4,1968616,598,3,1,5,3,10,3,1,11,0,11,5,0.7556,2,5,3,0,0.9823,2
3306,1500,4,2259000,1506,1,3,2,2,6,2,5,18,2,7,8,0.5111,0,0,2,0,0.5111,2
4258,3802,5,9333910,2455,1,2,2,1,5,3,5,18,0,9,10,0.1778,0,4,2,0,0.1778,1
4296,2925,3,14338350,4902,0,0,1,4,7,2,4,14,3,6,4,0.6667,0,1,2,0,0.6667,2
942,2596,2,22707212,8747,3,1,1,4,7,3,2,9,0,10,2,0.3333,0,2,2,1,0.3333,1
4664,1871,2,12412214,6634,2,1,3,1,6,1,1,7,3,9,3,0.5,0,2,2,1,0.5,2
652,1919,5,1450764,756,3,3,5,3,10,0,0,13,2,11,5,0.7556,2,5,3,0,0.9823,2
3764,1685,5,3523335,2091,0,2,5,1,8,1,1,14,1,4,3,0.5,1,3,2,2,0.5,2
1653,715,5,4055480,5672,0,3,6,3,11,1,3,18,1,7,2,0.3333,0,1,2,0,0.3333,2
2879,3947,5,9397807,2381,0,1,2,3,7,1,4,18,1,4,3,0.5,1,4,2,0,0.5,2
2283,2965,2,25703585,8669,0,1,1,1,4,3,0,5,2,6,11,0.0889,0,0,2,1,0.0889,0
3104,752,4,1306976,1738,1,2,6,3,11,1,3,16,1,10,9,0.3444,0,2,2,1,0.3444,2
2848,421,3,1257948,2988,1,0,6,1,9,1,0,6,2,6,12,0.0,0,0,2,1,0.0,1
2387,2390,5,14043640,5876,3,1,3,4,9,0,4,18,0,12,7,0.6778,0,1,2,0,0.6778,2
4092,562,3,478824,852,3,0,6,2,10,0,0,6,3,9,4,0.6667,0,0,2,1,0.6667,2
2573,1638,5,1031940,630,0,0,2,2,6,2,4,18,1,12,2,0.3333,0,1,2,0,0.3333,2
3156,1370,2,1343970,981,1,3,3,3,8,2,2,11,3,6,12,0.0,0,1,2,0,0.0,1
1956,2900,1,10309500,3555,0,1,3,2,7,1,4,11,1,10,4,0.6667,0,1,2,0,0.6667,2
3179,452,3,620144,1372,2,0,5,1,8,2,1,8,0,9,8,0.5111,0,4,2,0,0.5111,1
1499,2648,5,5576688,2106,2,1,4,2,8,3,3,17,0,9,12,0.0,0,1,2,0,0.0,1
933,2964,3,11518104,3886,3,1,2,4,8,1,0,7,3,6,2,0.3333,0,0,2,1,0.3333,1
3484,3407,4,10381129,3047,1,0,1,3,6,3,5,18,3,8,10,0.1778,0,0,0,0,0.0711,1
1791,2882,5,1795486,623,1,1,5,3,10,0,0,11,2,2,11,0.0889,1,5,3,0,0.1156,2
1336,2446,4,1567886,641,0,1,3,2,7,2,4,17,2,2,4,0.6667,1,1,2,1,0.6667,2
4302,3592,3,8861464,2467,2,3,5,1,8,3,4,17,3,13,2,0.3333,0,2,2,1,0.3333,2
2898,537,2,2599080,4840,2,1,1,3,6,2,1,7,0,11,6,0.8444,2,5,3,0,1.0,2
2808,3857,5,34018740,8820,2,2,1,3,6,3,3,18,1,6,11,0.0889,0,0,2,1,0.0889,1
4992,722,2,1255558,1739,2,0,1,1,4,2,3,10,3,7,3,0.5,0,2,2,1,0.5,2
1596,2934,5,2576052,878,2,3,1,4,7,2,1,15,3,12,3,0.5,0,4,2,0,0.5,2
3294,608,5,1394752,2294,2,1,2,3,7,0,5,18,1,6,12,0.0,0,2,2,2,0.0,1
3828,971,1,3335385,3435,0,3,1,2,5,1,1,7,3,1,1,0.1667,0,1,2,0,0.1667,1
2397,731,3,6397712,8752,3,3,2,2,6,0,0,9,1,8,12,0.0,0,4,1,0,0.0,1
3133,458,2,1069888,2336,2,1,2,1,5,2,4,13,1,7,12,0.0,0,1,2,0,0.0,1
1006,3878,5,1915732,494,0,2,2,1,5,0,0,12,0,10,4,0.6667,0,0,2,0,0.6667,2
4798,2775,3,1123875,405,0,1,1,4,7,1,3,13,0,0,11,0.0889,0,4,2,0,0.0889,1
1329,473,3,430903,911,0,1,3,2,7,0,0,7,3,12,2,0.3333,0,4,2,0,0.3333,1
1245,3503,2,8761003,2501,2,2,5,1,8,0,5,16,0,10,1,0.1667,0,1,2,0,0.1667,1
621,3025,4,2087250,690,3,3,4,2,8,0,5,18,3,2,4,0.6667,1,5,3,0,0.8667,2
3373,2490,2,1648380,662,1,0,4,4,10,0,5,14,1,10,7,0.6778,0,4,2,0,0.6778,2
1607,3243,4,12145035,3745,0,2,4,1,7,0,4,18,1,9,1,0.1667,0,4,2,0,0.1667,2
4920,1880,2,5653160,3007,3,0,1,4,7,2,4,12,2,9,2,0.3333,0,1,2,0,0.3333,1
1004,1694,2,14697144,8676,0,3,3,2,7,3,0,7,1,10,1,0.1667,0,1,2,0,0.1667,1
4976,3827,4,1622648,424,3,0,4,1,7,3,4,16,2,9,5,0.7556,0,1,2,0,0.7556,2
1114,1403,5,2310741,1647,2,0,4,3,9,0,4,18,0,8,8,0.5111,0,5,1,0,0.3578,2
2627,3475,1,4684300,1348,3,1,6,3,11,1,4,11,2,6,12,0.0,0,3,2,2,0.0,1
2366,1467,4,629343,429,0,1,6,3,11,3,4,17,1,11,11,0.0889,2,5,3,0,0.1156,2
1437,3217,3,2387014,742,2,3,1,2,5,0,0,9,2,4,8,0.5111,1,1,2,0,0.5111,2
3304,1572,5,11310540,7195,2,2,2,1,5,2,0,12,0,4,8,0.5111,1,0,2,1,0.5111,2
1475,2259,2,12345435,5465,3,1,6,1,9,0,2,9,0,6,1,0.1667,0,3,2,2,0.1667,1
1363,1419,1,1877337,1323,1,0,5,2,9,2,3,8,1,12,9,0.3444,0,0,2,0,0.3444,1
3438,3833,1,19042344,4968,2,3,6,1,9,2,2,9,2,6,1,0.1667,0,4,2,0,0.1667,1
3828,2635,4,5109265,1939,1,0,1,3,6,3,4,16,1,11,1,0.1667,2,4,3,0,0.2167,2
2878,1962,2,1084986,553,0,0,4,3,9,3,3,10,1,9,6,0.8444,0,0,2,1,0.8444,2
3093,428,4,729740,1705,1,0,3,3,8,2,0,8,3,9,3,0.5,0,0,2,1,0.5,2
617,2918,3,10577750,3625,2,2,4,2,8,3,3,14,2,5,6,0.8444,2,5,3,0,1.0,2
1092,3210,5,5081430,1583,0,2,4,3,9,0,3,18,1,12,6,0.8444,0,2,2,1,0.8444,2
1415,2327,1,7995572,3436,3,1,3,3,8,3,3,9,3,6,2,0.3333,0,1,2,0,0.3333,1
4239,1949,2,884846,454,1,0,5,1,8,3,3,10,2,7,9,0.3444,0,2,2,1,0.3444,2
4421,708,4,497724,703,0,0,4,1,7,1,5,18,2,7,12,0.0,0,2,2,1,0.0,2
1716,2648,3,12350272,4664,2,2,5,3,10,0,4,16,3,6,8,0.5111,0,2,2,2,0.5111,2
803,3617,4,30784287,8511,2,2,5,1,8,0,3,16,0,6,3,0.5,0,2,2,2,0.5,2
1513,1819,1,8756666,4814,3,2,1,1,4,3,4,12,2,3,11,0.0889,1,3,2,2,0.0889,2
3800,2667,2,2947035,1105,0,0,5,2,9,3,4,12,0,6,1,0.1667,0,1,2,0,0.1667,1
3129,605,3,732050,1210,2,0,3,1,6,3,2,10,0,8,10,0.1778,0,0,0,0,0.0711,0
628,1613,4,12376549,7673,0,2,5,2,9,1,3,16,0,4,9,0.3444,1,1,2,0,0.3444,2
2413,631,1,3776535,5985,3,3,5,3,10,0,5,15,0,11,7,0.6778,2,5,3,0,0.8811,2
2405,1351,5,8793659,6509,0,1,2,4,8,1,3,17,2,6,10,0.1778,0,0,2,1,0.1778,1
1032,1608,2,4753248,2956,0,3,3,3,8,0,4,15,1,1,2,0.3333,0,2,2,1,0.3333,1
1100,722,4,1454108,2014,2,2,6,4,12,1,0,10,2,6,10,0.1778,0,2,2,2,0.1778,1
3834,2798,2,10447732,3734,3,2,4,4,10,2,2,10,3,6,9,0.3444,0,1,2,0,0.3444,1
4501,942,5,1339524,1422,1,0,4,3,9,0,1,12,0,6,8,0.5111,0,4,2,0,0.5111,1
4027,1562,1,3433276,2198,2,0,1,1,4,3,1,4,1,10,5,0.7556,0,1,2,0,0.7556,1
1758,3977,3,12209390,3070,1,1,3,2,7,0,3,13,0,2,11,0.0889,1,4,2,0,0.0889,1
3464,2349,1,6025185,2565,1,1,5,3,10,2,0,3,0,7,9,0.3444,0,2,2,1,0.3444,1
2892,2504,4,6017112,2403,3,1,4,4,10,3,2,13,1,6,3,0.5,0,1,2,0,0.5,1
1042,3414,4,5291700,1550,1,1,1,2,5,0,3,15,1,6,7,0.6778,0,2,2,2,0.6778,2
3583,3460,2,3017120,872,1,2,5,4,11,0,2,10,3,1,4,0.6667,0,4,2,0,0.6667,2
2082,2945,5,3690085,1253,3,3,5,2,9,2,2,17,1,4,12,0.0,1,5,3,0,0.0,2
1584,3020,3,3720640,1232,0,2,1,3,6,0,0,8,1,6,5,0.7556,0,1,2,0,0.7556,2
4230,627,2,1523610,2430,0,3,3,1,6,0,1,9,3,2,7,0.6778,1,4,2,0,0.6778,2
1781,3656,3,13998824,3829,2,3,1,1,4,3,4,17,1,5,12,0.0,2,5,3,0,0.0,2
4328,3729,2,11738892,3148,1,3,6,1,9,0,1,9,3,0,12,0.0,0,4,2,0,0.0,1
2603,2910,4,22188750,7625,2,3,2,2,6,0,5,18,0,1,4,0.6667,0,3,2,2,0.6667,2
1105,554,2,716322,1293,3,2,5,4,11,2,1,8,2,10,12,0.0,0,0,2,0,0.0,1
3292,1885,2,2088580,1108,3,3,5,3,10,3,4,15,0,6,7,0.6778,0,0,2,1,0.6778,2
4830,1337,3,1930628,1444,2,1,1,4,7,1,4,15,3,5,4,0.6667,2,5,3,0,0.8667,2
4058,2071,5,18570657,8967,2,0,1,1,4,1,2,14,1,7,4,0.6667,0,0,2,0,0.6667,2
779,2985,1,1498470,502,0,2,5,1,8,1,4,12,1,10,5,0.7556,0,2,2,1,0.7556,2
3750,3353,2,1083019,323,0,0,3,3,8,0,3,10,0,6,11,0.0889,0,3,2,2,0.0889,1
4413,937,2,2390287,2551,0,1,3,4,9,0,4,13,1,6,10,0.1778,0,2,2,2,0.1778,1
842,2086,4,675864,324,0,0,1,4,7,0,1,10,2,12,3,0.5,0,4,2,0,0.5,2
3078,3749,3,3257881,869,0,1,6,4,12,3,4,15,1,0,5,0.7556,0,1,1,0,0.5289,2
3692,542,4,1346328,2484,0,0,4,1,7,0,4,16,1,6,10,0.1778,0,3,2,2,0.1778,2
1611,1213,3,610139,503,0,3,3,1,6,0,0,9,0,7,9,0.3444,0,0,2,0,0.3444,1
4345,1996,1,1834324,919,1,0,4,3,9,2,3,8,1,0,7,0.6778,0,4,2,0,0.6778,2
4104,3779,2,6450753,1707,0,0,5,4,11,2,1,6,0,4,10,0.1778,1,4,2,0,0.1778,1
2483,667,5,1293313,1939,1,0,6,3,11,2,0,10,1,10,7,0.6778,0,4,2,0,0.6778,2
1649,2233,5,7846762,3514,1,3,4,3,9,3,5,18,0,1,2,0.3333,0,2,2,1,0.3333,2
1992,2708,3,19389280,7160,1,2,6,4,12,2,3,14,1,4,11,0.0889,1,1,2,0,0.0889,1
3270,3268,1,11431464,3498,0,3,5,1,8,3,0,5,2,0,5,0.7556,0,1,1,0,0.5289,2
1321,1614,1,6780414,4201,3,2,4,1,7,1,3,10,1,0,4,0.6667,0,4,2,0,0.6667,2
1226,2856,5,1333752,467,0,1,5,2,9,0,4,18,1,5,5,0.7556,2,4,3,0,0.9823,2
3191,3180,5,10621200,3340,1,1,4,1,7,2,5,18,3,1,5,0.7556,0,3,2,2,0.7556,2
676,2777,1,6734225,2425,0,0,2,4,8,0,5,12,1,1,12,0.0,0,3,2,2,0.0,1
2408,1293,1,2970021,2297,1,3,3,3,8,3,0,5,2,4,12,0.0,1,1,2,0,0.0,1
1203,1434,5,12524556,8734,3,3,3,1,6,1,0,13,0,0,12,0.0,0,2,1,1,0.0,1
2817,1569,1,1292856,824,2,3,6,3,11,0,0,5,2,2,6,0.8444,1,0,2,1,0.8444,2
1324,1744,2,3217680,1845,1,2,6,3,11,0,5,16,2,0,7,0.6778,0,2,1,1,0.4745,2
1195,835,2,2321300,2780,0,2,1,1,4,2,1,8,1,11,7,0.6778,2,5,3,0,0.8811,2
3867,1538,5,7570036,4922,3,2,2,4,8,2,0,12,3,0,1,0.1667,0,2,1,1,0.1167,1
4086,1522,2,1377410,905,1,1,2,1,5,3,5,15,2,4,9,0.3444,1,5,3,0,0.4477,2
3496,1131,2,2938338,2598,0,3,1,1,4,0,0,7,3,0,7,0.6778,0,1,1,0,0.4745,2
2795,969,4,8018475,8275,1,1,6,3,11,2,3,15,1,3,12,0.0,1,2,2,2,0.0,2
1576,495,3,1027620,2076,3,3,5,4,11,1,1,11,0,8,4,0.6667,0,0,0,0,0.2667,1
1771,1956,2,723720,370,0,2,3,1,6,0,3,12,3,8,11,0.0889,0,1,1,0,0.0622,2
844,949,2,2265263,2387,2,0,4,4,10,1,3,10,1,10,12,0.0,0,4,2,0,0.0,1
2537,603,5,2934801,4867,3,0,3,4,9,0,5,18,1,9,2,0.3333,0,0,2,1,0.3333,1
1660,2946,1,2613102,887,0,2,1,4,7,3,1,6,2,5,2,0.3333,2,5,3,0,0.4333,2
687,3450,2,14693550,4259,3,2,4,3,9,2,1,8,2,0,3,0.5,0,1,1,0,0.35,1
3563,752,5,2171024,2887,1,3,6,3,11,3,1,15,3,12,8,0.5111,0,4,2,0,0.5111,2
1472,1234,5,2688886,2179,1,2,6,3,11,1,5,18,0,4,11,0.0889,1,5,3,0,0.1156,2
1943,2820,3,6280140,2227,2,2,1,2,5,1,0,8,1,12,11,0.0889,0,0,2,0,0.0889,1
1405,1780,4,3965840,2228,1,0,1,1,4,2,5,18,0,10,6,0.8444,0,4,2,0,0.8444,2
1378,3559,4,18186490,5110,2,2,5,1,8,2,3,16,0,12,12,0.0,0,4,2,0,0.0,1
1090,1695,5,1539060,908,1,3,5,1,8,3,0,13,1,6,9,0.3444,0,0,2,1,0.3444,1
1011,1822,2,12329474,6767,0,2,1,2,5,2,2,10,1,9,8,0.5111,0,4,2,0,0.5111,2
979,1684,1,8030996,4769,2,3,1,1,4,0,0,5,1,7,3,0.5,0,2,2,1,0.5,1
3708,3322,1,18440422,5551,3,2,2,3,7,0,5,14,3,8,3,0.5,0,0,0,0,0.2,1
733,2911,3,22257506,7646,3,0,5,4,11,0,0,6,0,0,11,0.0889,0,4,2,0,0.0889,1
1195,3695,3,2401750,650,2,1,3,4,9,1,4,15,1,0,5,0.7556,0,1,1,0,0.5289,2
2822,1684,5,986824,586,1,0,6,1,9,0,1,12,1,6,11,0.0889,0,1,2,0,0.0889,1
1868,1241,5,1144202,922,3,0,3,4,9,3,2,14,1,7,11,0.0889,0,1,2,0,0.0889,1
1804,2386,3,5654820,2370,1,3,1,2,5,2,5,18,0,5,6,0.8444,2,5,3,0,1.0,2
2696,1487,4,1195548,804,0,3,5,1,8,2,0,11,2,11,5,0.7556,2,5,3,0,0.9823,2
913,1936,3,1347456,696,2,1,5,4,11,1,5,17,2,0,5,0.7556,0,1,1,0,0.5289,2
3063,1304,3,1228368,942,0,1,3,4,9,1,5,17,1,4,2,0.3333,1,1,2,0,0.3333,2
3362,1605,3,13485210,8402,3,1,1,3,6,2,1,9,3,2,6,0.8444,1,1,2,1,0.8444,2
3907,1452,2,1048344,722,3,1,6,1,9,1,1,7,0,3,2,0.3333,1,3,2,2,0.3333,2
1389,1766,4,5928462,3357,0,0,2,1,5,3,4,16,2,10,9,0.3444,0,2,2,1,0.3444,2
2510,2357,5,7848810,3330,2,0,1,4,7,0,3,16,1,4,10,0.1778,1,0,2,1,0.1778,2
4931,1455,2,3915405,2691,3,0,4,1,7,0,2,8,3,10,5,0.7556,0,4,2,0,0.7556,2
1602,1701,2,2619540,1540,2,0,4,4,10,3,5,14,0,0,6,0.8444,0,4,2,0,0.8444,2
2619,1497,4,2285919,1527,2,2,5,2,9,0,1,12,3,3,2,0.3333,1,3,2,2,0.3333,2
2312,2892,1,6984180,2415,1,2,1,1,4,1,3,10,3,4,11,0.0889,1,0,2,1,0.0889,1
919,619,3,1448460,2340,1,3,4,2,8,2,0,9,3,8,12,0.0,0,0,0,0,0.0,1
1306,3423,4,3956988,1156,2,0,3,3,8,3,2,12,3,7,12,0.0,0,2,2,1,0.0,1
3746,2882,2,6225120,2160,3,1,5,4,11,0,0,5,0,6,12,0.0,0,0,2,1,0.0,0
3122,616,4,2569952,4172,0,1,5,2,9,2,5,18,0,9,1,0.1667,0,0,2,1,0.1667,1
1802,1855,1,2127685,1147,1,1,3,2,7,0,2,7,3,6,1,0.1667,0,3,2,2,0.1667,1
2797,1215,2,2698515,2221,3,0,3,2,7,0,4,12,0,2,2,0.3333,1,5,3,0,0.4333,1
1250,2718,1,6911874,2543,3,1,4,4,10,2,2,7,3,4,9,0.3444,1,5,3,0,0.4477,2
3971,3466,2,2145454,619,0,1,1,1,4,2,4,13,3,6,8,0.5111,0,4,2,0,0.5111,2
4712,3165,3,8713245,2753,3,2,2,2,6,0,4,16,3,8,3,0.5,0,4,1,0,0.35,2
2063,3018,3,2245392,744,3,2,2,2,6,1,4,16,2,13,7,0.6778,0,2,2,1,0.6778,2
3300,3547,5,2936916,828,1,0,4,4,10,1,1,12,2,12,4,0.6667,0,2,2,1,0.6667,2
3645,1729,4,2657473,1537,0,2,6,2,10,2,3,16,0,4,5,0.7556,1,1,2,0,0.7556,2
3041,3099,2,1887291,609,1,3,5,3,10,0,1,9,2,11,2,0.3333,2,4,3,0,0.4333,2
1999,2919,4,3426906,1174,0,3,1,4,7,1,2,15,1,2,4,0.6667,1,5,3,0,0.8667,2
3151,2200,1,3786200,1721,2,3,3,4,9,3,1,7,2,3,1,0.1667,1,3,2,2,0.1667,2
4176,2430,3,1363230,561,0,3,2,2,6,1,4,17,0,10,3,0.5,0,4,2,0,0.5,2
830,3150,4,15148350,4809,1,0,4,1,7,3,0,8,0,6,3,0.5,0,3,2,2,0.5,2
4134,3314,2,1660314,501,3,1,3,2,7,2,4,13,0,10,2,0.3333,0,4,2,0,0.3333,1
1964,1151,5,4331213,3763,1,0,1,4,7,1,2,14,2,1,3,0.5,0,1,2,0,0.5,2
2995,540,4,2548800,4720,1,3,5,1,8,1,2,15,0,2,3,0.5,1,4,2,0,0.5,2
1753,478,3,581726,1217,0,2,3,3,8,0,5,18,1,2,8,0.5111,1,1,2,1,0.5111,2
4576,1144,1,448448,392,3,2,5,4,11,0,1,6,3,8,10,0.1778,0,1,1,0,0.1245,2
1708,1078,5,3762220,3490,2,3,5,3,10,2,0,13,2,7,2,0.3333,0,0,2,0,0.3333,1
2186,2953,1,15836939,5363,1,3,2,4,8,1,1,7,3,1,6,0.8444,0,1,2,0,0.8444,2
3175,1503,4,1152801,767,1,3,3,1,6,2,1,13,0,0,7,0.6778,0,0,1,0,0.4745,2
1322,1241,4,409530,330,1,1,1,3,6,0,5,18,1,7,12,0.0,0,1,2,0,0.0,2
3156,3354,4,5420064,1616,0,3,3,4,9,3,0,11,1,4,5,0.7556,1,3,2,2,0.7556,2
3495,3949,1,2558952,648,2,1,4,4,10,3,2,7,0,6,6,0.8444,0,2,2,2,0.8444,2
3910,1126,3,1106858,983,3,1,3,4,9,2,4,15,0,9,4,0.6667,0,0,2,1,0.6667,2
2934,3964,5,6425644,1621,3,3,1,2,5,3,3,18,0,6,7,0.6778,0,0,2,1,0.6778,2
953,2718,3,8738370,3215,3,3,4,3,9,3,4,17,3,4,1,0.1667,1,5,3,0,0.2167,2
3897,3478,4,7773330,2235,2,3,5,4,11,0,4,18,2,2,9,0.3444,1,1,2,1,0.3444,2
1378,1233,5,1705239,1383,0,0,6,3,11,0,4,18,1,9,5,0.7556,0,2,2,1,0.7556,2
884,3427,4,11569552,3376,2,3,5,4,11,0,0,11,1,12,4,0.6667,0,4,2,0,0.6667,2
2987,2938,5,6681012,2274,1,2,4,1,7,1,1,14,3,9,10,0.1778,0,1,2,0,0.1778,2
3422,3332,2,16653336,4998,3,3,4,4,10,3,4,15,2,6,12,0.0,0,2,2,2,0.0,1
2178,3545,5,5937875,1675,0,2,2,1,5,2,0,12,0,12,3,0.5,0,0,2,0,0.5,1
4906,3673,1,9347785,2545,2,0,3,2,7,2,5,12,2,0,2,0.3333,0,1,1,0,0.2333,1
3914,710,2,3321380,4678,2,2,1,4,7,3,5,16,2,7,6,0.8444,0,0,2,0,0.8444,2
4192,3171,2,1702827,537,1,3,3,1,6,2,0,7,0,6,1,0.1667,0,0,2,1,0.1667,1
2665,3745,1,2202060,588,2,0,4,1,7,1,3,8,1,10,7,0.6778,0,0,2,0,0.6778,2
1660,1771,4,1728496,976,3,2,1,2,5,1,2,14,0,13,11,0.0889,0,1,2,0,0.0889,1
3647,3110,5,2049490,659,1,1,3,1,6,0,5,18,0,1,8,0.5111,0,4,2,0,0.5111,2
4618,2138,3,12821586,5997,2,2,6,1,9,3,3,14,0,7,12,0.0,0,2,2,1,0.0,1
3606,2078,1,1350700,650,2,0,1,1,4,1,3,8,0,13,12,0.0,0,2,2,1,0.0,1
2997,2621,4,11212638,4278,2,0,2,3,7,2,3,14,2,10,1,0.1667,0,2,2,1,0.1667,2
1425,3117,2,24861192,7976,3,1,3,2,7,3,3,11,2,12,9,0.3444,0,0,2,0,0.3444,1
2639,3893,3,2164508,556,0,2,3,4,9,0,5,18,2,2,9,0.3444,1,4,2,0,0.3444,2
1727,1795,1,5826570,3246,3,0,2,1,5,2,1,4,2,6,2,0.3333,0,1,2,0,0.3333,1
1560,3891,2,4747020,1220,1,0,2,4,8,0,0,4,2,6,2,0.3333,0,3,2,2,0.3333,1
1034,2727,4,18284535,6705,3,0,3,3,8,2,0,8,3,5,1,0.1667,2,5,3,0,0.2167,2
1746,780,1,1018680,1306,2,1,6,4,12,3,4,11,3,2,2,0.3333,1,5,3,0,0.4333,2
4731,3604,1,8051336,2234,0,0,3,3,8,2,1,4,1,0,11,0.0889,0,2,1,1,0.0622,0
4672,3972,1,25980852,6541,1,2,2,3,7,1,2,8,2,10,7,0.6778,0,1,2,0,0.6778,2
3098,3225,4,3383025,1049,0,1,5,4,11,1,0,9,1,12,12,0.0,0,1,2,0,0.0,1
3774,787,1,5270539,6697,2,2,6,2,10,0,1,6,1,1,6,0.8444,0,1,2,0,0.8444,2
2582,1555,4,11234875,7225,2,0,3,1,6,3,2,12,1,1,4,0.6667,0,4,2,0,0.6667,2
4218,2706,4,1899612,702,2,0,3,1,6,0,2,12,1,9,1,0.1667,0,2,2,1,0.1667,2
3680,631,3,1477171,2341,1,0,5,2,9,0,1,8,1,13,11,0.0889,0,0,2,0,0.0889,0
4004,3831,1,21549375,5625,3,1,3,4,9,0,0,3,3,10,12,0.0,0,4,2,0,0.0,1
4430,2278,1,5599324,2458,1,3,5,2,9,3,0,5,3,3,5,0.7556,1,3,2,2,0.7556,2
2293,1463,2,706629,483,3,0,6,2,10,1,3,10,3,0,3,0.5,0,2,1,1,0.35,2
3776,2816,5,15704832,5577,3,2,6,3,11,3,1,14,3,6,12,0.0,0,2,2,2,0.0,2
4519,3412,1,23590568,6914,3,2,6,3,11,1,1,6,3,10,12,0.0,0,4,2,0,0.0,1
2970,1684,4,13625244,8091,3,2,4,3,9,0,5,18,0,10,12,0.0,0,0,2,0,0.0,1
1257,1103,1,609959,553,2,1,4,1,7,0,5,13,2,12,9,0.3444,0,4,2,0,0.3444,2
4093,2527,2,21656390,8570,0,1,1,1,4,1,5,15,2,11,12,0.0,2,5,3,0,0.0,2
2844,903,2,1285872,1424,2,0,3,2,7,0,3,10,2,12,1,0.1667,0,2,2,1,0.1667,1
3111,1123,2,2931030,2610,0,2,2,3,7,0,3,12,0,12,1,0.1667,0,0,2,0,0.1667,1
3134,488,2,465552,954,1,2,6,1,9,3,3,12,2,7,5,0.7556,0,1,2,0,0.7556,2
3893,3653,2,6915129,1893,3,3,1,3,6,3,3,13,3,2,3,0.5,1,1,2,1,0.5,2
3284,1646,3,3008888,1828,3,1,3,2,7,2,5,17,2,12,5,0.7556,0,4,2,0,0.7556,2
2231,2426,5,5504594,2269,3,1,1,3,6,2,2,15,1,3,5,0.7556,1,2,2,2,0.7556,2
4262,1724,1,3122164,1811,3,0,2,1,5,3,5,12,2,7,12,0.0,0,2,2,1,0.0,1
3921,2701,3,2074368,768,1,3,4,2,8,1,3,15,2,3,6,0.8444,1,3,2,2,0.8444,2
3167,3373,4,1720230,510,0,3,4,3,9,0,5,18,0,7,9,0.3444,0,2,2,1,0.3444,2
3210,3022,5,22782858,7539,0,2,3,3,8,0,5,18,0,2,11,0.0889,1,4,2,0,0.0889,2
824,3434,3,26551688,7732,3,0,6,1,9,1,2,10,3,0,8,0.5111,0,0,1,0,0.3578,1
4909,646,2,722228,1118,2,3,5,3,10,1,0,7,0,7,11,0.0889,0,1,2,0,0.0889,1
4924,3135,4,5097510,1626,0,1,2,3,7,2,4,17,1,11,2,0.3333,2,5,3,0,0.4333,2
1580,2984,5,14370944,4816,2,0,1,3,6,0,3,16,2,0,10,0.1778,0,0,1,0,0.1245,1
1521,3418,5,4535686,1327,2,1,1,3,6,1,1,13,3,6,5,0.7556,0,0,2,1,0.7556,2
3459,1542,4,3780984,2452,1,3,5,1,8,0,3,17,1,2,3,0.5,1,1,2,1,0.5,2
4673,3745,5,15567965,4157,2,3,4,1,7,3,4,18,0,8,6,0.8444,0,4,1,0,0.5911,2
1752,2152,4,11237744,5222,1,2,6,2,10,0,4,18,1,12,12,0.0,0,2,2,1,0.0,1
1722,3004,1,4554064,1516,2,0,6,3,11,1,3,8,1,12,10,0.1778,0,2,2,1,0.1778,1
3364,898,3,1549948,1726,0,2,1,3,6,0,3,14,0,5,1,0.1667,2,5,3,0,0.2167,2
3678,1095,4,2788965,2547,3,1,1,2,5,1,2,13,2,12,10,0.1778,0,0,2,0,0.1778,1
2514,1505,5,2569035,1707,2,2,6,4,12,2,2,16,0,0,11,0.0889,0,0,1,0,0.0622,1
1650,526,3,4341604,8254,0,3,5,1,8,3,5,18,3,6,6,0.8444,0,3,2,2,0.8444,2
3023,1101,2,2417796,2196,1,1,6,1,9,1,5,15,2,2,4,0.6667,1,5,3,0,0.8667,2
4285,1551,3,6785625,4375,3,1,5,3,10,2,2,11,2,8,3,0.5,0,4,1,0,0.35,1
3252,864,3,3529440,4085,2,0,5,4,11,2,5,16,0,1,5,0.7556,0,3,2,2,0.7556,2
3980,2749,4,3972305,1445,3,0,3,2,7,0,2,12,3,4,4,0.6667,1,4,2,0,0.6667,2
679,1144,2,1888744,1651,0,0,2,3,7,0,5,14,2,6,8,0.5111,0,1,2,0,0.5111,2
4992,1542,3,13489416,8748,3,0,5,1,8,2,1,8,3,10,4,0.6667,0,4,2,0,0.6667,2
4724,2914,3,17676324,6066,0,1,3,4,9,1,2,11,3,4,4,0.6667,1,4,2,0,0.6667,2
4388,1717,5,4819619,2807,2,3,3,3,8,2,2,17,3,6,12,0.0,0,0,2,1,0.0,1
3742,2754,3,1875474,681,0,0,5,2,9,3,1,8,1,0,5,0.7556,0,2,1,1,0.5289,2
3351,3372,2,10932024,3242,2,1,3,3,8,0,2,9,2,10,4,0.6667,0,4,2,0,0.6667,2
4955,3671,3,3751762,1022,1,0,4,3,9,3,4,14,2,3,1,0.1667,1,3,2,2,0.1667,2
3905,2121,1,5022528,2368,0,2,4,4,10,2,2,8,0,4,3,0.5,1,5,3,0,0.65,2
3034,3391,2,15578254,4594,2,0,3,1,6,1,1,6,2,2,4,0.6667,1,5,3,0,0.8667,2
2990,3662,3,1735788,474,0,3,4,3,9,0,5,18,2,0,9,0.3444,0,2,1,1,0.2411,2
3651,1769,5,1130391,639,0,1,1,4,7,2,5,18,0,6,6,0.8444,0,0,2,1,0.8444,2
1078,1822,2,2898802,1591,1,0,2,2,6,2,2,8,0,0,11,0.0889,0,2,1,1,0.0622,0
4653,1745,5,2071315,1187,1,3,4,3,9,0,5,18,0,3,10,0.1778,1,1,2,1,0.1778,2
1847,3090,3,4622640,1496,3,1,1,1,4,2,3,13,2,11,10,0.1778,2,5,3,0,0.2311,2
1563,2404,2,4769536,1984,2,0,1,1,4,1,5,14,1,6,12,0.0,0,1,2,0,0.0,1
1068,2867,2,14022497,4891,3,3,5,2,9,3,1,9,3,7,11,0.0889,0,4,3,0,0.1156,1
1818,2345,4,4596200,1960,0,0,3,4,9,3,0,8,1,8,2,0.3333,0,0,0,0,0.1333,1
4450,1775,4,4190775,2361,3,0,4,2,8,0,5,18,1,1,12,0.0,0,3,2,2,0.0,2
3671,1297,4,1961064,1512,1,3,4,1,7,1,4,18,3,11,11,0.0889,2,5,3,0,0.1156,2
3591,2063,4,1908275,925,1,2,5,3,10,3,3,16,3,1,10,0.1778,0,3,2,2,0.1778,2
4232,1197,2,7976808,6664,3,0,3,4,9,1,0,4,3,0,3,0.5,0,0,1,0,0.35,1
2047,914,4,5609218,6137,1,0,3,4,9,3,5,18,0,2,11,0.0889,1,1,2,1,0.0889,1
2168,776,3,609936,786,1,3,2,1,5,1,3,15,1,4,6,0.8444,1,1,2,0,0.8444,2
4808,772,3,287956,373,0,2,3,4,9,3,0,8,0,9,8,0.5111,0,4,2,0,0.5111,2
1951,761,3,423877,557,3,0,5,2,9,2,1,8,1,6,1,0.1667,0,3,2,2,0.1667,1
4003,3053,5,10883945,3565,0,2,4,3,9,2,0,12,0,13,2,0.3333,0,2,2,1,0.3333,1
4126,1605,5,12458010,7762,2,1,4,3,9,3,4,18,0,9,10,0.1778,0,2,2,1,0.1778,1
3104,3339,5,16070607,4813,2,3,3,1,6,1,5,18,1,10,7,0.6778,0,2,2,1,0.6778,2
3253,2444,4,872508,357,2,1,1,3,6,2,5,18,3,5,11,0.0889,2,5,3,0,0.1156,2
4738,1927,5,4110291,2133,2,3,5,3,10,2,1,15,0,10,2,0.3333,0,1,2,0,0.3333,1
4846,830,3,5568470,6709,2,3,3,2,7,2,3,15,2,9,9,0.3444,0,0,2,1,0.3444,2
4327,2929,3,25429578,8682,0,2,5,1,8,2,0,8,1,11,4,0.6667,2,5,3,0,0.8667,2
4721,1671,1,1291683,773,0,2,2,2,6,2,1,6,3,4,7,0.6778,1,3,2,2,0.6778,2
3716,1034,3,4597164,4446,0,0,3,1,6,3,2,10,3,6,4,0.6667,0,2,2,2,0.6667,2
3399,495,3,177210,358,3,2,3,4,9,1,2,12,0,1,10,0.1778,0,2,2,1,0.1778,2
2152,3642,4,5601396,1538,3,0,2,1,5,3,5,18,0,3,9,0.3444,1,0,2,1,0.3444,2
2457,1930,2,15743010,8157,1,2,3,1,6,3,2,10,1,10,12,0.0,0,4,2,0,0.0,1
826,3834,3,4021866,1049,3,0,5,1,8,1,1,8,0,4,1,0.1667,1,0,2,1,0.1667,1
3036,3391,5,1661590,490,3,2,3,4,9,1,2,16,1,8,9,0.3444,0,0,0,0,0.1378,2
3433,984,4,2397024,2436,3,3,5,1,8,1,5,18,1,4,12,0.0,1,5,3,0,0.0,2
3850,3939,3,20636421,5239,3,1,4,2,8,3,1,9,3,2,12,0.0,1,1,2,1,0.0,1
4089,731,3,1502936,2056,1,0,4,3,9,0,3,12,2,0,7,0.6778,0,1,1,0,0.4745,2
4900,3281,2,2667453,813,2,0,5,4,11,2,2,8,0,2,5,0.7556,1,1,2,1,0.7556,2
1519,1306,3,2696890,2065,0,3,3,4,9,2,4,17,0,0,12,0.0,0,2,1,1,0.0,1
3966,1169,1,2295916,1964,0,0,3,1,6,3,5,12,2,1,8,0.5111,0,1,2,0,0.5111,1
4237,3100,4,21355900,6889,3,2,5,1,8,2,5,18,2,7,2,0.3333,0,0,2,0,0.3333,2
760,3987,2,5350554,1342,1,3,4,1,7,3,1,9,2,6,3,0.5,0,2,2,2,0.5,2
1505,2050,5,9091750,4435,0,3,6,1,9,1,2,17,3,6,10,0.1778,0,1,2,0,0.1778,2
4227,1923,5,7430472,3864,0,1,3,2,7,3,0,11,3,0,12,0.0,0,2,1,1,0.0,1
2452,741,2,235638,318,3,3,6,3,11,0,4,15,3,8,7,0.6778,0,0,0,0,0.2711,2
1074,2167,2,10189234,4702,3,0,1,3,6,3,1,6,1,10,5,0.7556,0,0,2,0,0.7556,1
3585,1240,4,1776920,1433,3,2,5,2,9,1,2,14,1,0,7,0.6778,0,4,2,0,0.6778,2
4904,1624,1,2562672,1578,3,0,2,4,8,3,0,2,0,12,4,0.6667,0,2,2,1,0.6667,1
1502,2249,1,10934638,4862,2,0,3,4,9,0,1,4,2,13,12,0.0,0,4,2,0,0.0,1
4180,3202,5,6913118,2159,3,0,6,3,11,0,2,14,3,12,2,0.3333,0,2,2,1,0.3333,2
4258,2296,2,3154704,1374,2,2,3,4,9,2,0,6,0,9,3,0.5,0,1,2,0,0.5,1
3111,474,2,417120,880,0,0,3,3,8,2,1,6,3,13,4,0.6667,0,4,2,0,0.6667,2
691,3832,2,23244912,6066,2,0,1,3,6,3,3,10,3,11,5,0.7556,2,4,3,0,0.9823,2
2830,3144,5,14176296,4509,3,0,6,2,10,2,2,14,3,1,2,0.3333,0,2,2,1,0.3333,2
4032,2205,2,7027335,3187,2,1,4,4,10,1,0,5,0,5,7,0.6778,2,5,3,0,0.8811,2
1619,1695,2,7515630,4434,1,0,2,3,7,1,1,6,1,3,9,0.3444,1,0,2,1,0.3444,1
3084,3300,2,1092300,331,0,0,2,3,7,3,5,14,2,10,5,0.7556,0,2,2,1,0.7556,2
3714,517,1,323125,625,2,1,3,3,8,1,2,7,0,4,11,0.0889,1,0,2,1,0.0889,1
4759,859,2,2981589,3471,2,0,2,4,8,1,0,4,3,9,3,0.5,0,1,2,0,0.5,1
2309,3558,2,28794894,8093,2,3,4,2,8,1,4,15,3,1,11,0.0889,0,1,2,0,0.0889,1
659,785,4,1256000,1600,0,0,6,3,11,2,1,10,2,10,12,0.0,0,4,2,0,0.0,1
4678,1773,2,5526441,3117,0,0,6,4,12,2,0,4,1,7,11,0.0889,0,0,2,0,0.0889,0
4719,1942,4,5253110,2705,2,2,3,4,9,0,1,12,2,4,11,0.0889,1,1,2,0,0.0889,1
4738,3297,5,3540978,1074,2,2,1,2,5,2,3,18,3,0,10,0.1778,0,1,1,0,0.1245,2
3594,3360,5,30125760,8966,1,0,6,4,12,3,1,12,1,11,4,0.6667,2,4,3,0,0.8667,2
3887,2254,5,5704874,2531,1,0,2,2,6,2,4,18,2,3,5,0.7556,1,3,2,2,0.7556,2
4334,539,2,335258,622,0,0,5,1,8,0,1,6,2,0,5,0.7556,0,0,1,0,0.5289,2
3548,777,2,2728047,3511,0,2,2,2,6,3,2,10,3,11,5,0.7556,2,5,3,0,0.9823,2
4278,632,5,1097784,1737,2,0,5,1,8,0,2,14,3,11,12,0.0,2,5,3,0,0.0,2
4086,3557,1,25457449,7157,1,3,1,2,5,2,3,11,0,3,11,0.0889,1,2,2,2,0.0889,1
1078,3065,3,1924820,628,0,2,1,1,4,1,5,18,0,1,1,0.1667,0,1,2,0,0.1667,2
1186,2018,5,3049198,1511,0,2,2,3,7,0,2,16,0,4,6,0.8444,1,1,2,0,0.8444,2
1671,3656,3,13991512,3827,0,0,2,4,8,0,5,16,1,10,9,0.3444,0,2,2,1,0.3444,2
1777,2770,1,1155090,417,0,0,5,2,9,1,1,4,1,1,12,0.0,0,3,2,2,0.0,2
4439,3885,4,6421905,1653,1,2,5,2,9,1,0,10,0,6,6,0.8444,0,1,2,0,0.8444,2
4141,1143,1,3207258,2806,0,2,2,2,6,2,4,12,1,6,9,0.3444,0,1,2,0,0.3444,1
4582,1512,1,1945944,1287,2,0,2,4,8,2,1,4,0,10,3,0.5,0,4,2,0,0.5,1
3555,1774,1,10638678,5997,1,0,3,1,6,3,4,10,0,4,12,0.0,1,4,2,0,0.0,1
1005,3248,4,7054656,2172,3,2,2,4,8,0,2,14,3,10,5,0.7556,0,2,2,1,0.7556,2
4056,2303,1,905079,393,1,2,3,4,9,0,5,14,0,6,5,0.7556,0,4,2,0,0.7556,2
859,3578,4,2701390,755,2,2,1,3,6,2,1,12,3,6,2,0.3333,0,1,2,0,0.3333,2
4006,2004,4,929856,464,3,0,2,4,8,0,4,16,2,9,9,0.3444,0,4,2,0,0.3444,2
3587,1019,5,307738,302,1,2,2,3,7,3,3,18,0,8,3,0.5,0,0,0,0,0.2,2
3207,1590,5,2100390,1321,0,2,6,1,9,1,3,18,0,3,9,0.3444,1,0,2,1,0.3444,2
4665,3530,3,6918800,1960,3,3,2,4,8,1,5,18,1,1,11,0.0889,0,1,2,0,0.0889,1
4800,1684,4,2669140,1585,1,0,3,1,6,2,3,14,2,3,3,0.5,1,2,2,2,0.5,2
4180,2050,5,9343900,4558,1,1,2,2,6,2,2,15,1,10,12,0.0,0,4,2,0,0.0,1
2245,896,1,639744,714,0,0,3,2,7,3,2,6,2,7,11,0.0889,0,2,2,1,0.0889,1
1220,853,4,1074780,1260,3,2,3,1,6,0,5,18,1,9,1,0.1667,0,2,2,1,0.1667,2
4508,2194,1,18548076,8454,3,0,6,2,10,3,1,4,3,8,10,0.1778,0,1,1,0,0.1245,1
1144,2520,5,17496360,6943,1,0,4,4,10,3,1,12,2,4,11,0.0889,1,5,3,0,0.1156,2
2319,2072,3,3296552,1591,1,2,3,2,7,3,1,10,0,0,10,0.1778,0,2,1,1,0.1245,1
1349,2619,2,882603,337,2,1,5,3,10,1,5,15,3,10,1,0.1667,0,0,2,0,0.1667,2
2634,3602,1,11598440,3220,2,2,6,4,12,0,2,8,0,2,2,0.3333,1,4,2,0,0.3333,1
3459,2793,1,2583525,925,3,3,3,2,7,3,4,13,3,0,12,0.0,0,1,1,0,0.0,1
4368,2585,5,14476000,5600,1,3,1,2,5,1,1,15,1,1,12,0.0,0,1,2,0,0.0,1
2653,557,3,2696994,4842,1,2,2,3,7,2,0,8,0,0,9,0.3444,0,1,1,0,0.2411,1
3662,659,2,1449141,2199,3,3,2,3,7,1,4,15,3,6,4,0.6667,0,3,2,2,0.6667,2
3577,1806,5,1730148,958,3,0,6,3,11,0,0,10,1,10,9,0.3444,0,1,2,0,0.3444,1
3376,1651,5,3338322,2022,0,1,4,3,9,0,1,13,2,12,3,0.5,0,0,2,0,0.5,2
1220,3307,4,10893258,3294,3,0,5,1,8,2,5,18,3,8,12,0.0,0,1,1,0,0.0,1
2224,575,4,404800,704,0,2,1,1,4,2,1,12,0,6,1,0.1667,0,0,2,1,0.1667,1
4068,2064,4,10375728,5027,2,0,2,3,7,3,5,18,1,6,1,0.1667,0,0,2,1,0.1667,1
3350,3104,2,2504928,807,3,0,5,1,8,1,4,12,0,10,12,0.0,0,0,2,0,0.0,0
1781,3631,4,9872689,2719,0,2,3,2,7,0,2,14,1,1,7,0.6778,0,4,2,0,0.6778,2
2940,1627,1,14610460,8980,1,1,1,2,5,1,1,5,0,8,7,0.6778,0,0,0,0,0.2711,1
3418,868,2,478268,551,1,3,2,4,8,1,4,15,0,8,12,0.0,0,0,0,0,0.0,1
1203,3955,5,1558270,394,1,1,6,3,11,3,2,15,3,0,11,0.0889,0,1,1,0,0.0622,2
1381,2309,1,1669407,723,2,1,5,2,9,3,1,5,3,3,2,0.3333,1,2,2,2,0.3333,2
4043,2761,1,4525279,1639,2,0,5,3,10,2,3,8,0,12,2,0.3333,0,4,2,0,0.3333,1
3199,2908,1,3131916,1077,3,3,2,4,8,3,5,15,1,13,8,0.5111,0,2,2,1,0.5111,2
644,2485,5,13970670,5622,1,0,3,4,9,3,3,16,0,4,1,0.1667,1,5,3,0,0.2167,2
3981,2006,4,4425236,2206,0,3,2,2,6,0,0,11,2,6,8,0.5111,0,3,2,2,0.5111,2
3738,1059,5,5048253,4767,2,0,1,3,6,3,0,10,1,10,2,0.3333,0,1,2,0,0.3333,1
4515,1794,1,3236376,1804,0,2,2,3,7,1,4,12,2,0,8,0.5111,0,1,1,0,0.3578,1
3760,1038,1,1399224,1348,2,1,4,3,9,0,2,7,3,4,11,0.0889,1,4,2,0,0.0889,1
1236,626,4,866384,1384,1,2,4,1,7,1,1,12,1,0,6,0.8444,0,0,1,0,0.5911,2
3200,2209,4,1718602,778,0,1,3,2,7,2,3,15,3,7,11,0.0889,0,0,2,0,0.0889,2
3258,2366,5,1183000,500,0,1,6,3,11,0,3,17,1,8,3,0.5,0,1,1,0,0.35,2
4255,3454,1,3080968,892,1,0,1,1,4,0,0,2,3,12,12,0.0,0,2,2,1,0.0,1
4892,3211,3,11514646,3586,2,0,2,2,6,1,2,10,1,13,10,0.1778,0,0,2,0,0.1778,1
2615,1371,4,8431650,6150,3,2,5,4,11,2,5,18,1,9,4,0.6667,0,4,2,0,0.6667,2
4278,1734,1,2665158,1537,1,3,4,1,7,3,2,9,1,10,6,0.8444,0,0,2,0,0.8444,2
2860,3344,1,1126928,337,2,0,6,1,9,2,3,8,3,2,9,0.3444,1,4,2,0,0.3444,2
4491,1254,2,5619174,4481,0,3,1,3,6,3,1,9,1,4,10,0.1778,1,5,3,0,0.2311,2
1190,924,2,1240008,1342,1,3,1,2,5,3,4,15,3,1,5,0.7556,0,4,2,0,0.7556,2
3587,2285,2,4558575,1995,1,2,2,1,5,3,5,16,0,0,3,0.5,0,1,1,0,0.35,1
3613,3873,4,7432287,1919,0,1,5,1,8,2,0,9,2,4,12,0.0,1,5,3,0,0.0,2
4156,3608,4,3900248,1081,1,2,1,1,4,0,4,18,3,7,4,0.6667,0,2,2,1,0.6667,2
1836,1215,4,441045,363,1,2,6,2,10,0,4,18,1,4,6,0.8444,1,1,2,0,0.8444,2
2613,1061,5,8404181,7921,3,3,4,3,9,1,1,15,3,13,11,0.0889,0,0,2,0,0.0889,1
4676,2775,4,12948150,4666,1,3,2,4,8,3,3,17,2,6,12,0.0,0,0,2,1,0.0,1
4239,3922,5,13538744,3452,0,3,1,2,5,3,1,15,3,3,4,0.6667,1,2,2,2,0.6667,2
3471,633,3,229146,362,0,2,1,2,5,2,3,14,2,7,9,0.3444,0,0,2,0,0.3444,2
1405,3500,3,11109000,3174,3,3,1,4,7,3,4,17,1,6,12,0.0,0,2,2,2,0.0,1
4322,448,3,1706880,3810,2,2,5,3,10,3,2,12,1,9,2,0.3333,0,0,2,1,0.3333,1
4741,2236,1,4176848,1868,3,2,3,1,6,2,5,14,2,9,3,0.5,0,4,2,0,0.5,2
2334,2663,1,7208741,2707,3,3,3,4,9,2,3,11,1,7,11,0.0889,0,2,2,1,0.0889,1
4869,2223,1,3692403,1661,1,0,3,4,9,3,3,8,2,7,9,0.3444,0,0,2,0,0.3444,1
2163,1660,4,3959100,2385,1,1,5,3,10,0,3,15,2,8,11,0.0889,0,0,0,0,0.0356,1
3351,644,5,3717812,5773,2,2,2,2,6,3,4,18,3,12,10,0.1778,0,4,2,0,0.1778,2
1965,3809,4,13270556,3484,1,1,6,4,12,0,2,13,0,1,2,0.3333,0,3,2,2,0.3333,1
1898,3852,4,1798884,467,0,0,6,2,10,3,4,16,3,11,12,0.0,2,4,3,0,0.0,2
976,3296,2,16061408,4873,3,0,3,2,7,2,2,8,1,9,1,0.1667,0,4,2,0,0.1667,1
4574,1583,4,11571730,7310,0,1,2,1,5,1,5,18,1,12,3,0.5,0,0,2,0,0.5,2
2943,3786,4,4107810,1085,3,3,2,4,8,3,2,15,2,1,2,0.3333,0,2,2,1,0.3333,2
3922,1688,3,698832,414,3,0,6,2,10,0,3,12,1,6,10,0.1778,0,1,2,0,0.1778,1
1352,1168,1,534944,458,0,2,2,3,7,0,4,12,1,4,5,0.7556,1,3,2,2,0.7556,2
3219,2308,4,2751136,1192,0,3,5,3,10,1,3,17,1,8,3,0.5,0,5,1,0,0.35,2
3784,2042,1,1245620,610,3,0,3,2,7,3,3,8,0,0,2,0.3333,0,1,1,0,0.2333,1
1192,2891,5,9207835,3185,3,2,4,1,7,3,4,18,0,0,10,0.1778,0,1,1,0,0.1245,1
1061,1270,2,2839720,2236,3,1,3,4,9,2,0,5,0,6,6,0.8444,0,0,2,1,0.8444,1
2621,3184,2,12860176,4039,2,3,1,1,4,1,1,9,0,3,5,0.7556,1,2,2,2,0.7556,2
4447,1337,5,524104,392,2,0,5,4,11,0,2,14,1,5,4,0.6667,2,5,3,0,0.8667,2
3187,3096,5,6439680,2080,1,0,2,2,6,2,4,18,1,3,4,0.6667,1,3,2,2,0.6667,2
4870,1637,3,1371806,838,2,1,3,4,9,2,0,7,2,10,10,0.1778,0,1,2,0,0.1778,1
1950,1493,1,2003606,1342,3,1,1,2,5,0,3,9,1,7,8,0.5111,0,0,2,0,0.5111,1
2983,2451,2,3526989,1439,2,0,2,2,6,0,5,14,3,13,4,0.6667,0,4,2,0,0.6667,2
2872,3012,1,14846148,4929,2,2,6,3,11,3,5,14,3,7,9,0.3444,0,0,2,0,0.3444,2
771,1644,1,11077272,6738,2,2,4,2,8,3,4,12,2,3,9,0.3444,1,0,2,1,0.3444,2
4992,2992,1,7456064,2492,3,2,2,3,7,3,4,12,1,0,12,0.0,0,1,1,0,0.0,1
2387,1273,5,6168958,4846,1,1,4,2,8,1,4,18,3,5,1,0.1667,2,5,3,0,0.2167,2
4131,2874,4,6932088,2412,0,2,2,4,8,3,2,14,3,6,4,0.6667,0,2,2,2,0.6667,2
4022,2730,4,16087890,5893,0,2,6,4,12,3,1,12,3,6,10,0.1778,0,0,2,1,0.1778,1
1910,1017,1,3884940,3820,1,3,6,2,10,3,4,13,2,10,3,0.5,0,1,2,0,0.5,2
4299,1132,3,9462388,8359,0,1,3,2,7,2,3,13,3,3,11,0.0889,1,3,2,2,0.0889,2
3412,1981,2,1814596,916,2,2,2,4,8,2,2,10,2,13,10,0.1778,0,0,2,0,0.1778,1
1488,2252,3,7154604,3177,3,2,3,3,8,2,2,12,1,9,9,0.3444,0,0,2,1,0.3444,1
3510,1017,3,670203,659,3,0,3,3,8,1,4,14,0,4,1,0.1667,1,1,2,0,0.1667,2
4466,1889,3,1322300,700,0,1,6,2,10,3,5,17,2,3,11,0.0889,1,3,2,2,0.0889,2
4658,3647,1,5288150,1450,0,0,3,1,6,0,2,6,0,10,6,0.8444,0,4,2,0,0.8444,1
3483,2223,4,10523682,4734,2,1,6,2,10,2,3,15,0,10,1,0.1667,0,4,2,0,0.1667,1
4259,1184,5,987456,834,0,2,4,1,7,3,3,18,1,11,7,0.6778,2,1,2,0,0.6778,2
2513,2857,5,4979751,1743,2,1,2,1,5,2,1,13,2,7,12,0.0,0,0,2,0,0.0,1
3365,2911,2,1737867,597,3,0,2,1,5,1,4,12,3,2,8,0.5111,1,0,2,1,0.5111,2
4949,1828,4,3423844,1873,0,2,6,1,9,3,0,10,2,7,11,0.0889,0,0,2,0,0.0889,1
1478,2912,3,6045312,2076,2,0,5,4,11,1,5,16,2,7,3,0.5,0,1,2,0,0.5,2
2353,1240,3,3219040,2596,3,3,1,4,7,1,5,18,3,1,8,0.5111,0,4,2,0,0.5111,2
926,2520,2,13212360,5243,3,2,2,1,5,1,4,14,2,0,6,0.8444,0,0,1,0,0.5911,2
4637,1900,1,1675800,882,1,2,6,3,11,1,1,6,2,12,12,0.0,0,1,2,0,0.0,1
1915,1786,1,3930986,2201,3,1,1,4,7,1,1,5,1,9,5,0.7556,0,4,2,0,0.7556,2
3052,2483,4,6001411,2417,3,1,5,1,8,1,0,9,0,3,3,0.5,1,3,2,2,0.5,2
785,1704,1,11657064,6841,1,2,4,4,10,3,3,10,3,4,12,0.0,1,5,3,0,0.0,2
2034,937,3,2203824,2352,1,2,3,1,6,0,2,12,1,7,12,0.0,0,0,2,0,0.0,1
4354,2569,2,7128975,2775,1,2,6,4,12,1,1,8,0,7,8,0.5111,0,1,2,0,0.5111,1
2188,885,3,1806285,2041,2,1,1,4,7,2,1,9,2,4,11,0.0889,1,4,2,0,0.0889,1
1728,1398,2,696204,498,0,0,5,1,8,3,5,14,1,3,5,0.7556,1,3,2,2,0.7556,2
924,1389,3,2682159,1931,0,3,6,2,10,3,4,17,3,13,12,0.0,0,0,2,0,0.0,1
4205,821,3,4545877,5537,1,0,6,3,11,2,1,8,0,5,5,0.7556,2,5,3,0,0.9823,2
3683,3765,4,7240095,1923,0,0,5,4,11,0,3,14,0,7,7,0.6778,0,0,2,0,0.6778,2
4174,2027,3,2489156,1228,3,0,3,4,9,1,4,14,3,12,5,0.7556,0,2,2,1,0.7556,2
4842,3769,5,24656798,6542,2,3,4,4,10,0,0,13,2,10,10,0.1778,0,4,2,0,0.1778,1
4109,3484,4,9803976,2814,3,1,2,4,8,1,3,15,0,5,12,0.0,2,5,3,0,0.0,2
3180,1439,1,1253369,871,2,0,6,1,9,0,2,6,3,11,7,0.6778,2,5,3,0,0.8811,2
3086,2977,2,13069030,4390,0,2,5,4,11,3,4,14,1,3,12,0.0,1,3,2,2,0.0,2
3639,1239,4,591003,477,2,2,4,2,8,3,3,16,0,8,10,0.1778,0,4,1,0,0.1245,2
4132,707,4,1993740,2820,0,2,2,4,8,0,5,18,2,0,1,0.1667,0,1,1,0,0.1167,1
1133,3267,1,1368873,419,0,1,6,2,10,3,4,11,0,1,8,0.5111,0,1,2,0,0.5111,2
2855,2284,2,1185396,519,2,2,3,2,7,3,1,8,0,7,11,0.0889,0,2,2,1,0.0889,1
1343,832,3,1653184,1987,1,3,4,2,8,3,5,18,0,8,4,0.6667,0,1,1,0,0.4667,2
2310,3875,1,5231250,1350,1,0,5,1,8,3,5,12,0,10,9,0.3444,0,0,2,0,0.3444,1
2654,717,5,3174876,4428,1,3,3,1,6,1,2,17,2,2,8,0.5111,1,0,2,1,0.5111,2
2968,2112,3,1081344,512,0,1,6,1,9,2,0,7,3,4,11,0.0889,1,5,3,0,0.1156,2
4285,1329,3,2652684,1996,3,3,6,3,11,3,0,9,2,1,4,0.6667,0,1,2,0,0.6667,2
3348,3882,5,6455766,1663,2,0,3,4,9,0,1,12,2,4,11,0.0889,1,4,2,0,0.0889,1
2086,2997,4,1360638,454,0,1,1,3,6,3,1,11,0,12,5,0.7556,0,4,2,0,0.7556,2
1332,534,4,918480,1720,1,2,5,4,11,0,5,18,3,3,2,0.3333,1,3,2,2,0.3333,2
3964,3072,4,6669312,2171,2,0,3,4,9,3,0,8,3,4,1,0.1667,1,1,2,0,0.1667,1
1204,2730,1,1829100,670,1,2,3,1,6,2,1,6,2,3,1,0.1667,1,3,2,2,0.1667,2
1059,535,1,2214365,4139,1,3,1,3,6,1,2,9,2,3,5,0.7556,1,0,2,1,0.7556,2
1019,2226,3,3062976,1376,1,3,5,3,10,3,2,13,3,3,12,0.0,1,3,2,2,0.0,2
4906,531,2,281430,530,3,2,6,2,10,3,5,16,1,8,4,0.6667,0,0,0,0,0.2667,2
4333,3616,3,17870272,4942,2,2,3,1,6,0,2,12,0,8,11,0.0889,0,1,1,0,0.0622,1
960,3130,1,2748140,878,3,1,5,4,11,2,5,13,0,7,12,0.0,0,0,2,0,0.0,0
4641,2289,5,7329378,3202,3,3,2,3,7,3,0,13,1,0,2,0.3333,0,0,1,0,0.2333,1
1630,1803,2,1382901,767,1,1,3,4,9,1,1,7,2,10,8,0.5111,0,4,2,0,0.5111,2
1454,2525,2,11122625,4405,0,1,1,3,6,2,0,5,1,0,11,0.0889,0,1,1,0,0.0622,0
2332,3587,4,2919818,814,2,1,1,4,7,1,5,18,3,12,4,0.6667,0,0,2,0,0.6667,2
1658,2636,1,19121544,7254,2,2,2,1,5,2,0,4,3,1,2,0.3333,0,4,2,0,0.3333,1
1966,1348,2,1900680,1410,3,2,3,1,6,3,1,8,1,4,9,0.3444,1,4,2,0,0.3444,1
1481,3588,4,21212256,5912,2,2,4,4,10,2,0,10,2,6,1,0.1667,0,4,2,0,0.1667,1
1401,2703,4,4714032,1744,1,3,1,2,5,3,5,18,1,3,12,0.0,1,3,2,2,0.0,2
1172,2208,3,10406304,4713,1,0,5,1,8,0,1,8,1,4,5,0.7556,1,4,2,0,0.7556,2
4174,2877,4,2157750,750,0,1,4,3,9,2,1,11,1,13,3,0.5,0,4,2,0,0.5,2
2288,3787,5,4892804,1292,3,0,6,1,9,1,3,16,1,9,5,0.7556,0,4,2,0,0.7556,2
2107,2490,3,4748430,1907,0,2,5,1,8,0,1,10,0,13,4,0.6667,0,4,2,0,0.6667,2
3945,3300,5,10352100,3137,1,1,4,1,7,3,1,13,3,6,10,0.1778,0,3,2,2,0.1778,2
2229,3930,4,11801790,3003,3,3,4,3,9,0,5,18,2,8,2,0.3333,0,0,0,0,0.1333,1
3931,1770,5,5271060,2978,2,0,5,1,8,3,5,18,2,5,11,0.0889,2,5,3,0,0.1156,2
3075,1065,4,718875,675,1,2,4,2,8,1,2,14,0,7,6,0.8444,0,0,2,0,0.8444,2
4020,799,3,248489,311,0,3,5,3,10,2,2,13,1,2,1,0.1667,1,4,2,0,0.1667,2
896,3064,1,4133336,1349,2,1,3,1,6,2,2,7,3,6,6,0.8444,0,2,2,2,0.8444,2
4714,712,5,1519408,2134,2,0,5,1,8,1,2,14,0,0,12,0.0,0,2,1,1,0.0,1
2870,3857,1,10298190,2670,2,3,2,2,6,3,2,9,2,3,3,0.5,1,2,2,2,0.5,2
4941,1564,1,1437316,919,3,0,6,1,9,2,2,6,3,10,3,0.5,0,1,2,0,0.5,2
4024,1794,5,1783236,994,2,3,1,1,4,3,3,18,0,12,8,0.5111,0,0,2,0,0.5111,2
3517,3920,5,1191680,304,0,0,5,2,9,0,5,18,2,0,9,0.3444,0,1,1,0,0.2411,2
3516,1537,4,2957188,1924,3,0,2,4,8,2,4,16,3,12,2,0.3333,0,4,2,0,0.3333,2
3377,3821,4,3526783,923,2,3,2,1,5,3,1,13,0,4,3,0.5,1,3,2,2,0.5,2
937,3355,2,2056615,613,0,1,1,2,5,0,0,5,2,6,2,0.3333,0,0,2,1,0.3333,1
4107,765,1,3165570,4138,1,1,3,2,7,1,4,11,3,11,6,0.8444,2,5,3,0,1.0,2
3534,2711,4,7468805,2755,0,0,1,1,4,3,4,16,1,6,3,0.5,0,2,2,2,0.5,2
3667,3388,4,1406020,415,1,3,3,2,7,3,1,13,1,13,12,0.0,0,2,2,1,0.0,2
3418,3325,1,1602650,482,1,0,1,3,6,2,1,4,0,10,4,0.6667,0,2,2,1,0.6667,2
2337,2978,1,5607574,1883,1,3,1,1,4,1,4,13,0,9,9,0.3444,0,1,2,0,0.3444,1
2730,716,5,408836,571,0,1,5,4,11,0,5,18,3,10,5,0.7556,0,2,2,1,0.7556,2
930,1009,1,3549662,3518,3,2,5,1,8,0,2,8,2,10,3,0.5,0,0,2,0,0.5,1
3178,415,5,3321245,8003,3,0,1,4,7,1,5,18,1,1,1,0.1667,0,4,2,0,0.1667,1
2302,3107,2,1531751,493,0,0,2,2,6,3,4,12,1,9,2,0.3333,0,0,2,1,0.3333,2
1685,2499,4,2416533,967,2,1,5,3,10,3,2,13,2,9,9,0.3444,0,0,2,1,0.3444,2
1895,1567,3,1524691,973,2,3,6,4,12,0,3,15,0,12,9,0.3444,0,4,2,0,0.3444,2
4732,1123,4,2977073,2651,3,3,6,3,11,3,5,18,2,2,3,0.5,1,5,3,0,0.65,2
4098,3576,5,2739216,766,1,2,4,2,8,3,5,18,3,10,1,0.1667,0,0,2,0,0.1667,2
617,3880,5,1226080,316,2,2,2,3,7,1,0,12,0,12,12,0.0,0,4,2,0,0.0,2
2736,3270,4,11765460,3598,0,3,2,4,8,1,4,18,3,10,11,0.0889,0,2,2,1,0.0889,2
3494,3817,1,4943015,1295,2,2,3,1,6,1,2,8,3,6,4,0.6667,0,1,2,0,0.6667,2
3294,2391,4,1379607,577,0,1,3,3,8,0,3,15,1,7,6,0.8444,0,0,2,0,0.8444,2
4794,670,5,1540330,2299,1,3,1,1,4,3,3,18,1,9,4,0.6667,0,0,2,1,0.6667,2
832,2039,4,856380,420,1,2,4,1,7,1,4,18,3,6,10,0.1778,0,3,2,2,0.1778,2
3577,1572,1,1413228,899,3,1,2,3,7,3,5,13,1,0,5,0.7556,0,1,1,0,0.5289,2
2560,2520,2,10004400,3970,1,0,4,2,8,1,3,10,2,6,7,0.6778,0,1,2,0,0.6778,2
3679,1446,5,7052142,4877,2,2,2,2,6,1,2,16,0,2,3,0.5,1,0,2,1,0.5,2
3835,1559,4,12015213,7707,0,3,2,4,8,1,4,18,0,10,8,0.5111,0,4,2,0,0.5111,2
3177,1610,4,7161280,4448,2,2,3,4,9,1,0,10,0,7,4,0.6667,0,1,2,0,0.6667,2
822,2039,2,8918586,4374,1,1,1,2,5,3,0,5,1,0,6,0.8444,0,4,2,0,0.8444,2
3099,3761,1,18033995,4795,2,1,4,3,9,0,2,7,0,1,4,0.6667,0,1,2,0,0.6667,1
2236,3046,1,8400868,2758,0,3,5,2,9,0,2,9,1,0,8,0.5111,0,2,1,1,0.3578,1
2958,2620,2,6073160,2318,2,3,5,4,11,3,0,7,0,10,2,0.3333,0,0,2,0,0.3333,1
3723,3291,4,9586683,2913,3,1,6,4,12,0,4,17,3,0,12,0.0,0,2,1,1,0.0,1
4621,609,2,807534,1326,3,2,5,1,8,1,5,16,0,6,1,0.1667,0,3,2,2,0.1667,1
1243,756,3,502740,665,0,3,4,2,8,3,1,11,1,2,5,0.7556,1,4,2,0,0.7556,2
3917,1207,4,6380202,5286,1,2,6,1,9,3,2,14,0,5,7,0.6778,2,5,3,0,0.8811,2
2168,1722,5,569982,331,1,2,1,2,5,1,5,18,2,2,2,0.3333,1,0,2,1,0.3333,2
2114,1811,5,8578707,4737,0,3,4,3,9,2,0,13,3,6,3,0.5,0,2,2,2,0.5,2
4086,3625,1,7231875,1995,2,1,5,1,8,0,5,13,2,8,7,0.6778,0,1,1,0,0.4745,1
3772,1784,5,1116784,626,2,1,4,4,10,1,1,13,1,7,9,0.3444,0,1,2,0,0.3444,2
3560,2869,5,13461348,4692,1,3,5,4,11,0,4,18,0,7,1,0.1667,0,2,2,1,0.1667,1
681,1379,3,503335,365,2,0,2,4,8,0,5,16,1,7,1,0.1667,0,0,2,0,0.1667,2
1223,1267,5,2272998,1794,0,2,2,4,8,2,3,18,1,4,7,0.6778,1,4,2,0,0.6778,2
2666,2219,3,1644279,741,2,2,1,1,4,3,4,16,2,7,10,0.1778,0,2,2,1,0.1778,2
2108,1861,2,1654429,889,3,2,3,1,6,3,3,12,2,6,2,0.3333,0,2,2,2,0.3333,1
2119,2303,3,3979584,1728,1,2,3,4,9,3,4,16,0,8,9,0.3444,0,4,1,0,0.2411,1
3188,3015,2,4778775,1585,3,3,3,2,7,1,2,11,0,9,5,0.7556,0,0,2,1,0.7556,2
2515,2630,4,5583490,2123,2,0,6,1,9,1,1,10,3,6,3,0.5,0,4,2,0,0.5,2
1713,1383,2,6097647,4409,3,0,4,4,10,2,2,8,0,7,11,0.0889,0,0,2,0,0.0889,0
2028,1347,5,4127208,3064,0,0,6,3,11,1,0,10,1,6,12,0.0,0,3,2,2,0.0,1
2205,1599,4,2149056,1344,3,1,3,3,8,2,4,17,0,9,4,0.6667,0,0,2,1,0.6667,2
1542,745,5,676460,908,2,2,5,4,11,1,2,16,0,9,1,0.1667,0,0,2,1,0.1667,1
3388,1939,1,14488208,7472,1,0,5,4,11,3,4,10,3,5,3,0.5,2,5,3,0,0.65,2
3286,3818,4,5310838,1391,2,1,1,2,5,0,1,11,1,7,11,0.0889,0,0,2,0,0.0889,1
3221,3830,1,17284790,4513,3,0,2,2,6,3,0,2,2,1,3,0.5,0,4,2,0,0.5,1
1935,1358,1,2872170,2115,2,3,5,4,11,0,5,15,3,11,8,0.5111,2,5,3,0,0.6644,2
1502,3832,1,7207992,1881,0,3,5,3,10,0,4,13,3,8,3,0.5,0,0,0,0,0.2,1
2478,1642,5,6653384,4052,2,1,3,3,8,1,1,13,1,9,1,0.1667,0,1,2,0,0.1667,1
2440,2278,2,4622062,2029,2,2,4,4,10,3,5,16,0,12,11,0.0889,0,2,2,1,0.0889,1
3614,1644,5,5257512,3198,2,3,6,1,9,0,5,18,1,10,10,0.1778,0,1,2,0,0.1778,1
765,2481,4,19964607,8047,3,3,1,1,4,2,1,13,0,12,12,0.0,0,0,2,0,0.0,1
1580,2519,2,19796821,7859,1,2,3,3,8,2,1,8,3,13,12,0.0,0,4,2,0,0.0,1
2023,1837,1,4544738,2474,3,3,1,2,5,3,2,9,0,4,10,0.1778,1,1,2,0,0.1778,1
937,3295,5,16000520,4856,0,1,6,1,9,3,0,11,0,2,12,0.0,1,5,3,0,0.0,1
2267,2225,2,19148350,8606,2,0,2,2,6,0,2,8,0,7,12,0.0,0,1,2,0,0.0,0
2427,2589,4,20548893,7937,3,3,1,3,6,0,5,18,0,10,7,0.6778,0,1,2,0,0.6778,2
4311,740,4,1169940,1581,2,1,3,2,7,0,2,13,3,13,10,0.1778,0,0,2,0,0.1778,1
3079,1819,5,924052,508,2,3,5,2,9,3,0,13,0,5,1,0.1667,2,4,3,0,0.2167,2
1077,575,5,1894050,3294,0,1,2,1,5,2,3,17,3,7,1,0.1667,0,0,2,0,0.1667,1
2431,1290,3,2828970,2193,3,2,6,3,11,1,5,18,2,1,10,0.1778,0,3,2,2,0.1778,2
677,3298,5,7552420,2290,3,0,5,1,8,0,1,12,0,9,1,0.1667,0,0,2,1,0.1667,1
2740,2108,4,7112392,3374,1,3,1,1,4,1,5,18,3,13,5,0.7556,0,2,2,1,0.7556,2
3033,3607,4,8631551,2393,2,1,6,4,12,3,0,9,0,6,1,0.1667,0,0,2,1,0.1667,1
2990,3796,5,9258444,2439,1,3,6,1,9,3,5,18,2,5,5,0.7556,2,5,3,0,0.9823,2
1313,3004,4,6807064,2266,0,2,6,1,9,1,2,14,2,1,1,0.1667,0,1,2,0,0.1667,2
2437,1776,2,1321344,744,3,3,3,2,7,0,0,7,2,9,4,0.6667,0,0,2,1,0.6667,2
3556,3593,3,8982500,2500,1,0,4,2,8,1,2,10,1,5,12,0.0,2,5,3,0,0.0,2
3680,2303,1,1817067,789,3,3,6,4,12,0,5,15,1,9,1,0.1667,0,0,2,1,0.1667,2
1954,1693,3,10037797,5929,1,3,4,3,9,3,4,17,0,13,5,0.7556,0,2,2,1,0.7556,2
4675,3944,4,2764744,701,2,3,5,2,9,3,3,17,3,8,1,0.1667,0,0,0,0,0.0667,2
3352,3480,5,3768840,1083,1,2,6,2,10,3,3,18,2,6,2,0.3333,0,1,2,0,0.3333,2
2577,626,4,3948808,6308,3,0,3,1,6,3,2,12,2,12,8,0.5111,0,0,2,0,0.5111,2
2532,2440,5,20891280,8562,1,1,1,4,7,1,4,18,0,4,8,0.5111,1,3,2,2,0.5111,2
1862,2697,3,12452049,4617,2,2,3,1,6,3,1,10,3,12,5,0.7556,0,0,2,0,0.7556,2
3280,3336,3,21403776,6416,0,3,3,2,7,0,5,18,3,12,9,0.3444,0,0,2,0,0.3444,2
3708,916,2,2090312,2282,1,1,4,4,10,3,5,15,1,9,12,0.0,0,4,2,0,0.0,1
2401,2638,1,14118576,5352,1,0,1,4,7,1,2,6,1,7,5,0.7556,0,0,2,0,0.7556,1
3831,1827,3,13205556,7228,3,0,1,3,6,1,3,12,0,4,4,0.6667,1,1,2,0,0.6667,2
2579,2476,4,2532948,1023,0,0,4,4,10,1,1,10,1,6,12,0.0,0,3,2,2,0.0,1
827,775,3,560325,723,1,0,1,3,6,3,0,6,2,10,7,0.6778,0,4,2,0,0.6778,2
2284,2553,1,9821391,3847,3,2,1,3,6,1,1,6,1,10,4,0.6667,0,2,2,1,0.6667,2
3042,1172,2,6927692,5911,0,1,1,2,5,0,0,5,3,13,10,0.1778,0,0,2,0,0.1778,1
2696,3897,2,2716209,697,1,0,5,4,11,0,4,12,3,4,11,0.0889,1,5,3,0,0.1156,2
3832,3877,5,3613364,932,2,2,3,4,9,0,5,18,3,4,9,0.3444,1,5,3,0,0.4477,2
1753,3649,5,1766116,484,2,0,2,3,7,3,0,10,2,12,2,0.3333,0,1,2,0,0.3333,2
2036,3971,5,2728077,687,2,0,6,4,12,2,5,18,1,3,8,0.5111,1,3,2,2,0.5111,2
2252,875,2,7138250,8158,0,1,5,3,10,2,2,9,3,10,5,0.7556,0,0,2,0,0.7556,2
1005,3967,3,14070949,3547,1,3,5,1,8,2,2,13,0,6,2,0.3333,0,3,2,2,0.3333,1
2542,3530,5,21278840,6028,3,2,1,4,7,0,5,18,1,0,5,0.7556,0,1,1,0,0.5289,2
4508,3863,1,2333252,604,3,3,5,2,9,1,3,11,1,6,5,0.7556,0,0,2,1,0.7556,2
2776,1355,3,3841425,2835,2,3,6,4,12,2,4,17,0,5,5,0.7556,2,4,3,0,0.9823,2
1169,2760,3,1744320,632,2,0,5,2,9,2,3,12,2,7,9,0.3444,0,1,2,0,0.3444,2
2736,3805,1,6799535,1787,2,1,1,2,5,1,3,9,1,7,8,0.5111,0,1,2,0,0.5111,1
1932,676,4,340028,503,1,0,1,3,6,1,1,10,3,12,3,0.5,0,0,2,0,0.5,2
3368,895,1,2685895,3001,0,2,4,1,7,0,5,14,1,2,12,0.0,1,4,2,0,0.0,1
2115,3512,1,26248688,7474,1,2,1,2,5,2,3,10,3,10,2,0.3333,0,2,2,1,0.3333,1
4595,3437,3,21237223,6179,2,2,2,2,6,0,2,12,1,4,1,0.1667,1,0,2,1,0.1667,1
1946,1028,2,1856568,1806,3,0,4,3,9,0,0,4,3,1,4,0.6667,0,2,2,1,0.6667,2
2096,3488,4,6581856,1887,2,2,1,1,4,3,0,10,2,12,4,0.6667,0,4,2,0,0.6667,2
3029,2663,4,10742542,4034,2,3,3,2,7,1,1,13,3,3,12,0.0,1,3,2,2,0.0,2
780,1716,1,1964820,1145,2,1,3,3,8,1,0,3,3,0,1,0.1667,0,1,1,0,0.1167,1
3674,1737,4,1177686,678,0,0,4,4,10,1,2,12,2,3,9,0.3444,1,3,2,2,0.3444,2
977,564,4,1389132,2463,0,3,1,2,5,0,2,15,2,8,4,0.6667,0,1,1,0,0.4667,2
4070,1916,3,15626896,8156,1,3,3,3,8,1,2,13,0,2,2,0.3333,1,4,2,0,0.3333,1
1115,1939,1,3967194,2046,1,2,3,3,8,1,4,12,3,10,7,0.6778,0,0,2,0,0.6778,2
1222,720,1,3221280,4474,1,3,2,4,8,0,1,7,0,9,3,0.5,0,0,2,1,0.5,1
2870,1689,1,1057314,626,1,3,6,3,11,2,5,15,2,10,4,0.6667,0,4,2,0,0.6667,2
2465,698,4,322476,462,1,1,5,2,9,3,5,18,1,0,3,0.5,0,2,1,1,0.35,2
1445,489,3,669930,1370,0,1,5,1,8,0,5,17,1,6,2,0.3333,0,4,2,0,0.3333,1
3498,2160,2,1406160,651,2,2,5,3,10,1,1,8,1,10,6,0.8444,0,2,2,1,0.8444,2
2558,1464,4,989664,676,1,2,3,1,6,1,3,16,1,0,5,0.7556,0,1,1,0,0.5289,2
2909,1425,1,1254000,880,3,3,6,2,10,3,5,15,1,6,6,0.8444,0,4,2,0,0.8444,2
1932,3437,5,17734920,5160,0,2,5,2,9,2,2,16,0,7,5,0.7556,0,1,2,0,0.7556,2
2636,3052,3,7422464,2432,0,2,4,2,8,1,3,14,0,0,5,0.7556,0,2,1,1,0.5289,2
1899,1110,3,895770,807,0,0,3,2,7,1,1,8,1,0,10,0.1778,0,2,1,1,0.1245,1
2777,1594,2,2760808,1732,0,3,5,2,9,0,1,9,2,9,11,0.0889,0,1,2,0,0.0889,1
4689,2516,2,5525136,2196,0,2,3,4,9,0,2,10,2,7,10,0.1778,0,1,2,0,0.1778,1
1752,2450,4,2244200,916,0,1,3,3,8,1,5,18,2,0,4,0.6667,0,4,2,0,0.6667,2
642,2247,2,4217619,1877,3,2,1,3,6,1,1,8,2,8,1,0.1667,0,5,1,0,0.1167,1
2486,1703,5,1588899,933,0,0,1,1,4,0,2,14,2,6,5,0.7556,0,1,2,0,0.7556,2
1788,2995,2,2533770,846,0,3,5,2,9,1,0,7,0,11,2,0.3333,2,5,3,0,0.4333,2
2071,2415,4,2373945,983,0,2,5,1,8,2,5,18,1,6,2,0.3333,0,3,2,2,0.3333,2
4532,1423,2,647465,455,0,0,5,1,8,2,4,12,2,6,9,0.3444,0,1,2,0,0.3444,2
3953,3317,2,28496347,8591,3,1,4,3,9,3,2,9,1,5,1,0.1667,2,4,3,0,0.2167,2
3419,1694,4,4324782,2553,1,3,4,1,7,2,0,11,1,0,2,0.3333,0,1,1,0,0.2333,1
2351,1465,5,984480,672,1,1,4,1,7,1,2,15,0,10,5,0.7556,0,1,2,0,0.7556,2
1324,3395,3,1262940,372,3,2,6,4,12,1,4,16,3,4,11,0.0889,1,0,2,1,0.0889,2
2162,3363,4,2579421,767,1,1,2,3,7,0,4,17,0,12,7,0.6778,0,4,2,0,0.6778,2
1705,3134,1,6242928,1992,0,3,6,4,12,2,1,7,3,6,1,0.1667,0,0,2,1,0.1667,1
4891,847,4,4076611,4813,2,0,4,4,10,1,3,14,1,9,12,0.0,0,0,2,1,0.0,1
1134,2970,1,2393820,806,1,3,6,2,10,1,0,5,2,4,5,0.7556,1,5,3,0,0.9823,2
1113,2407,2,9921654,4122,2,0,6,4,12,1,4,12,1,7,11,0.0889,0,0,2,0,0.0889,0
1105,1932,2,2758896,1428,1,2,5,1,8,3,3,12,1,12,4,0.6667,0,2,2,1,0.6667,2
4381,1724,5,7092536,4114,3,3,5,4,11,0,4,18,2,6,12,0.0,0,3,2,2,0.0,2
2184,1653,3,14792697,8949,1,3,5,3,10,3,3,15,2,6,2,0.3333,0,3,2,2,0.3333,2
664,645,3,2260080,3504,0,2,5,2,9,0,1,10,2,6,12,0.0,0,0,2,1,0.0,1
2722,2585,1,6405630,2478,2,1,6,1,9,2,4,11,3,2,6,0.8444,1,1,2,1,0.8444,2
2952,501,2,323646,646,2,3,3,1,6,2,3,13,1,4,2,0.3333,1,4,2,0,0.3333,2
4345,2946,3,12004950,4075,1,3,1,3,6,1,2,13,2,10,12,0.0,0,0,2,0,0.0,1
1043,2277,1,8923563,3919,2,1,6,2,10,1,1,5,3,7,6,0.8444,0,2,2,1,0.8444,2
3795,1984,5,7644352,3853,3,3,6,3,11,2,1,15,1,0,12,0.0,0,1,1,0,0.0,1
1042,1000,2,625000,625,2,2,6,3,11,0,0,6,0,7,5,0.7556,0,2,2,1,0.7556,2
2809,3192,2,13728792,4301,0,2,4,1,7,1,0,6,2,12,7,0.6778,0,4,2,0,0.6778,2
4495,2565,2,6338115,2471,0,0,6,4,12,3,5,14,2,10,2,0.3333,0,0,2,0,0.3333,1
2645,3896,5,3919376,1006,3,0,1,2,5,3,3,16,3,0,1,0.1667,0,2,1,1,0.1167,2
2485,2769,4,8030100,2900,2,3,2,3,7,0,1,13,3,3,12,0.0,1,3,2,2,0.0,2
3146,1233,3,3273615,2655,2,2,4,4,10,3,2,12,3,8,4,0.6667,0,0,0,0,0.2667,2
4568,413,4,2139340,5180,3,0,5,1,8,0,2,12,1,4,2,0.3333,1,0,2,1,0.3333,1
4478,1817,1,2839971,1563,3,3,2,4,8,0,1,7,0,13,9,0.3444,0,1,2,0,0.3444,1
1260,3360,3,6400800,1905,1,2,2,4,8,3,0,8,0,6,12,0.0,0,0,2,1,0.0,0
968,938,2,951132,1014,2,0,4,4,10,3,0,4,1,6,1,0.1667,0,1,2,0,0.1667,1
3728,1753,3,13352601,7617,0,3,5,4,11,0,3,15,1,11,10,0.1778,2,1,2,0,0.1778,2
3354,1328,3,402384,303,3,3,2,1,5,0,1,11,1,4,12,0.0,1,4,2,0,0.0,2
3403,2513,2,6154337,2449,1,1,4,1,7,3,5,15,3,10,5,0.7556,0,4,2,0,0.7556,2
3914,1234,4,4816302,3903,2,3,1,2,5,1,1,13,1,2,12,0.0,1,1,2,1,0.0,1
3920,3543,2,8783097,2479,0,0,6,3,11,3,5,14,3,3,6,0.8444,1,3,2,2,0.8444,2
3564,1588,4,736832,464,3,2,5,4,11,1,1,12,2,10,4,0.6667,0,1,2,0,0.6667,2
3937,3750,4,2546250,679,1,0,6,1,9,1,1,10,2,0,8,0.5111,0,1,1,0,0.3578,2
3089,2257,4,17868669,7917,1,0,2,2,6,1,2,12,2,2,11,0.0889,1,0,2,1,0.0889,1
2836,2529,4,3968001,1569,3,1,5,3,10,1,0,9,0,4,9,0.3444,1,3,2,2,0.3444,2
4820,1434,4,8245500,5750,2,0,6,4,12,2,5,18,1,7,4,0.6667,0,0,2,0,0.6667,2
705,3238,4,3114956,962,1,3,5,4,11,3,1,13,1,10,12,0.0,0,4,2,0,0.0,1
4332,1229,5,2697655,2195,2,1,6,1,9,3,2,15,0,8,8,0.5111,0,0,0,0,0.2044,1
3760,625,4,2775625,4441,2,1,1,1,4,3,4,17,1,7,5,0.7556,0,4,3,0,0.9823,2
3527,1560,5,1340040,859,0,0,1,4,7,2,5,18,3,6,3,0.5,0,1,2,0,0.5,2
4570,2466,1,5361084,2174,3,1,4,3,9,2,3,9,3,12,3,0.5,0,2,2,1,0.5,2
3549,2209,5,3150034,1426,1,0,3,3,8,3,0,10,2,2,4,0.6667,1,4,2,0,0.6667,2
826,2176,3,8321024,3824,0,2,2,4,8,3,5,18,0,1,12,0.0,0,1,2,0,0.0,1
717,2268,2,12106584,5338,1,3,6,2,10,0,5,17,1,0,1,0.1667,0,1,1,0,0.1167,1
4751,3426,2,2898396,846,1,3,5,2,9,3,3,13,3,4,12,0.0,1,1,2,0,0.0,1
3089,2322,4,5449734,2347,1,1,2,1,5,3,3,15,3,6,3,0.5,0,0,2,1,0.5,2
3054,3940,4,2557060,649,1,3,5,4,11,0,0,11,3,7,4,0.6667,0,1,2,0,0.6667,2
3605,1094,2,3126652,2858,2,1,6,3,11,2,5,15,3,6,8,0.5111,0,1,2,0,0.5111,2
884,2847,3,4421391,1553,3,3,4,4,10,3,0,9,1,7,7,0.6778,0,2,2,1,0.6778,2
867,2315,1,1155185,499,3,1,5,3,10,2,5,13,3,4,5,0.7556,1,4,2,0,0.7556,2
2660,621,1,2841075,4575,3,0,6,2,10,2,2,6,3,0,6,0.8444,0,4,2,0,0.8444,2
1912,2302,5,1546944,672,1,3,5,1,8,1,5,18,3,0,1,0.1667,0,0,1,0,0.1167,2
4342,787,2,1910049,2427,3,3,4,1,7,2,2,11,3,6,8,0.5111,0,2,2,2,0.5111,2
1796,871,4,2007655,2305,3,0,6,4,12,3,5,18,3,6,9,0.3444,0,1,2,0,0.3444,2
1211,3296,3,5023104,1524,0,3,6,2,10,2,4,17,1,0,10,0.1778,0,1,1,0,0.1245,1
4869,2398,2,16670896,6952,3,0,6,3,11,2,3,10,0,6,1,0.1667,0,1,2,0,0.1667,0
3233,3094,2,18217472,5888,1,0,6,1,9,2,4,12,3,4,10,0.1778,1,4,2,0,0.1778,1
1211,3406,4,20514338,6023,2,3,3,1,6,1,3,17,3,6,4,0.6667,0,0,2,1,0.6667,2
2179,721,4,1179556,1636,3,3,6,1,9,0,4,18,1,7,2,0.3333,0,0,2,0,0.3333,1
2489,2314,4,16834350,7275,0,3,5,2,9,3,4,18,1,2,8,0.5111,1,4,2,0,0.5111,2
4440,3711,3,6423741,1731,3,3,5,1,8,1,1,11,0,6,2,0.3333,0,1,2,0,0.3333,1
2971,2326,3,1456076,626,3,1,6,3,11,2,4,15,0,13,8,0.5111,0,0,2,0,0.5111,2
3023,2321,1,8610910,3710,0,0,5,4,11,3,3,8,3,6,2,0.3333,0,0,2,1,0.3333,1
4345,2386,4,5428150,2275,0,1,5,1,8,1,0,9,3,7,5,0.7556,0,2,2,1,0.7556,2
3622,3354,4,28592850,8525,1,1,2,4,8,2,1,11,3,4,11,0.0889,1,4,2,0,0.0889,2
4501,1122,4,4672008,4164,2,1,2,1,5,3,5,18,1,9,9,0.3444,0,2,2,1,0.3444,2
2716,3856,5,6262144,1624,2,0,4,1,7,0,0,10,3,7,11,0.0889,0,1,2,0,0.0889,1
4947,2599,3,6671633,2567,1,3,3,1,6,2,3,15,3,3,4,0.6667,1,3,2,2,0.6667,2
4849,1414,5,6695290,4735,0,3,3,2,7,2,1,15,3,11,2,0.3333,2,4,3,0,0.4333,2
3111,1121,1,1798084,1604,3,1,1,3,6,0,1,5,1,0,3,0.5,0,4,2,0,0.5,1
1849,3383,5,9526528,2816,1,2,4,2,8,3,3,18,1,0,2,0.3333,0,1,1,0,0.2333,1
2943,2851,2,7033417,2467,2,2,1,4,7,0,5,16,3,8,1,0.1667,0,1,1,0,0.1167,1
1647,1487,4,1243132,836,3,1,3,2,7,2,3,15,0,0,3,0.5,0,1,1,0,0.35,2
4677,406,3,1566348,3858,3,3,3,1,6,0,0,9,2,4,9,0.3444,1,1,2,0,0.3444,2
1804,3393,2,5350761,1577,1,3,1,2,5,0,5,17,3,6,6,0.8444,0,1,2,0,0.8444,2
4498,3887,4,10689250,2750,2,2,3,4,9,1,2,14,1,4,3,0.5,1,5,3,0,0.65,2
2966,1606,5,1268740,790,0,0,4,4,10,2,1,12,1,0,8,0.5111,0,1,1,0,0.3578,2
3903,1997,2,16071856,8048,3,2,1,1,4,0,2,10,2,0,4,0.6667,0,2,1,1,0.4667,2
2067,2424,5,13048392,5383,1,1,4,4,10,2,5,18,3,4,7,0.6778,1,1,2,0,0.6778,2
3763,1966,2,2184226,1111,0,3,1,3,6,0,3,13,2,10,3,0.5,0,0,2,0,0.5,2
3028,1154,2,1289018,1117,2,3,2,3,7,0,5,17,3,8,2,0.3333,0,1,1,0,0.2333,2
4869,1642,2,2449864,1492,2,0,5,4,11,3,5,14,0,0,3,0.5,0,1,1,0,0.35,1
3352,2152,3,4086648,1899,1,0,5,3,10,2,0,6,1,7,12,0.0,0,0,2,0,0.0,0
1789,2820,5,2538000,900,0,2,5,4,11,2,0,12,1,6,4,0.6667,0,1,2,0,0.6667,2
4195,3062,4,10576148,3454,2,2,2,3,7,3,0,10,0,1,3,0.5,0,1,2,0,0.5,2
3007,3602,3,13298584,3692,3,3,6,2,10,1,5,18,3,9,11,0.0889,0,0,2,1,0.0889,1
3383,3541,4,5293795,1495,3,2,5,1,8,2,1,12,1,7,4,0.6667,0,0,2,0,0.6667,2
961,856,2,1909736,2231,0,1,2,4,8,2,2,9,0,3,1,0.1667,1,3,2,2,0.1667,1
1176,640,2,4771200,7455,1,1,5,3,10,1,0,5,1,8,3,0.5,0,0,0,0,0.2,1
4046,1805,4,1629915,903,3,3,5,1,8,1,0,11,2,6,10,0.1778,0,2,2,2,0.1778,2
4830,727,3,854225,1175,3,3,3,3,8,1,5,18,2,7,5,0.7556,0,1,2,0,0.7556,2
3027,564,5,1758552,3118,1,3,5,3,10,2,0,13,0,6,8,0.5111,0,4,2,0,0.5111,2
3312,1258,3,3922444,3118,3,2,4,3,9,0,4,16,3,0,11,0.0889,0,0,1,0,0.0622,1
953,680,2,4872880,7166,1,0,6,4,12,1,3,10,0,7,5,0.7556,0,0,2,0,0.7556,1
4869,3406,1,5330390,1565,2,2,5,2,9,2,5,14,1,7,6,0.8444,0,2,2,1,0.8444,2
2736,3615,4,17315850,4790,1,2,1,3,6,1,2,14,0,6,11,0.0889,0,3,2,2,0.0889,1
2856,1666,2,837998,503,1,2,4,2,8,2,4,14,0,11,4,0.6667,2,5,3,0,0.8667,2
4394,1752,5,10566312,6031,1,2,5,3,10,1,3,18,3,7,12,0.0,0,0,2,0,0.0,1
821,930,1,348750,375,1,1,5,4,11,3,1,5,0,6,1,0.1667,0,0,2,1,0.1667,1
965,1914,4,7211952,3768,0,2,3,2,7,1,1,12,0,12,2,0.3333,0,2,2,1,0.3333,1
690,3597,5,17585733,4889,1,1,3,3,8,0,5,18,3,4,2,0.3333,1,4,2,0,0.3333,2
4675,3591,3,21854826,6086,3,2,1,3,6,1,1,10,3,9,4,0.6667,0,1,2,0,0.6667,2
4129,1273,1,3472744,2728,0,0,1,4,7,3,2,6,1,9,3,0.5,0,1,2,0,0.5,1
3379,1768,1,3353896,1897,2,3,4,2,8,3,1,7,3,7,7,0.6778,0,0,2,0,0.6778,2
2634,684,1,3059532,4473,1,1,1,4,7,1,1,5,0,2,4,0.6667,1,1,2,1,0.6667,2
4257,1371,1,1793268,1308,1,1,3,1,6,1,0,3,2,10,5,0.7556,0,2,2,1,0.7556,2
2531,3814,1,16423084,4306,1,0,4,3,9,0,3,8,2,8,6,0.8444,0,0,0,0,0.3378,1
2978,3665,2,2448220,668,2,3,1,3,6,1,4,15,1,6,11,0.0889,0,2,2,2,0.0889,2
3139,2747,1,17775837,6471,2,2,4,3,9,2,1,6,0,12,2,0.3333,0,2,2,1,0.3333,1
2635,1786,3,6213494,3479,3,3,5,4,11,1,4,17,3,10,6,0.8444,0,4,2,0,0.8444,2
3681,3610,3,4526940,1254,2,0,5,2,9,2,0,6,2,10,6,0.8444,0,0,2,0,0.8444,2
1936,1361,4,453213,333,1,0,2,2,6,1,5,18,0,3,3,0.5,1,3,2,2,0.5,2
2560,498,3,2156838,4331,3,1,1,2,5,2,2,11,2,9,12,0.0,0,0,2,1,0.0,1
1771,3678,3,8290212,2254,3,2,1,2,5,0,3,14,1,3,9,0.3444,1,2,2,2,0.3444,2
1509,2361,4,2065875,875,3,0,2,2,6,3,0,8,1,6,11,0.0889,0,0,2,1,0.0889,1
2315,2017,2,9251979,4587,2,1,1,3,6,1,5,15,3,4,5,0.7556,1,5,3,0,0.9823,2
3697,3744,5,3186144,851,3,0,4,3,9,0,5,18,3,10,2,0.3333,0,0,2,0,0.3333,2
2137,2157,5,5047380,2340,2,1,5,1,8,1,0,11,1,2,11,0.0889,1,1,2,1,0.0889,1
4820,3551,3,4009079,1129,3,1,3,4,9,0,0,7,0,4,2,0.3333,1,4,2,0,0.3333,1
1844,1041,5,994155,955,3,0,4,3,9,1,1,12,1,4,10,0.1778,1,4,2,0,0.1778,2
707,2384,2,1134784,476,1,0,3,3,8,0,2,8,3,10,5,0.7556,0,0,2,0,0.7556,2
4610,483,4,463680,960,0,1,5,2,9,1,0,9,0,6,5,0.7556,0,2,2,2,0.7556,2
987,2235,4,2380275,1065,3,1,2,4,8,0,5,18,0,9,2,0.3333,0,4,2,0,0.3333,2
829,1321,3,961688,728,0,2,1,3,6,2,5,18,1,2,9,0.3444,1,0,2,1,0.3444,2
4395,3740,5,4330920,1158,2,0,1,1,4,0,4,18,0,0,12,0.0,0,1,1,0,0.0,1
3045,3651,5,1493259,409,1,0,6,2,10,2,5,18,0,3,3,0.5,1,0,2,1,0.5,2
4238,2797,5,8782580,3140,0,2,4,3,9,0,3,18,2,1,11,0.0889,0,4,2,0,0.0889,2
3541,3487,3,8379261,2403,1,0,2,4,8,3,1,8,1,3,4,0.6667,1,3,2,2,0.6667,2
4303,786,5,2813094,3579,0,0,3,4,9,1,3,16,1,6,12,0.0,0,1,2,0,0.0,1
2198,3062,5,6662912,2176,2,2,5,2,9,1,1,14,2,0,12,0.0,0,1,1,0,0.0,1
1959,1938,5,3651192,1884,3,1,4,3,9,2,2,15,1,6,5,0.7556,0,2,2,2,0.7556,2
3707,1932,4,9546012,4941,3,1,5,2,9,3,4,17,3,1,2,0.3333,0,2,2,1,0.3333,2
1889,903,4,1995630,2210,1,0,2,1,5,3,1,10,1,8,1,0.1667,0,4,1,0,0.1167,1
2787,2767,3,1162140,420,0,0,4,4,10,0,3,12,3,0,1,0.1667,0,1,1,0,0.1167,2
3726,3964,2,32536512,8208,0,3,6,3,11,0,4,15,1,0,12,0.0,0,4,2,0,0.0,1
2213,1118,3,5003050,4475,0,0,4,1,7,3,4,14,3,6,7,0.6778,0,2,2,2,0.6778,2
2326,2327,1,760929,327,2,1,1,3,6,2,5,13,1,0,5,0.7556,0,1,1,0,0.5289,2
1134,3881,3,1924976,496,0,3,3,2,7,1,5,18,0,13,3,0.5,0,0,2,0,0.5,2
2994,2427,1,1478043,609,1,3,3,4,9,0,2,9,2,1,4,0.6667,0,1,2,0,0.6667,2
2758,3055,4,13704730,4486,2,3,2,4,8,2,1,13,3,8,10,0.1778,0,0,0,0,0.0711,1
3770,3126,2,11863170,3795,0,2,2,3,7,1,1,8,2,5,5,0.7556,2,5,3,0,0.9823,2
2220,3766,3,4907098,1303,3,3,5,1,8,1,3,15,1,6,8,0.5111,0,0,2,1,0.5111,2
1735,3172,3,6099756,1923,2,2,1,1,4,1,5,18,1,1,6,0.8444,0,1,2,0,0.8444,2
987,2097,4,3225186,1538,2,1,6,4,12,1,1,11,0,7,5,0.7556,0,2,2,1,0.7556,2
985,2430,2,1540620,634,3,2,4,3,9,3,4,14,2,6,2,0.3333,0,4,2,0,0.3333,2
2959,1566,5,7292862,4657,0,3,4,4,10,1,5,18,3,0,6,0.8444,0,0,1,0,0.5911,2
4732,3269,1,13213298,4042,2,3,3,2,7,3,0,5,2,6,11,0.0889,0,4,2,0,0.0889,1
2592,3507,1,24261426,6918,1,2,3,1,6,2,4,12,0,6,6,0.8444,0,0,2,1,0.8444,1
1992,3508,4,3932468,1121,0,2,6,2,10,0,2,14,0,10,9,0.3444,0,0,2,0,0.3444,2
3395,520,3,1246960,2398,2,1,6,3,11,3,4,15,1,10,4,0.6667,0,4,2,0,0.6667,2
4806,1650,3,6844200,4148,3,2,2,2,6,2,2,12,3,13,5,0.7556,0,4,2,0,0.7556,2
4500,1315,5,2394615,1821,3,2,4,4,10,1,0,12,1,12,6,0.8444,0,2,2,1,0.8444,2
4438,2635,5,19043145,7227,2,2,2,1,5,2,0,12,2,7,6,0.8444,0,1,2,0,0.8444,2
4278,3542,5,5667200,1600,0,3,3,2,7,2,3,18,2,0,2,0.3333,0,0,1,0,0.2333,1
1643,1749,4,1441176,824,0,2,6,4,12,1,0,10,3,10,12,0.0,0,0,2,0,0.0,1
4916,2385,2,5638140,2364,3,1,2,3,7,0,5,15,2,0,11,0.0889,0,0,1,0,0.0622,1
2141,450,2,1044900,2322,3,1,2,1,5,1,5,15,0,8,4,0.6667,0,0,0,0,0.2667,1
3123,3031,5,26415165,8715,3,0,5,1,8,0,4,18,0,10,12,0.0,0,4,2,0,0.0,1
2989,839,3,1045394,1246,1,0,1,4,7,3,4,14,3,11,2,0.3333,2,4,3,0,0.4333,2
4313,1719,2,6571737,3823,3,1,5,1,8,2,4,13,3,0,11,0.0889,0,0,1,0,0.0622,1
950,3532,4,2836196,803,1,1,1,2,5,3,2,13,2,9,4,0.6667,0,4,2,0,0.6667,2
3709,1417,1,722670,510,1,0,6,4,12,1,5,12,3,7,12,0.0,0,2,2,1,0.0,1
3090,1576,1,821096,521,0,2,6,4,12,3,2,8,2,7,7,0.6778,0,2,2,1,0.6778,2
1698,2796,4,4308636,1541,0,1,1,4,7,0,1,11,1,8,4,0.6667,0,0,0,0,0.2667,1
2841,2256,4,5536224,2454,1,1,1,1,4,1,5,18,1,10,6,0.8444,0,1,2,0,0.8444,2
4101,2676,1,9874440,3690,2,3,1,4,7,0,0,5,0,10,1,0.1667,0,2,2,1,0.1667,1
611,2616,2,10461384,3999,0,0,1,2,5,1,5,14,2,3,9,0.3444,1,3,2,2,0.3444,2
2850,3415,3,7803275,2285,0,1,2,4,8,3,1,9,1,0,5,0.7556,0,4,2,0,0.7556,2
4709,2834,2,12863526,4539,1,0,5,2,9,2,5,14,1,3,5,0.7556,1,3,2,2,0.7556,2
4559,668,5,1307944,1958,0,0,2,3,7,2,5,18,0,10,7,0.6778,0,1,2,0,0.6778,2
4530,3565,4,9222655,2587,2,3,5,2,9,3,1,13,2,9,8,0.5111,0,4,2,0,0.5111,2
2664,3800,2,3081800,811,3,2,2,1,5,0,0,6,1,5,1,0.1667,2,5,3,0,0.2167,2
4322,3917,3,9216701,2353,2,0,2,2,6,1,2,10,0,12,11,0.0889,0,1,2,0,0.0889,1
779,1280,3,6677760,5217,2,2,1,3,6,2,4,16,1,1,5,0.7556,0,3,2,2,0.7556,2
4863,3227,1,1494101,463,1,1,3,3,8,3,0,3,1,3,3,0.5,1,3,2,2,0.5,2
4801,1655,5,1376960,832,0,0,6,1,9,2,3,16,3,5,4,0.6667,2,5,3,0,0.8667,2
4109,3301,3,12599917,3817,2,1,4,3,9,2,3,13,3,11,2,0.3333,2,5,3,0,0.4333,2
1299,1324,1,2507656,1894,0,3,2,3,7,2,2,9,2,6,12,0.0,0,2,2,2,0.0,1
3109,848,5,690272,814,1,1,5,2,9,0,5,18,3,0,8,0.5111,0,1,1,0,0.3578,2
2299,1813,5,9732184,5368,2,0,3,1,6,0,2,14,1,4,1,0.1667,1,5,3,0,0.2167,2
664,561,5,3233604,5764,2,2,2,2,6,1,1,14,0,6,12,0.0,0,0,2,1,0.0,1
4160,3783,4,7085559,1873,0,1,6,2,10,0,2,13,2,3,8,0.5111,1,1,2,1,0.5111,2
2431,442,2,3118752,7056,2,2,3,2,7,0,2,10,2,7,5,0.7556,0,2,2,1,0.7556,2
752,2878,3,5920046,2057,0,0,4,4,10,2,0,6,0,6,2,0.3333,0,0,2,1,0.3333,1
1070,3865,5,8615085,2229,2,0,3,2,7,1,5,18,0,1,2,0.3333,0,2,2,1,0.3333,1
3231,2157,3,1233804,572,0,3,6,1,9,3,1,11,2,8,3,0.5,0,0,0,0,0.2,2
3741,3276,2,13762476,4201,0,1,3,3,8,0,4,13,3,0,4,0.6667,0,1,1,0,0.4667,2
989,3326,3,7689712,2312,1,0,3,1,6,2,4,14,2,0,1,0.1667,0,2,1,1,0.1167,1
3304,1445,4,6362335,4403,3,1,6,1,9,1,4,17,1,4,4,0.6667,1,1,2,0,0.6667,2
1950,2646,1,6080508,2298,2,2,6,4,12,1,4,12,3,7,1,0.1667,0,2,2,1,0.1667,1
1485,3796,1,18038592,4752,2,3,3,3,8,3,4,13,0,11,12,0.0,2,5,3,0,0.0,2
1131,3571,5,26993189,7559,0,0,3,3,8,0,2,14,3,4,5,0.7556,1,3,2,2,0.7556,2
2264,1925,2,6539225,3397,2,1,6,4,12,2,1,7,0,0,9,0.3444,0,1,1,0,0.2411,1
4214,1247,1,10281515,8245,0,0,6,2,10,2,2,6,3,8,2,0.3333,0,0,0,0,0.1333,1
2343,725,2,1724050,2378,2,2,2,2,6,2,3,12,0,0,6,0.8444,0,1,1,0,0.5911,1
3258,3961,5,7704145,1945,0,3,3,4,9,0,0,13,2,6,5,0.7556,0,4,2,0,0.7556,2
1553,3267,3,9366489,2867,1,1,6,1,9,2,5,17,2,10,4,0.6667,0,0,2,0,0.6667,2
3559,2310,3,3765300,1630,2,0,2,2,6,3,5,16,0,6,4,0.6667,0,3,2,2,0.6667,2
2444,3573,1,6595758,1846,2,3,5,2,9,1,4,13,1,6,2,0.3333,0,1,2,0,0.3333,1
697,1058,4,323748,306,1,1,2,1,5,3,2,13,3,12,12,0.0,0,4,2,0,0.0,2
4123,1730,5,9253770,5349,1,0,5,4,11,2,1,12,2,6,12,0.0,0,0,2,1,0.0,1
698,2169,5,1613736,744,0,1,1,3,6,0,1,13,2,1,2,0.3333,0,3,2,2,0.3333,2
3023,404,5,2512880,6220,3,3,3,2,7,2,2,17,3,7,9,0.3444,0,4,3,0,0.4477,2
1260,3816,2,2793312,732,1,2,2,2,6,3,1,8,3,9,2,0.3333,0,2,2,1,0.3333,2
2588,3081,1,3484611,1131,0,1,2,1,5,2,3,9,1,10,10,0.1778,0,1,2,0,0.1778,1
4279,2657,5,23110586,8698,0,3,2,2,6,1,0,13,1,6,3,0.5,0,1,2,0,0.5,2
1803,2287,2,3245253,1419,1,2,3,1,6,0,5,16,1,11,12,0.0,2,5,3,0,0.0,2
1275,3905,3,3795660,972,3,1,1,3,6,2,5,17,3,0,10,0.1778,0,2,1,1,0.1245,2
4318,1366,1,11586412,8482,0,2,4,4,10,2,1,6,1,9,4,0.6667,0,4,2,0,0.6667,2
837,477,2,1795905,3765,3,0,5,3,10,3,0,4,1,10,2,0.3333,0,4,2,0,0.3333,1
3125,3975,1,15351450,3862,1,0,2,4,8,0,3,8,1,3,10,0.1778,1,2,2,2,0.1778,1
603,3494,5,14849500,4250,0,0,5,2,9,1,0,10,1,0,9,0.3444,0,1,1,0,0.2411,1
601,1544,5,10931520,7080,3,3,6,4,12,0,1,15,3,0,12,0.0,0,1,1,0,0.0,1
2596,3630,3,11942700,3290,1,2,4,3,9,2,0,8,0,8,7,0.6778,0,4,1,0,0.4745,1
2548,2101,3,4325959,2059,0,3,5,4,11,3,1,11,0,3,1,0.1667,1,1,2,1,0.1667,1
3234,2905,3,4389455,1511,1,3,2,4,8,2,4,17,2,11,5,0.7556,2,1,2,0,0.7556,2
4811,791,5,1856477,2347,3,3,6,1,9,1,0,13,0,3,4,0.6667,1,0,2,1,0.6667,2
968,2671,1,1752176,656,3,1,4,1,7,2,5,13,2,6,5,0.7556,0,1,2,0,0.7556,2
1872,2379,2,20728227,8713,0,3,2,3,7,2,0,7,3,6,6,0.8444,0,2,2,2,0.8444,2
3642,2608,1,4078912,1564,1,2,1,1,4,1,5,14,1,13,1,0.1667,0,1,2,0,0.1667,1
4785,463,1,980171,2117,3,3,3,2,7,0,1,7,3,1,3,0.5,0,3,2,2,0.5,2
1104,2454,1,1180374,481,3,1,2,3,7,2,5,13,2,10,7,0.6778,0,2,2,1,0.6778,2
4906,1289,2,5322281,4129,1,0,6,1,9,2,1,6,1,2,8,0.5111,1,5,3,0,0.6644,2
4257,2575,2,2793875,1085,3,3,4,2,8,1,5,17,2,0,1,0.1667,0,2,1,1,0.1167,1
3728,605,4,1064800,1760,0,3,6,2,10,0,1,13,0,5,5,0.7556,2,4,3,0,0.9823,2
629,1871,1,4415560,2360,1,0,5,1,8,3,3,8,1,11,12,0.0,2,5,3,0,0.0,1
1340,2661,2,13060188,4908,2,3,3,2,7,1,3,13,1,7,9,0.3444,0,2,2,1,0.3444,1
3829,1498,4,497336,332,3,1,6,3,11,2,0,9,1,0,2,0.3333,0,0,1,0,0.2333,2
2045,1692,1,8512452,5031,0,1,1,4,7,0,0,3,3,5,2,0.3333,2,5,3,0,0.4333,2
2568,3374,4,13185592,3908,2,2,6,3,11,0,2,14,2,7,12,0.0,0,1,2,0,0.0,1
1516,735,3,345450,470,0,0,6,3,11,2,0,6,0,11,3,0.5,2,4,3,0,0.65,2
1212,1051,4,2090439,1989,2,0,4,4,10,3,5,18,3,8,4,0.6667,0,4,1,0,0.4667,2
3705,937,2,1177809,1257,0,3,6,4,12,2,0,7,1,6,12,0.0,0,1,2,0,0.0,0
1562,1643,5,2004460,1220,1,2,2,2,6,3,0,12,2,1,6,0.8444,0,1,2,0,0.8444,2
3430,3043,1,6563751,2157,1,2,6,3,11,1,5,14,2,3,1,0.1667,1,1,2,1,0.1667,2
3783,1254,5,1260270,1005,0,3,6,4,12,1,5,18,3,1,10,0.1778,0,3,2,2,0.1778,2
2414,3789,4,5691078,1502,0,3,6,4,12,3,4,18,3,12,10,0.1778,0,2,2,1,0.1778,2
4804,1142,4,1032368,904,0,2,2,4,8,2,3,16,1,0,1,0.1667,0,1,1,0,0.1167,1
2938,1528,3,3746656,2452,2,0,5,4,11,0,1,8,2,0,3,0.5,0,0,1,0,0.35,1
3262,601,2,391251,651,2,0,3,1,6,3,2,8,0,6,12,0.0,0,0,2,1,0.0,1
3741,2707,2,3575947,1321,3,2,2,3,7,0,3,12,1,4,11,0.0889,1,4,2,0,0.0889,1
4261,2697,4,12309108,4564,1,3,5,4,11,0,5,18,1,0,6,0.8444,0,4,2,0,0.8444,2
4242,487,2,984227,2021,3,1,6,2,10,0,0,5,1,6,12,0.0,0,0,2,1,0.0,0
3227,650,3,482300,742,1,0,2,3,7,3,1,8,3,6,12,0.0,0,0,2,1,0.0,1
3894,1523,2,4774605,3135,3,1,1,1,4,1,5,15,2,9,12,0.0,0,2,2,1,0.0,1
4038,3596,2,10507512,2922,3,3,3,4,9,0,2,11,2,0,6,0.8444,0,0,1,0,0.5911,2
1741,3239,5,3915951,1209,1,0,1,4,7,3,2,14,3,9,9,0.3444,0,4,2,0,0.3444,2
890,3162,3,15870078,5019,2,3,1,3,6,2,5,18,2,2,7,0.6778,1,1,2,1,0.6778,2
1632,1224,4,6534936,5339,2,0,2,2,6,1,3,14,1,10,9,0.3444,0,4,2,0,0.3444,2
3398,3415,5,8185755,2397,2,3,3,2,7,0,5,18,0,8,4,0.6667,0,0,0,0,0.2667,2
4275,3265,2,4904030,1502,1,3,6,2,10,2,5,17,1,5,1,0.1667,2,5,3,0,0.2167,2
2786,1625,4,2411500,1484,0,1,1,4,7,1,4,17,1,3,2,0.3333,1,3,2,2,0.3333,2
2208,1481,3,11159335,7535,1,0,6,3,11,0,4,14,2,12,9,0.3444,0,0,2,0,0.3444,1
1834,2446,5,2940092,1202,3,1,4,2,8,2,5,18,1,9,1,0.1667,0,1,2,0,0.1667,1
2444,1361,2,5137775,3775,3,3,1,3,6,2,3,13,3,10,5,0.7556,0,1,2,0,0.7556,2
3893,3305,3,7875815,2383,1,3,2,2,6,0,4,17,3,0,12,0.0,0,0,1,0,0.0,1
1572,1820,5,12285000,6750,0,3,5,4,11,2,5,18,3,9,3,0.5,0,2,2,1,0.5,2
3282,3618,4,9699858,2681,3,3,3,2,7,1,0,11,3,8,2,0.3333,0,0,0,0,0.1333,1
1862,1771,2,1611610,910,3,2,3,3,8,3,2,10,2,4,3,0.5,1,5,3,0,0.65,2
4452,2609,2,1137524,436,3,3,3,1,6,3,3,13,0,0,11,0.0889,0,2,1,1,0.0622,1
2610,2813,4,25139781,8937,3,3,6,1,9,0,2,15,3,13,6,0.8444,0,2,2,1,0.8444,2
1625,2026,5,3950700,1950,2,2,1,4,7,1,2,16,1,1,9,0.3444,0,3,2,2,0.3444,2
3344,3173,1,1964087,619,2,0,5,4,11,0,0,2,2,0,2,0.3333,0,0,1,0,0.2333,1
1704,1716,1,4909476,2861,1,2,5,2,9,0,5,14,3,12,7,0.6778,0,0,2,0,0.6778,2
2700,801,3,1211913,1513,0,0,5,3,10,0,0,6,2,1,6,0.8444,0,4,2,0,0.8444,2
3568,3210,4,14717850,4585,3,0,5,1,8,0,4,16,3,12,3,0.5,0,1,2,0,0.5,2
4291,3885,1,18597495,4787,0,3,2,3,7,2,0,5,1,4,12,0.0,1,1,2,0,0.0,1
3957,2793,3,21790986,7802,1,3,1,3,6,2,3,15,2,10,4,0.6667,0,4,2,0,0.6667,2
2942,3633,1,12199614,3358,1,3,4,2,8,3,1,7,1,9,2,0.3333,0,4,2,0,0.3333,1
2768,3517,3,1649473,469,3,2,4,3,9,1,1,10,1,6,9,0.3444,0,2,2,2,0.3444,2
2046,3469,3,2025896,584,2,0,6,4,12,3,3,12,0,0,10,0.1778,0,0,1,0,0.1245,1
2678,2895,5,2252310,778,1,3,5,1,8,0,0,13,3,4,2,0.3333,1,5,3,0,0.4333,2
3195,3370,2,6025560,1788,2,3,1,4,7,1,5,17,0,5,8,0.5111,2,4,3,0,0.6644,2
4228,1321,2,1490088,1128,2,0,2,3,7,1,1,6,0,6,1,0.1667,0,0,2,1,0.1667,0
4203,499,2,300398,602,0,1,5,2,9,0,4,13,3,7,10,0.1778,0,1,2,0,0.1778,1
2001,3155,1,15762380,4996,1,1,5,3,10,3,4,11,3,3,3,0.5,1,3,2,2,0.5,2
4088,2295,5,771120,336,3,1,1,3,6,2,4,18,1,0,4,0.6667,0,1,1,0,0.4667,2
2834,819,5,246519,301,3,1,6,4,12,2,2,15,1,10,10,0.1778,0,2,2,1,0.1778,2
933,1494,1,6489936,4344,3,3,4,4,10,3,4,13,0,4,2,0.3333,1,5,3,0,0.4333,2
4211,3369,1,8951433,2657,0,2,1,4,7,1,3,10,1,0,7,0.6778,0,4,2,0,0.6778,2
3431,1581,4,6946914,4394,1,0,2,4,8,2,2,12,3,11,10,0.1778,2,5,3,0,0.2311,2
4381,2686,3,4176730,1555,3,0,1,1,4,3,4,14,2,8,5,0.7556,0,0,0,0,0.3022,2
867,3461,3,1990075,575,2,1,6,1,9,0,3,13,2,6,12,0.0,0,2,2,2,0.0,1
4805,1965,3,699540,356,0,0,5,3,10,3,4,14,2,5,4,0.6667,2,5,3,0,0.8667,2
3567,546,2,2895438,5303,0,3,5,4,11,0,5,17,1,0,4,0.6667,0,1,1,0,0.4667,2
4082,2850,4,2784450,977,2,3,5,2,9,3,0,11,2,8,1,0.1667,0,1,1,0,0.1167,1
3684,2279,2,19740698,8662,3,3,4,1,7,1,1,9,0,13,4,0.6667,0,1,2,0,0.6667,2
2407,612,1,410652,671,0,1,3,4,9,2,3,9,2,4,12,0.0,1,1,2,0,0.0,1
4274,1745,5,11204645,6421,1,1,3,4,9,3,4,18,3,12,5,0.7556,0,0,2,0,0.7556,2
4747,2531,3,1829913,723,0,0,5,4,11,0,2,10,3,1,7,0.6778,0,1,2,0,0.6778,2
2381,1524,3,3913632,2568,1,0,6,4,12,0,1,8,2,1,7,0.6778,0,2,2,1,0.6778,2
4194,2238,1,5048928,2256,2,0,3,3,8,0,0,2,1,6,6,0.8444,0,2,2,2,0.8444,2
3712,2736,3,4095792,1497,1,2,6,2,10,1,3,14,1,7,12,0.0,0,4,3,0,0.0,1
2041,3459,3,10494606,3034,3,2,6,4,12,3,0,8,0,0,10,0.1778,0,1,1,0,0.1245,1
4329,413,2,1215046,2942,0,3,5,1,8,2,5,17,3,8,2,0.3333,0,4,1,0,0.2333,2
2683,3327,2,7938222,2386,1,1,4,4,10,0,2,9,3,10,4,0.6667,0,2,2,1,0.6667,2
4790,939,3,4390764,4676,0,1,1,3,6,0,5,17,1,13,4,0.6667,0,2,2,1,0.6667,2
2003,906,3,4409502,4867,1,3,2,1,5,2,0,9,1,6,12,0.0,0,1,2,0,0.0,1
2705,672,1,2985696,4443,1,0,5,4,11,0,5,12,1,9,3,0.5,0,1,2,0,0.5,1
1436,924,4,554400,600,0,1,3,4,9,2,0,9,1,10,12,0.0,0,1,2,0,0.0,1
2317,2335,2,7280530,3118,1,0,6,4,12,1,1,6,0,0,8,0.5111,0,4,2,0,0.5111,1
846,1363,1,1725558,1266,1,1,5,4,11,0,5,13,0,3,12,0.0,1,1,2,1,0.0,1
4082,2022,1,1025154,507,1,3,2,1,5,2,0,5,0,2,9,0.3444,1,1,2,1,0.3444,2
1923,3960,1,24813360,6266,1,3,3,1,6,1,0,5,3,6,1,0.1667,0,0,2,1,0.1667,1
1294,557,2,295210,530,3,1,4,1,7,0,3,11,1,1,12,0.0,0,3,2,2,0.0,1
2775,3307,1,2840713,859,3,0,4,2,8,0,1,4,2,1,8,0.5111,0,1,2,0,0.5111,1
1674,3604,1,3539128,982,0,3,6,4,12,1,0,5,2,6,1,0.1667,0,1,2,0,0.1667,1
3497,1745,3,1715335,983,1,1,4,2,8,0,1,9,0,3,3,0.5,1,2,2,2,0.5,2
1022,3355,1,18231070,5434,3,2,4,1,7,2,5,14,3,4,11,0.0889,1,3,2,2,0.0889,2
4198,3949,4,3656774,926,1,2,5,2,9,0,2,14,0,2,11,0.0889,1,4,2,0,0.0889,2
2351,1128,4,6047208,5361,2,1,6,3,11,1,0,9,3,7,7,0.6778,0,1,2,0,0.6778,2
3014,1604,4,5413500,3375,1,0,3,4,9,3,3,14,0,9,4,0.6667,0,2,2,1,0.6667,2
960,2298,2,9226470,4015,2,2,1,3,6,0,1,8,3,2,1,0.1667,1,1,2,1,0.1667,1
1179,2617,2,11352546,4338,3,3,6,3,11,2,5,17,1,7,2,0.3333,0,1,2,0,0.3333,1
821,1295,2,761460,588,1,3,1,1,4,0,0,7,2,12,3,0.5,0,1,2,0,0.5,2
1935,3750,2,1995000,532,2,1,3,3,8,3,5,15,3,1,12,0.0,0,2,2,1,0.0,2
1975,2601,1,21427038,8238,1,3,1,2,5,2,0,5,1,11,11,0.0889,2,5,3,0,0.1156,2
2750,2475,4,1190475,481,3,1,2,2,6,2,0,9,1,7,3,0.5,0,2,2,1,0.5,2
670,955,4,725800,760,2,0,1,1,4,3,2,12,3,10,10,0.1778,0,4,2,0,0.1778,2
2000,3583,2,1099981,307,1,3,2,1,5,2,3,13,1,3,9,0.3444,1,3,2,2,0.3444,2
1675,1423,2,1839939,1293,2,2,1,2,5,3,3,12,3,12,6,0.8444,0,4,2,0,0.8444,2
4566,2403,3,6471279,2693,0,0,4,3,9,3,2,10,1,11,6,0.8444,2,5,3,0,1.0,2
665,3002,1,1443962,481,3,3,2,3,7,0,3,11,0,7,1,0.1667,0,0,2,0,0.1667,1
2560,3147,1,5343606,1698,3,3,3,2,7,1,0,5,2,6,3,0.5,0,0,2,1,0.5,1
709,618,4,1682814,2723,2,0,1,1,4,0,2,12,1,10,12,0.0,0,2,2,1,0.0,1
3478,3752,2,13098232,3491,0,3,3,2,7,0,4,15,3,4,1,0.1667,1,4,2,0,0.1667,2
2328,2428,2,7944416,3272,0,3,5,4,11,0,1,9,2,0,11,0.0889,0,1,1,0,0.0622,1
2901,2230,4,892000,400,3,3,6,1,9,0,1,13,3,12,4,0.6667,0,2,2,1,0.6667,2
1361,1337,5,5314575,3975,3,2,2,4,8,1,4,18,1,3,1,0.1667,1,0,2,1,0.1667,2
1213,2518,5,14984618,5951,0,0,4,3,9,0,1,12,3,6,3,0.5,0,0,2,1,0.5,2
2481,2627,1,3929992,1496,1,0,1,3,6,2,1,4,2,0,7,0.6778,0,1,1,0,0.4745,1
1875,1830,5,8707140,4758,0,2,6,2,10,0,2,16,3,0,8,0.5111,0,4,2,0,0.5111,2
2818,937,2,1711899,1827,3,1,6,2,10,0,4,13,0,7,11,0.0889,0,1,2,0,0.0889,0
1700,518,1,371406,717,1,1,5,1,8,1,1,5,3,3,6,0.8444,1,3,2,2,0.8444,2
2306,1911,4,4160247,2177,3,3,3,4,9,2,4,18,1,12,3,0.5,0,1,2,0,0.5,2
850,611,5,521794,854,2,2,3,2,7,3,3,18,0,12,9,0.3444,0,0,2,0,0.3444,2
1023,3455,4,25833035,7477,3,3,6,2,10,2,5,18,2,6,12,0.0,0,0,2,1,0.0,1
1942,494,4,3420950,6925,0,0,5,3,10,0,5,18,3,7,5,0.7556,0,1,2,0,0.7556,2
2905,1462,1,3229558,2209,2,3,6,2,10,1,4,13,0,1,7,0.6778,0,1,2,0,0.6778,2
2587,1372,1,9101848,6634,3,2,6,2,10,1,2,8,1,10,9,0.3444,0,4,2,0,0.3444,1
3861,441,1,161406,366,3,1,4,1,7,1,4,11,2,0,7,0.6778,0,2,1,1,0.4745,2
3164,3232,5,10901536,3373,2,1,3,4,9,2,0,11,3,4,7,0.6778,1,3,2,2,0.6778,2
4250,1545,5,991890,642,3,2,5,4,11,0,5,18,0,6,10,0.1778,0,2,2,2,0.1778,2
3517,3363,2,11504823,3421,1,0,1,1,4,3,5,14,1,2,5,0.7556,1,5,3,0,0.9823,2
4411,2783,5,2440691,877,1,2,6,4,12,3,4,18,2,10,10,0.1778,0,4,2,0,0.1778,2
912,3311,3,2817661,851,1,2,4,1,7,3,5,18,1,10,2,0.3333,0,2,2,1,0.3333,2
3003,2325,5,3759525,1617,2,3,2,4,8,1,1,15,2,13,10,0.1778,0,1,2,0,0.1778,2
2786,3857,4,8601110,2230,0,0,1,1,4,0,4,16,1,2,11,0.0889,1,1,2,1,0.0889,2
1010,2705,4,2494010,922,2,1,5,2,9,1,5,18,1,10,2,0.3333,0,2,2,1,0.3333,2
4150,1466,3,650904,444,0,0,4,4,10,1,5,16,1,4,4,0.6667,1,3,2,2,0.6667,2
2522,869,1,2520969,2901,2,0,3,4,9,3,2,6,0,12,9,0.3444,0,2,2,1,0.3444,1
4452,3414,5,13307772,3898,0,0,5,1,8,3,5,18,1,5,12,0.0,2,4,3,0,0.0,2
2154,3995,5,17873630,4474,3,2,2,4,8,1,1,14,2,10,5,0.7556,0,1,2,0,0.7556,2
1466,1522,3,1517434,997,2,2,3,4,9,1,1,10,3,5,11,0.0889,2,5,3,0,0.1156,2
3942,3659,4,3256510,890,3,0,4,2,8,2,2,12,0,3,3,0.5,1,3,2,2,0.5,2
846,1813,3,7482251,4127,3,2,4,4,10,0,2,12,2,7,2,0.3333,0,4,3,0,0.4333,2
2939,2464,2,2444288,992,3,0,4,1,7,0,0,4,0,7,1,0.1667,0,1,2,0,0.1667,1
3691,3942,3,8073216,2048,0,0,5,2,9,3,3,12,0,12,9,0.3444,0,0,2,0,0.3444,1
4284,2180,2,18586680,8526,3,0,3,3,8,1,3,10,2,4,2,0.3333,1,1,2,0,0.3333,1
2948,1711,1,5386228,3148,1,0,4,1,7,2,1,4,2,1,10,0.1778,0,2,2,1,0.1778,1
2869,2124,4,3186000,1500,3,3,2,4,8,3,0,11,3,9,6,0.8444,0,4,2,0,0.8444,2
2150,2540,1,1229360,484,2,2,1,2,5,0,4,12,3,6,1,0.1667,0,1,2,0,0.1667,2
1538,1234,1,9728856,7884,1,3,1,1,4,2,3,11,0,0,6,0.8444,0,2,1,1,0.5911,2
2331,1672,5,2103376,1258,3,0,5,2,9,2,0,10,3,12,3,0.5,0,1,2,0,0.5,2
2898,2460,5,1055340,429,0,3,5,2,9,0,5,18,2,1,12,0.0,0,3,2,2,0.0,2
1234,3412,2,1112312,326,3,1,2,1,5,0,4,13,1,0,9,0.3444,0,2,1,1,0.2411,2
1451,2625,2,908250,346,3,3,4,2,8,3,3,13,2,4,3,0.5,1,1,2,0,0.5,2
4078,3330,4,24921720,7484,1,0,1,3,6,2,1,10,3,7,2,0.3333,0,0,2,0,0.3333,1
3335,2923,2,20025473,6851,1,0,4,4,10,2,5,14,2,6,5,0.7556,0,0,2,1,0.7556,2
829,1102,4,581856,528,3,1,3,2,7,3,3,15,1,5,1,0.1667,2,1,2,0,0.1667,2
3543,1030,1,407880,396,3,3,4,1,7,3,1,7,2,12,9,0.3444,0,2,2,1,0.3444,2
3643,1408,5,2014848,1431,1,1,2,4,8,1,3,17,2,0,5,0.7556,0,2,1,1,0.5289,2
4756,3173,1,15109826,4762,2,2,3,1,6,3,3,10,0,6,2,0.3333,0,2,2,2,0.3333,1
4957,3362,4,6431506,1913,1,0,4,4,10,2,5,18,0,10,11,0.0889,0,4,2,0,0.0889,1
3731,3516,4,2570196,731,3,3,5,3,10,3,4,18,2,0,7,0.6778,0,4,2,0,0.6778,2
2357,1078,2,4026330,3735,3,1,1,1,4,1,3,11,2,6,4,0.6667,0,3,2,2,0.6667,2
1162,1382,1,2487600,1800,1,2,3,4,9,1,5,14,0,12,7,0.6778,0,2,2,1,0.6778,2
1788,2269,2,19043717,8393,0,3,4,4,10,3,0,7,3,5,7,0.6778,2,4,3,0,0.8811,2
4000,2375,4,985625,415,3,1,3,2,7,0,5,18,3,10,5,0.7556,0,1,2,0,0.7556,2
4191,1018,3,4106612,4034,1,2,4,4,10,1,3,14,1,8,2,0.3333,0,0,0,0,0.1333,1
2869,3362,4,6414696,1908,1,3,6,3,11,0,5,18,0,13,4,0.6667,0,0,2,0,0.6667,2
4683,3740,4,9593100,2565,1,3,2,3,7,0,3,17,1,10,4,0.6667,0,4,2,0,0.6667,2
4645,2451,3,14904531,6081,2,2,5,4,11,0,5,18,1,7,7,0.6778,0,1,2,0,0.6778,2
4754,3127,1,2592283,829,3,2,4,1,7,2,3,10,2,4,9,0.3444,1,1,2,0,0.3444,2
3456,2741,5,1680233,613,0,2,3,4,9,2,3,18,0,2,5,0.7556,1,5,3,0,0.9823,2
2349,2590,3,8554770,3303,0,1,1,3,6,0,0,7,3,8,11,0.0889,0,1,1,0,0.0622,1
2067,1156,4,2839136,2456,0,1,2,2,6,0,3,15,2,5,1,0.1667,2,5,3,0,0.2167,2
1215,770,1,1153460,1498,3,2,1,3,6,3,3,10,3,10,1,0.1667,0,0,2,0,0.1667,1
1940,1653,2,5076363,3071,2,1,3,2,7,0,3,11,3,0,9,0.3444,0,0,1,0,0.2411,1
2833,986,3,321436,326,1,1,5,1,8,1,3,13,1,2,4,0.6667,1,1,2,1,0.6667,2
4146,2486,1,6918538,2783,0,2,1,4,7,2,1,6,2,6,5,0.7556,0,4,2,0,0.7556,2
840,566,1,942390,1665,2,3,1,1,4,0,4,13,2,1,5,0.7556,0,4,2,0,0.7556,2
2089,3269,1,10075058,3082,2,0,2,2,6,3,1,4,3,3,10,0.1778,1,3,2,2,0.1778,2
4172,2582,3,8794292,3406,3,0,6,3,11,2,2,10,3,6,3,0.5,0,1,2,0,0.5,2
1670,3843,1,1295091,337,3,3,2,1,5,3,4,13,1,10,5,0.7556,0,1,2,0,0.7556,2
1326,1954,2,1930552,988,2,2,1,1,4,0,1,8,3,12,5,0.7556,0,1,2,0,0.7556,2
3679,1972,4,4225996,2143,0,0,5,1,8,0,5,18,2,1,5,0.7556,0,3,2,2,0.7556,2
4874,3565,4,2844870,798,2,1,2,4,8,2,1,11,3,0,6,0.8444,0,1,1,0,0.5911,2
3368,2208,1,1960704,888,1,1,1,4,7,1,2,7,1,0,3,0.5,0,2,1,1,0.35,1
2012,3892,1,3066896,788,1,0,4,2,8,2,5,12,0,8,12,0.0,0,1,1,0,0.0,1
3055,2774,5,11711828,4222,3,0,6,3,11,0,5,18,1,9,2,0.3333,0,0,2,1,0.3333,1
4606,1486,4,685046,461,0,0,5,1,8,3,0,8,1,12,1,0.1667,0,0,2,0,0.1667,1
4712,1933,3,15487196,8012,2,2,2,2,6,2,2,12,0,4,2,0.3333,1,4,2,0,0.3333,1
3465,3597,3,8690352,2416,1,0,1,4,7,2,0,6,2,5,8,0.5111,2,5,3,0,0.6644,2
991,1532,1,3221796,2103,1,1,2,1,5,2,4,11,2,10,12,0.0,0,2,2,1,0.0,1
3924,2472,3,15833160,6405,2,2,4,3,9,1,5,18,1,7,2,0.3333,0,1,2,0,0.3333,1
4845,2799,2,12206439,4361,2,0,6,2,10,1,3,10,2,10,2,0.3333,0,0,2,0,0.3333,1
2573,2344,2,17964416,7664,3,3,1,1,4,2,5,17,2,12,11,0.0889,0,1,2,0,0.0889,1
3838,953,5,840546,882,1,3,3,3,8,0,1,15,3,8,6,0.8444,0,0,0,0,0.3378,2
1099,1566,3,997542,637,1,3,3,3,8,1,0,9,3,0,8,0.5111,0,4,2,0,0.5111,2
4760,2946,4,4330620,1470,0,3,5,3,10,2,3,17,3,2,3,0.5,1,4,2,0,0.5,2
2337,1872,3,5711472,3051,0,1,4,2,8,3,3,13,2,6,5,0.7556,0,2,2,2,0.7556,2
4395,1709,3,8317703,4867,3,2,5,3,10,0,2,12,0,1,9,0.3444,0,3,2,2,0.3444,2
2234,641,1,3174232,4952,2,0,5,4,11,1,1,4,2,10,9,0.3444,0,4,2,0,0.3444,1
4241,3904,4,4723840,1210,0,1,5,3,10,3,0,9,1,0,10,0.1778,0,1,1,0,0.1245,1
1996,3860,2,2771480,718,2,1,1,1,4,0,0,5,0,4,4,0.6667,1,5,3,0,0.8667,2
1661,3829,2,15120721,3949,2,0,6,1,9,2,4,12,2,7,3,0.5,0,0,2,0,0.5,1
1629,1513,3,3072903,2031,1,3,4,3,9,0,5,18,1,2,4,0.6667,1,1,2,1,0.6667,2
2784,2621,4,4972037,1897,2,2,4,2,8,2,2,14,3,7,10,0.1778,0,2,2,1,0.1778,2
4661,1030,3,670530,651,3,1,5,2,9,2,5,17,2,5,10,0.1778,2,4,3,0,0.2311,2
956,1719,4,3480975,2025,3,1,1,2,5,2,5,18,3,10,5,0.7556,0,0,2,0,0.7556,2
2335,581,1,4496359,7739,0,1,2,1,5,3,2,7,1,7,12,0.0,0,0,2,0,0.0,0
3185,1011,5,2526489,2499,2,1,4,2,8,2,5,18,1,10,3,0.5,0,2,2,1,0.5,2
1535,2991,4,1304076,436,2,0,2,2,6,1,4,16,3,6,4,0.6667,0,2,2,2,0.6667,2
1810,2483,3,6627127,2669,0,2,4,2,8,2,2,12,2,6,4,0.6667,0,0,2,1,0.6667,2
4431,2696,2,3731264,1384,3,3,5,4,11,3,4,15,3,5,8,0.5111,2,5,3,0,0.6644,2
4012,1292,3,794580,615,0,1,6,4,12,3,1,9,2,12,9,0.3444,0,2,2,1,0.3444,2
1215,1365,5,544635,399,1,3,1,2,5,2,5,18,0,10,4,0.6667,0,0,2,0,0.6667,2
1003,635,4,2200910,3466,2,1,1,2,5,0,1,11,1,4,1,0.1667,1,0,2,1,0.1667,1
3769,2572,5,1013368,394,1,3,1,4,7,1,4,18,1,10,10,0.1778,0,0,2,0,0.1778,2
4891,591,2,837447,1417,0,0,6,4,12,3,4,12,1,5,2,0.3333,2,4,3,0,0.4333,2
1416,1173,4,7971708,6796,0,0,2,4,8,3,4,16,2,2,2,0.3333,1,0,2,1,0.3333,2
4569,3459,2,3344853,967,0,2,3,1,6,1,1,8,1,2,5,0.7556,1,0,2,1,0.7556,2
2651,1207,1,6713334,5562,1,3,6,3,11,3,1,7,3,8,2,0.3333,0,0,0,0,0.1333,1
4626,3312,5,6915456,2088,3,3,4,1,7,0,3,18,0,1,3,0.5,0,1,2,0,0.5,2
3727,1197,2,1898442,1586,3,0,2,2,6,2,3,10,0,1,10,0.1778,0,4,2,0,0.1778,1
2838,1316,4,718536,546,1,2,1,2,5,0,1,12,1,6,6,0.8444,0,3,2,2,0.8444,2
1329,716,4,5916308,8263,1,2,4,4,10,3,0,10,0,7,9,0.3444,0,2,2,1,0.3444,1
3651,3063,4,13688547,4469,3,0,6,3,11,2,4,16,2,3,1,0.1667,1,2,2,2,0.1667,2
4734,2598,4,14696886,5657,3,2,2,2,6,1,4,18,0,5,11,0.0889,2,5,3,0,0.1156,2
3565,2099,1,4886472,2328,0,3,3,2,7,3,4,13,0,7,6,0.8444,0,2,2,1,0.8444,2
4226,3356,1,10621740,3165,1,0,1,4,7,1,1,4,1,7,3,0.5,0,0,2,0,0.5,1
2116,1684,3,3224860,1915,0,0,4,2,8,2,1,8,3,0,8,0.5111,0,1,1,0,0.3578,1
898,420,5,1974420,4701,3,3,3,2,7,3,2,17,0,12,3,0.5,0,0,2,0,0.5,2
4781,3226,4,15091228,4678,0,3,2,3,7,0,3,17,1,12,5,0.7556,0,2,2,1,0.7556,2
1438,1358,1,1032080,760,3,2,5,4,11,2,1,6,0,11,10,0.1778,2,4,3,0,0.2311,2
3731,2662,4,12181312,4576,3,0,1,4,7,3,4,16,0,8,5,0.7556,0,5,1,0,0.5289,2
1366,2427,1,17370039,7157,0,3,4,1,7,0,5,15,1,0,5,0.7556,0,1,1,0,0.5289,2
4748,3645,4,3911085,1073,1,1,6,1,9,1,4,17,1,1,4,0.6667,0,4,2,0,0.6667,2
3618,2596,1,5373720,2070,3,0,6,3,11,1,2,6,0,8,12,0.0,0,1,1,0,0.0,0
2737,1227,4,2247864,1832,0,3,1,1,4,3,1,13,3,4,9,0.3444,1,5,3,0,0.4477,2
2012,3373,5,1386303,411,1,0,2,3,7,0,3,16,1,3,3,0.5,1,2,2,2,0.5,2
2369,3161,3,6786667,2147,2,2,6,2,10,3,0,8,0,10,7,0.6778,0,4,2,0,0.6778,2
825,2378,4,1357838,571,3,1,5,4,11,0,4,17,1,6,4,0.6667,0,1,2,0,0.6667,2
3077,919,5,787583,857,3,0,3,3,8,2,0,10,3,4,1,0.1667,1,1,2,0,0.1667,2
1024,1951,3,1656399,849,0,2,5,2,9,0,5,18,2,8,2,0.3333,0,0,0,0,0.1333,1
1530,2577,1,2414649,937,3,2,1,2,5,3,0,4,1,7,2,0.3333,0,0,2,0,0.3333,1
4746,3527,1,15384774,4362,1,3,5,2,9,3,2,9,0,4,2,0.3333,1,1,2,0,0.3333,1
2225,3735,3,5658525,1515,0,2,6,2,10,2,1,10,1,8,12,0.0,0,0,0,0,0.0,0
3226,3288,1,6589152,2004,2,2,5,3,10,2,3,10,3,6,12,0.0,0,3,2,2,0.0,1
2618,2436,2,4155816,1706,0,1,2,4,8,1,5,15,2,7,1,0.1667,0,0,2,0,0.1667,1
2265,2324,5,13063204,5621,0,3,1,3,6,0,5,18,3,11,2,0.3333,2,5,3,0,0.4333,2
2458,2691,2,4598919,1709,1,0,4,1,7,0,5,14,0,10,11,0.0889,0,0,2,0,0.0889,1
4831,3548,2,1096332,309,1,3,1,1,4,1,0,7,1,9,9,0.3444,0,4,2,0,0.3444,2
4442,2609,2,10188145,3905,1,0,2,4,8,3,4,12,1,4,4,0.6667,1,4,2,0,0.6667,2
4288,3052,1,12385016,4058,2,2,4,3,9,1,2,8,3,7,7,0.6778,0,1,2,0,0.6778,2
1087,1405,2,692665,493,0,2,3,4,9,2,4,14,0,7,6,0.8444,0,2,2,1,0.8444,2
2805,891,1,652212,732,2,0,1,4,7,3,1,4,1,0,12,0.0,0,1,1,0,0.0,1
2913,971,5,2103186,2166,2,3,5,4,11,3,1,15,1,6,4,0.6667,0,3,2,2,0.6667,2
2632,3186,4,8895312,2792,1,1,1,4,7,1,0,9,3,11,8,0.5111,2,4,3,0,0.6644,2
3227,3551,4,3685938,1038,3,2,4,3,9,3,3,16,3,2,5,0.7556,1,4,2,0,0.7556,2
3950,1215,1,2385045,1963,3,0,1,2,5,2,5,12,2,9,4,0.6667,0,2,2,1,0.6667,2
4666,2775,2,5710950,2058,3,1,1,4,7,0,0,5,3,9,4,0.6667,0,4,2,0,0.6667,2
1599,3446,2,5200014,1509,1,2,2,4,8,0,3,12,2,1,4,0.6667,0,1,2,0,0.6667,2
2137,577,1,2168366,3758,2,0,4,4,10,3,2,6,1,11,5,0.7556,2,5,3,0,0.9823,2
3710,1642,1,3183838,1939,1,2,1,1,4,3,4,12,3,10,4,0.6667,0,2,2,1,0.6667,2
773,1410,2,11199630,7943,0,2,6,1,9,0,0,6,2,0,6,0.8444,0,1,1,0,0.5911,2
4999,1030,5,9035160,8772,2,1,1,1,4,1,1,13,1,1,4,0.6667,0,1,2,0,0.6667,2
4489,2022,4,3267552,1616,3,3,4,2,8,3,0,11,1,13,11,0.0889,0,0,2,0,0.0889,1
3649,947,2,552101,583,0,1,3,1,6,1,1,7,2,4,3,0.5,1,4,2,0,0.5,2
2598,3326,4,10540094,3169,0,0,5,2,9,3,0,8,0,9,2,0.3333,0,0,2,1,0.3333,1
1680,958,2,545102,569,1,2,4,4,10,3,0,6,2,6,4,0.6667,0,1,2,0,0.6667,2
3671,2716,1,3077228,1133,1,0,2,3,7,1,4,10,3,7,7,0.6778,0,1,2,0,0.6778,2
2313,1448,5,2774368,1916,2,3,1,1,4,1,5,18,0,1,1,0.1667,0,4,2,0,0.1667,1
3377,3678,4,3641220,990,1,1,5,4,11,2,4,17,1,0,10,0.1778,0,2,1,1,0.1245,1
1558,3586,2,11367620,3170,1,1,4,1,7,3,3,11,2,12,12,0.0,0,4,2,0,0.0,1
2884,860,1,4658620,5417,3,3,3,2,7,1,1,7,2,7,1,0.1667,0,2,2,1,0.1667,1
1704,944,2,1770944,1876,0,0,2,3,7,2,0,4,0,4,1,0.1667,1,1,2,0,0.1667,1
4393,3823,5,6483808,1696,3,0,3,2,7,2,4,18,3,10,3,0.5,0,2,2,1,0.5,2
1637,1213,3,1260307,1039,3,3,4,4,10,2,1,11,0,10,5,0.7556,0,0,2,0,0.7556,2
3013,647,4,4145329,6407,2,3,6,1,9,0,2,15,3,0,3,0.5,0,1,1,0,0.35,2
3552,3737,1,7578636,2028,2,1,6,1,9,0,0,3,1,10,6,0.8444,0,4,2,0,0.8444,2
829,3075,5,1734300,564,3,0,4,3,9,2,5,18,3,10,5,0.7556,0,1,2,0,0.7556,2
2090,1818,3,3697812,2034,3,0,1,3,6,0,1,8,0,8,2,0.3333,0,0,0,0,0.1333,0
2231,2399,4,3615293,1507,0,1,2,1,5,1,2,13,2,12,6,0.8444,0,2,2,1,0.8444,2
3747,1746,2,1714572,982,3,2,3,2,7,2,1,8,2,12,5,0.7556,0,2,2,1,0.7556,2
4523,1921,4,2929525,1525,2,1,5,3,10,2,5,18,1,6,8,0.5111,0,4,2,0,0.5111,2
2686,3670,4,1981800,540,3,3,6,4,12,0,2,15,0,2,4,0.6667,1,4,2,0,0.6667,2
2051,603,3,1001583,1661,1,0,2,2,6,3,5,16,0,0,7,0.6778,0,1,1,0,0.4745,2
1782,2345,5,2903110,1238,2,2,3,1,6,2,5,18,3,0,6,0.8444,0,0,1,0,0.5911,2
890,3794,1,6616736,1744,0,1,6,1,9,2,0,3,2,0,9,0.3444,0,1,1,0,0.2411,1
3276,3895,4,1320405,339,3,3,6,2,10,3,2,15,2,0,8,0.5111,0,1,1,0,0.3578,2
1938,956,2,613752,642,2,3,5,3,10,0,1,9,2,0,9,0.3444,0,1,1,0,0.2411,2
4972,593,3,2541005,4285,2,0,2,2,6,1,3,12,2,4,12,0.0,1,4,2,0,0.0,1
4772,998,2,1284426,1287,3,2,1,2,5,3,4,14,3,3,12,0.0,1,0,2,1,0.0,2
998,2551,1,10987157,4307,2,3,3,2,7,3,0,5,1,3,9,0.3444,1,1,2,1,0.3444,2
3589,3879,2,2862702,738,2,1,1,4,7,3,3,11,3,13,1,0.1667,0,1,2,0,0.1667,1
3723,3538,5,14435040,4080,1,2,3,2,7,3,5,18,0,4,11,0.0889,1,3,2,2,0.0889,2
4033,937,4,8395520,8960,0,0,4,2,8,2,4,16,0,6,1,0.1667,0,0,2,1,0.1667,1
4188,2821,2,12663469,4489,3,1,2,2,6,2,1,7,1,0,10,0.1778,0,1,1,0,0.1245,0
2225,3149,1,14768810,4690,1,3,3,1,6,1,2,9,1,6,4,0.6667,0,2,2,2,0.6667,2
4972,1915,3,4578765,2391,2,2,2,2,6,3,1,10,0,6,7,0.6778,0,0,2,1,0.6778,2
1361,664,1,325360,490,1,3,2,4,8,3,2,9,0,3,2,0.3333,1,3,2,2,0.3333,2
3185,910,2,1606150,1765,0,2,1,1,4,1,2,10,2,4,6,0.8444,1,3,2,2,0.8444,2
664,3849,2,7366986,1914,1,1,2,3,7,0,3,11,3,6,12,0.0,0,0,2,1,0.0,1
1041,1837,4,1199561,653,2,0,2,3,7,3,2,12,3,6,9,0.3444,0,3,2,2,0.3444,2
2515,3516,1,10762476,3061,3,3,1,2,5,3,1,7,2,9,12,0.0,0,0,2,1,0.0,1
2747,2817,1,8431281,2993,3,3,3,2,7,0,1,7,2,7,10,0.1778,0,0,2,0,0.1778,1
1845,2420,3,14106180,5829,1,3,3,2,7,1,2,13,2,1,3,0.5,0,3,2,2,0.5,2
1733,684,3,428184,626,1,1,1,1,4,0,1,9,2,7,8,0.5111,0,2,2,1,0.5111,2
2643,1541,1,9859318,6398,3,0,2,2,6,2,3,8,3,4,11,0.0889,1,5,3,0,0.1156,1
4580,1726,2,994176,576,1,0,2,2,6,0,0,4,2,11,7,0.6778,2,4,3,0,0.8811,2
1983,1066,5,3628664,3404,3,1,3,2,7,0,1,13,3,9,12,0.0,0,4,2,0,0.0,1
3761,2780,1,2224000,800,3,1,1,4,7,1,4,11,0,0,12,0.0,0,0,1,0,0.0,0
942,3683,2,7712202,2094,0,2,5,1,8,1,1,8,0,10,3,0.5,0,2,2,1,0.5,1
4064,3994,5,4485262,1123,1,3,5,1,8,3,2,17,2,2,12,0.0,1,4,2,0,0.0,2
4090,2157,3,2336031,1083,1,2,5,2,9,3,0,8,2,9,11,0.0889,0,1,2,0,0.0889,1
3883,3689,5,18378598,4982,0,2,4,3,9,1,4,18,1,10,10,0.1778,0,0,2,0,0.1778,1
661,1623,2,4051008,2496,0,0,4,4,10,2,2,8,2,9,9,0.3444,0,4,2,0,0.3444,1
1746,1186,4,4057306,3421,2,2,6,2,10,0,5,18,2,6,9,0.3444,0,1,2,0,0.3444,2
2777,3193,4,2231907,699,3,3,6,3,11,1,3,17,0,4,5,0.7556,1,3,2,2,0.7556,2
1517,2250,2,987750,439,1,1,3,3,8,3,3,11,0,10,12,0.0,0,0,2,0,0.0,1
2144,2273,4,4155044,1828,0,2,3,2,7,3,4,18,3,13,11,0.0889,0,0,2,0,0.0889,1
651,2555,5,16518075,6465,0,1,3,3,8,2,1,13,1,7,6,0.8444,0,0,2,0,0.8444,2
3143,904,1,2230168,2467,0,2,4,3,9,2,3,10,2,11,9,0.3444,2,5,3,0,0.4477,2
4837,2728,4,18992336,6962,1,0,3,4,9,1,1,10,3,6,3,0.5,0,1,2,0,0.5,2
3589,1707,3,7911945,4635,2,2,6,2,10,3,4,16,3,2,7,0.6778,1,4,2,0,0.6778,2
2683,713,4,1698366,2382,2,1,5,4,11,2,4,17,3,6,9,0.3444,0,4,2,0,0.3444,2
4361,2411,2,4457939,1849,1,0,5,3,10,0,1,6,3,4,5,0.7556,1,0,2,1,0.7556,2
3467,3470,4,5683860,1638,2,2,6,1,9,3,0,10,1,4,3,0.5,1,5,3,0,0.65,2
4044,2486,1,20250956,8146,0,1,6,2,10,0,4,11,3,7,9,0.3444,0,4,3,0,0.4477,2
2609,3345,5,15524145,4641,0,0,4,4,10,3,1,12,2,9,12,0.0,0,0,2,1,0.0,1
4525,3652,1,2516228,689,2,2,2,1,5,0,3,10,1,9,6,0.8444,0,2,2,1,0.8444,2
2151,2082,1,9483510,4555,0,1,3,4,9,0,4,11,2,8,9,0.3444,0,0,0,0,0.1378,1
2330,2162,3,14989146,6933,1,3,1,3,6,2,1,11,3,2,12,0.0,1,4,2,0,0.0,2
1037,1434,5,6054348,4222,2,1,1,2,5,2,5,18,3,6,1,0.1667,0,3,2,2,0.1667,2
1448,2954,1,25575732,8658,2,2,6,3,11,3,4,12,3,0,1,0.1667,0,1,1,0,0.1167,1
3065,2410,2,6212980,2578,1,1,2,4,8,2,5,15,0,0,8,0.5111,0,0,1,0,0.3578,1
2489,958,3,349670,365,3,3,6,4,12,2,5,18,2,3,1,0.1667,1,3,2,2,0.1667,2
4510,3232,1,14301600,4425,3,2,4,4,10,3,4,12,1,4,3,0.5,1,1,2,0,0.5,2
4405,1351,5,8091139,5989,1,3,4,4,10,0,1,15,2,10,8,0.5111,0,1,2,0,0.5111,2
3523,1832,5,1742232,951,1,1,4,1,7,2,0,11,2,0,8,0.5111,0,4,2,0,0.5111,2
1901,3487,2,13606274,3902,3,1,6,2,10,2,5,15,1,8,12,0.0,0,4,1,0,0.0,1
3226,2506,3,1508612,602,3,2,2,1,5,3,2,12,3,9,1,0.1667,0,0,2,1,0.1667,2
3984,3977,1,12599136,3168,1,2,1,1,4,3,0,4,1,7,9,0.3444,0,0,2,0,0.3444,1
2878,1438,3,1972936,1372,2,1,5,2,9,1,1,9,1,13,1,0.1667,0,0,2,0,0.1667,1
4406,868,1,1651804,1903,2,0,6,1,9,1,1,4,1,4,5,0.7556,1,4,2,0,0.7556,2
1093,2509,3,5193630,2070,2,0,3,1,6,3,5,16,2,0,2,0.3333,0,1,1,0,0.2333,1
1437,2415,2,3972675,1645,3,3,6,4,12,0,4,15,1,0,5,0.7556,0,1,1,0,0.5289,2
2925,2154,5,4081830,1895,0,0,5,2,9,1,1,12,1,0,11,0.0889,0,0,1,0,0.0622,1
3580,2719,4,12773862,4698,3,3,5,1,8,0,0,11,0,10,4,0.6667,0,0,2,0,0.6667,2
4472,3962,5,2856602,721,0,1,4,4,10,0,5,18,2,0,2,0.3333,0,4,2,0,0.3333,2
4907,1087,1,7581825,6975,3,3,6,1,9,2,4,13,3,1,1,0.1667,0,1,2,0,0.1667,1
2275,3572,1,2225356,623,1,0,3,4,9,1,2,6,2,10,2,0.3333,0,0,2,0,0.3333,1
2605,2717,2,6694688,2464,3,3,5,3,10,2,1,9,0,1,5,0.7556,0,1,2,0,0.7556,2
3641,1448,3,9888392,6829,0,3,4,2,8,2,0,9,3,5,2,0.3333,2,5,3,0,0.4333,2
942,3751,5,5836556,1556,0,0,1,3,6,3,1,12,2,13,11,0.0889,0,1,2,0,0.0889,1
4594,708,1,1673004,2363,2,0,6,1,9,0,0,2,3,0,6,0.8444,0,0,1,0,0.5911,1
3666,1691,2,11627316,6876,0,3,3,3,8,3,0,7,3,3,7,0.6778,1,2,2,2,0.6778,2
1561,3770,3,16030040,4252,3,1,6,4,12,1,1,9,1,6,4,0.6667,0,1,2,0,0.6667,2
1095,1301,3,580246,446,2,2,6,4,12,3,1,10,0,8,3,0.5,0,0,0,0,0.2,2
1559,1167,2,8249523,7069,0,1,3,3,8,0,2,9,1,10,1,0.1667,0,1,2,0,0.1667,1
1474,3278,2,29000466,8847,1,2,5,1,8,3,0,6,1,0,8,0.5111,0,1,1,0,0.3578,1
3764,3076,2,16579640,5390,2,3,6,1,9,2,4,15,1,7,8,0.5111,0,2,2,1,0.5111,2
3014,1240,4,1490480,1202,1,1,2,2,6,2,1,11,1,10,1,0.1667,0,2,2,1,0.1667,1
816,2929,3,10799223,3687,0,0,6,2,10,1,1,8,2,7,1,0.1667,0,4,3,0,0.2167,1
4857,2954,1,1503586,509,3,1,4,3,9,3,3,9,0,1,2,0.3333,0,4,2,0,0.3333,1
2640,2478,1,11753154,4743,1,1,3,4,9,1,1,5,0,2,3,0.5,1,4,2,0,0.5,1
3255,2785,2,13379140,4804,1,2,3,1,6,1,1,8,0,2,10,0.1778,1,4,2,0,0.1778,1
1871,1687,3,9425269,5587,0,0,1,3,6,3,4,14,1,9,5,0.7556,0,1,2,0,0.7556,2
1417,2546,5,16961452,6662,0,2,6,4,12,1,3,18,3,4,12,0.0,1,1,2,0,0.0,2
1470,3274,4,1322696,404,3,3,1,1,4,0,0,11,1,8,9,0.3444,0,0,0,0,0.1378,2
4792,3661,5,1460739,399,3,2,6,3,11,1,2,16,1,9,12,0.0,0,1,2,0,0.0,2
4328,1598,5,1164942,729,0,2,2,1,5,0,5,18,2,10,5,0.7556,0,2,2,1,0.7556,2
4424,3856,1,4731312,1227,0,0,6,4,12,3,1,4,0,5,3,0.5,2,5,3,0,0.65,2
1214,2224,1,1127568,507,3,1,2,2,6,1,0,3,2,1,5,0.7556,0,3,2,2,0.7556,2
3428,621,5,509841,821,3,2,1,1,4,2,3,18,1,5,5,0.7556,2,4,3,0,0.9823,2
1907,2213,3,2401105,1085,0,1,3,2,7,1,2,11,1,11,2,0.3333,2,5,3,0,0.4333,2
908,664,4,390432,588,2,0,2,2,6,0,2,12,2,8,5,0.7556,0,0,0,0,0.3022,2
4177,1913,4,4893454,2558,0,2,5,3,10,1,0,10,3,10,12,0.0,0,2,2,1,0.0,1
3853,985,2,6213380,6308,2,3,6,3,11,3,0,7,2,10,3,0.5,0,2,2,1,0.5,2
2725,1993,2,6640676,3332,3,1,5,2,9,2,0,5,3,0,8,0.5111,0,2,1,1,0.3578,1
2081,410,3,1746190,4259,2,3,5,2,9,0,1,11,0,7,2,0.3333,0,0,2,0,0.3333,1
4475,2628,4,10375344,3948,3,3,4,4,10,1,5,18,1,7,11,0.0889,0,0,2,0,0.0889,1
4487,598,5,2246088,3756,0,2,2,2,6,2,4,18,1,9,3,0.5,0,0,2,1,0.5,2
2019,2405,3,16522350,6870,1,2,6,4,12,3,1,10,3,7,8,0.5111,0,1,2,0,0.5111,2
2661,2395,4,1619020,676,2,3,2,3,7,0,5,18,0,10,5,0.7556,0,2,2,1,0.7556,2
2591,1560,2,719160,461,2,3,1,3,6,0,2,11,1,0,7,0.6778,0,2,1,1,0.4745,2
4085,2960,3,7713760,2606,1,0,6,1,9,0,0,6,0,0,11,0.0889,0,4,2,0,0.0889,1
1564,1715,3,4944345,2883,1,0,5,4,11,3,0,6,3,1,12,0.0,0,1,2,0,0.0,1
3187,2195,4,1110670,506,0,3,6,3,11,1,1,13,1,8,6,0.8444,0,5,1,0,0.5911,2
2771,511,2,899871,1761,2,2,1,2,5,1,1,8,0,12,7,0.6778,0,0,2,0,0.6778,1
3574,3109,3,2620887,843,3,3,4,1,7,3,0,9,0,6,12,0.0,0,2,2,2,0.0,1
4218,646,2,1437996,2226,2,0,2,2,6,3,5,14,2,9,1,0.1667,0,4,2,0,0.1667,1
849,502,4,481920,960,2,3,4,3,9,1,3,17,3,3,2,0.3333,1,2,2,2,0.3333,2
1707,1731,5,6306033,3643,2,1,4,4,10,0,1,13,3,10,6,0.8444,0,2,2,1,0.8444,2
4946,2262,3,1563042,691,2,0,5,3,10,2,3,12,3,2,6,0.8444,1,5,3,0,1.0,2
889,1001,4,5358353,5353,0,3,2,2,6,1,5,18,3,1,12,0.0,0,1,2,0,0.0,2
4491,634,2,264378,417,1,1,5,1,8,3,2,9,2,7,1,0.1667,0,2,2,1,0.1667,2
2553,1251,4,2181744,1744,3,1,2,4,8,0,5,18,2,10,12,0.0,0,4,2,0,0.0,1
3802,742,2,678930,915,3,1,4,2,8,3,1,7,1,6,11,0.0889,0,0,2,1,0.0889,0
2846,2876,5,2372700,825,3,1,1,2,5,0,0,11,2,1,3,0.5,0,4,2,0,0.5,2
2774,1539,4,1197342,778,1,2,4,1,7,3,4,18,1,9,10,0.1778,0,2,2,1,0.1778,2
1520,2395,3,20934695,8741,3,0,4,4,10,2,1,8,3,0,1,0.1667,0,2,1,1,0.1167,1
738,756,4,786240,1040,2,3,6,1,9,2,2,15,2,7,5,0.7556,0,0,2,0,0.7556,2
3579,1590,5,5677890,3571,1,1,3,2,7,0,2,15,3,7,12,0.0,0,0,2,0,0.0,1
4694,2937,5,5891622,2006,0,3,6,4,12,2,2,17,1,10,8,0.5111,0,2,2,1,0.5111,2
4800,3401,5,24442987,7187,2,0,2,2,6,3,3,16,2,8,9,0.3444,0,0,0,0,0.1378,1
2709,551,2,2985318,5418,2,1,4,4,10,3,1,7,0,7,12,0.0,0,0,2,0,0.0,0
1760,1039,5,6000225,5775,1,2,5,2,9,3,2,16,2,4,9,0.3444,1,4,2,0,0.3444,2
3868,2774,4,9894858,3567,3,3,4,4,10,0,2,15,1,7,8,0.5111,0,0,2,0,0.5111,2
1732,1521,3,9888021,6501,0,0,5,3,10,1,3,12,3,3,12,0.0,1,3,2,2,0.0,2
1119,3266,5,8769210,2685,3,1,6,4,12,1,5,18,3,9,12,0.0,0,0,2,1,0.0,1
1404,474,2,2234910,4715,1,2,6,2,10,0,0,6,3,7,11,0.0889,0,0,2,0,0.0889,1
3956,502,1,4451234,8867,2,1,6,1,9,3,3,9,1,2,4,0.6667,1,0,2,1,0.6667,2
3939,2056,4,3133344,1524,3,0,4,2,8,3,4,16,3,6,4,0.6667,0,2,2,2,0.6667,2
4860,827,2,664081,803,1,0,2,4,8,2,4,12,1,6,12,0.0,0,1,2,0,0.0,1
3422,1929,5,2139261,1109,0,0,5,4,11,3,3,16,3,10,12,0.0,0,2,2,1,0.0,2
4777,2019,1,5447262,2698,0,2,5,1,8,0,3,10,1,6,2,0.3333,0,1,2,0,0.3333,1
3463,2288,1,1432288,626,1,2,1,1,4,3,3,10,3,5,7,0.6778,2,5,3,0,0.8811,2
3928,1055,3,6851170,6494,3,3,5,3,10,3,1,11,0,10,3,0.5,0,0,2,0,0.5,1
4688,1010,5,7079090,7009,1,0,4,4,10,3,5,18,1,9,2,0.3333,0,4,2,0,0.3333,2
4469,1502,3,3864646,2573,0,1,6,3,11,1,3,13,3,9,6,0.8444,0,4,2,0,0.8444,2
1253,1859,4,8530951,4589,2,3,2,4,8,2,1,13,3,0,8,0.5111,0,1,1,0,0.3578,2
4385,650,3,3405350,5239,0,3,2,3,7,2,5,18,2,3,9,0.3444,1,3,2,2,0.3444,2
650,3407,4,2555250,750,2,0,2,2,6,3,4,16,0,6,10,0.1778,0,4,2,0,0.1778,2
4770,1351,5,938945,695,2,1,4,2,8,0,3,17,2,3,6,0.8444,1,1,2,1,0.8444,2
831,2698,4,12750748,4726,1,2,5,3,10,3,2,14,2,7,3,0.5,0,0,2,0,0.5,2
1337,2900,3,5640500,1945,2,3,4,2,8,0,4,17,2,3,3,0.5,1,3,2,2,0.5,2
4240,1101,5,6873543,6243,0,3,5,3,10,0,3,18,1,12,9,0.3444,0,0,2,0,0.3444,2
3947,411,5,252765,615,0,1,4,2,8,0,2,15,0,6,11,0.0889,0,1,2,0,0.0889,1
3127,405,2,788940,1948,3,0,6,4,12,2,3,10,3,9,3,0.5,0,2,2,1,0.5,2
1079,813,3,1343076,1652,0,0,1,1,4,1,4,14,0,6,12,0.0,0,4,2,0,0.0,1
743,1234,5,2753054,2231,2,2,3,4,9,0,0,12,1,9,1,0.1667,0,4,2,0,0.1667,1
2909,812,1,1906576,2348,0,3,4,4,10,1,3,11,3,1,3,0.5,0,4,2,0,0.5,2
2242,1694,2,7424802,4383,2,2,4,4,10,0,4,14,3,4,12,0.0,1,5,3,0,0.0,2
3142,3024,5,14956704,4946,3,0,4,3,9,0,5,18,0,4,4,0.6667,1,5,3,0,0.8667,2
1391,1715,4,5570320,3248,1,1,6,4,12,2,1,11,3,6,11,0.0889,0,0,2,1,0.0889,1
1474,3344,4,8754592,2618,0,1,6,2,10,1,2,13,2,2,6,0.8444,1,5,3,0,1.0,2
4627,1311,1,2843559,2169,1,2,5,3,10,3,2,8,0,8,12,0.0,0,0,0,0,0.0,0
2555,2459,5,4772919,1941,2,0,5,4,11,2,4,18,2,7,6,0.8444,0,4,3,0,1.0,2
1686,3442,2,2237300,650,1,1,6,2,10,1,0,5,3,3,3,0.5,1,0,2,1,0.5,2
641,2870,2,6517770,2271,2,2,4,2,8,3,3,12,1,9,11,0.0889,0,1,2,0,0.0889,1
4324,2233,4,8585885,3845,2,1,2,3,7,3,3,15,0,13,3,0.5,0,2,2,1,0.5,2
3036,3233,2,4057415,1255,0,0,1,2,5,2,0,4,3,6,2,0.3333,0,1,2,0,0.3333,1
3017,2153,3,8431148,3916,0,2,4,1,7,3,3,14,1,11,8,0.5111,2,5,3,0,0.6644,2
2829,639,2,1430721,2239,1,2,1,1,4,0,1,8,2,7,2,0.3333,0,4,3,0,0.4333,1
4676,1614,2,2103042,1303,1,1,3,2,7,2,2,9,1,0,9,0.3444,0,1,1,0,0.2411,1
4579,2294,4,20570298,8967,3,0,2,3,7,2,2,12,3,7,8,0.5111,0,2,2,1,0.5111,2
2568,2931,4,11460210,3910,1,1,4,1,7,1,4,17,2,6,9,0.3444,0,1,2,0,0.3444,2
4586,1141,2,6081530,5330,0,1,5,2,9,3,3,11,0,13,10,0.1778,0,1,2,0,0.1778,1
3710,3724,2,1742832,468,2,1,2,1,5,0,1,7,0,9,10,0.1778,0,2,2,1,0.1778,1
4614,2690,2,6703480,2492,3,2,4,4,10,2,2,10,0,0,5,0.7556,0,1,1,0,0.5289,1
4081,2962,3,5713698,1929,0,1,6,3,11,3,0,7,3,1,12,0.0,0,2,2,1,0.0,1
2328,1095,2,1541760,1408,0,2,5,2,9,2,1,8,0,6,9,0.3444,0,1,2,0,0.3444,1
4088,3400,5,2913800,857,1,0,6,3,11,1,5,18,2,7,3,0.5,0,0,2,0,0.5,2
754,3391,4,7877293,2323,0,0,6,2,10,2,4,16,3,0,4,0.6667,0,0,1,0,0.4667,2
2691,1460,2,1417660,971,3,0,6,1,9,0,1,6,2,0,1,0.1667,0,1,1,0,0.1167,1
3398,1577,2,6527203,4139,1,2,3,4,9,3,2,10,2,3,4,0.6667,1,0,2,1,0.6667,2
3037,3835,5,10020855,2613,0,2,3,2,7,1,1,14,1,9,4,0.6667,0,0,2,1,0.6667,2
1825,2910,4,13741020,4722,2,0,5,1,8,1,0,8,1,12,2,0.3333,0,4,2,0,0.3333,1
651,2744,4,4812976,1754,2,0,3,1,6,2,2,12,0,0,3,0.5,0,2,1,1,0.35,1
2797,1925,3,10244850,5322,3,2,4,2,8,1,5,18,2,0,11,0.0889,0,0,1,0,0.0622,1
2383,3704,1,3674368,992,1,3,2,4,8,3,0,5,3,3,3,0.5,1,3,2,2,0.5,2
3273,926,1,3356750,3625,3,1,2,4,8,1,0,3,2,12,4,0.6667,0,2,2,1,0.6667,2
2564,1572,5,5783388,3679,1,3,6,1,9,2,3,18,3,0,3,0.5,0,0,1,0,0.35,2
2378,2614,5,21688358,8297,2,2,1,4,7,2,1,14,0,10,5,0.7556,0,0,2,0,0.7556,2
1338,2031,5,5841156,2876,3,0,5,3,10,1,2,14,3,7,1,0.1667,0,2,2,1,0.1667,2
2923,3215,5,4610310,1434,0,0,5,3,10,2,5,18,0,1,11,0.0889,0,1,2,0,0.0889,1
4626,3332,2,13987736,4198,0,2,6,1,9,3,0,6,2,6,7,0.6778,0,3,2,2,0.6778,2
3496,1561,3,1203531,771,3,0,3,2,7,0,4,14,0,7,6,0.8444,0,0,2,0,0.8444,2
4244,1488,1,6151392,4134,0,2,4,2,8,3,0,4,3,0,2,0.3333,0,1,1,0,0.2333,1
4205,3952,2,17187248,4349,3,0,3,2,7,2,3,10,0,5,3,0.5,2,5,3,0,0.65,2
2763,879,3,6127509,6971,2,0,1,4,7,3,5,16,3,1,10,0.1778,0,1,2,0,0.1778,1
1438,3717,2,12853386,3458,3,1,4,1,7,2,1,7,3,4,3,0.5,1,4,2,0,0.5,2
2441,3809,4,16911960,4440,1,3,5,4,11,2,1,13,1,8,10,0.1778,0,1,1,0,0.1245,1
3053,2984,4,1124968,377,2,0,4,4,10,1,3,14,0,0,10,0.1778,0,1,1,0,0.1245,2
1422,2520,5,4919040,1952,1,3,6,2,10,2,2,17,0,0,4,0.6667,0,4,2,0,0.6667,2
3131,2834,2,4814966,1699,1,3,2,2,6,2,4,15,2,3,2,0.3333,1,2,2,2,0.3333,2
4800,3259,4,2675639,821,1,3,4,4,10,2,2,15,3,0,2,0.3333,0,2,1,1,0.2333,2
1179,661,2,2632102,3982,2,3,1,4,7,2,3,13,1,7,12,0.0,0,2,2,1,0.0,1
2260,2981,5,11145959,3739,0,3,5,3,10,2,4,18,1,11,10,0.1778,2,5,3,0,0.2311,2
3894,3102,1,4584756,1478,1,0,1,4,7,1,1,4,0,1,8,0.5111,0,1,2,0,0.5111,1
2302,2652,5,7152444,2697,1,2,3,2,7,3,0,12,3,1,5,0.7556,0,1,2,0,0.7556,2
3971,619,4,3090048,4992,0,1,1,1,4,3,5,18,1,7,6,0.8444,0,4,3,0,1.0,2
2267,2618,1,15108478,5771,2,0,4,4,10,2,5,12,0,12,1,0.1667,0,0,2,0,0.1667,0
4557,1632,5,7195488,4409,0,1,4,3,9,2,0,11,1,12,5,0.7556,0,2,2,1,0.7556,2
3444,605,1,813120,1344,0,3,5,4,11,0,5,15,2,4,3,0.5,1,4,2,0,0.5,2
4668,2596,4,2814064,1084,3,2,2,1,5,3,2,14,3,10,12,0.0,0,0,2,0,0.0,2
2029,1818,3,834462,459,3,3,3,3,8,2,1,11,2,1,2,0.3333,0,1,2,0,0.3333,2
3556,1961,1,1988454,1014,0,2,6,2,10,3,4,12,3,10,5,0.7556,0,1,2,0,0.7556,2
2637,1609,1,5060305,3145,2,2,2,4,8,2,1,6,0,0,3,0.5,0,0,1,0,0.35,1
3586,1255,3,2033100,1620,0,1,5,3,10,1,2,11,3,0,1,0.1667,0,4,2,0,0.1667,1
2430,3681,3,17013582,4622,1,1,1,1,4,3,0,7,3,10,5,0.7556,0,0,2,0,0.7556,2
4662,606,5,475710,785,0,0,6,3,11,3,4,18,0,4,10,0.1778,1,1,2,0,0.1778,2
2417,1166,5,2161764,1854,3,0,5,1,8,0,5,18,2,2,10,0.1778,1,4,2,0,0.1778,2
3450,3779,2,12474479,3301,0,1,5,3,10,0,1,7,3,6,7,0.6778,0,0,2,1,0.6778,2
2928,2075,3,9926800,4784,1,1,1,3,6,1,2,11,0,12,4,0.6667,0,1,2,0,0.6667,2
2370,2214,1,14948928,6752,2,2,3,3,8,0,5,14,2,6,2,0.3333,0,0,2,1,0.3333,1
1260,1919,1,3596206,1874,0,1,1,2,5,1,2,7,2,12,1,0.1667,0,4,2,0,0.1667,1
4466,1141,2,3702545,3245,1,1,2,4,8,2,4,13,1,12,1,0.1667,0,4,2,0,0.1667,1
3212,1908,3,2707452,1419,3,1,4,1,7,3,5,17,2,10,3,0.5,0,2,2,1,0.5,2
2952,2207,1,2928689,1327,2,3,5,2,9,2,5,15,3,0,8,0.5111,0,0,1,0,0.3578,2
1461,1717,5,3942232,2296,0,0,3,1,6,2,0,10,1,10,6,0.8444,0,2,2,1,0.8444,2
4975,3373,2,1811301,537,1,2,2,1,5,3,3,12,1,9,3,0.5,0,0,2,1,0.5,2
1138,1168,1,357408,306,1,1,2,2,6,1,5,13,3,5,6,0.8444,2,5,3,0,1.0,2
1704,3212,4,5380100,1675,3,0,4,2,8,0,1,10,1,3,7,0.6778,1,3,2,2,0.6778,2
2622,974,5,1548660,1590,1,1,5,3,10,3,1,13,0,10,11,0.0889,0,1,2,0,0.0889,1
2038,3970,3,17130550,4315,3,0,4,4,10,1,0,6,1,1,4,0.6667,0,3,2,2,0.6667,2
2876,3716,3,13957296,3756,1,3,1,2,5,3,2,13,2,7,5,0.7556,0,0,2,0,0.7556,2
2776,2821,4,5850754,2074,3,1,5,4,11,1,4,17,2,1,5,0.7556,0,1,2,0,0.7556,2
3638,2745,5,2959110,1078,2,0,6,3,11,1,0,10,0,9,3,0.5,0,1,2,0,0.5,2
2170,1215,2,3736125,3075,0,3,3,1,6,2,1,9,2,0,9,0.3444,0,1,1,0,0.2411,1
3610,2305,4,8185055,3551,1,0,6,3,11,0,2,12,0,1,3,0.5,0,4,2,0,0.5,2
686,3497,1,8752991,2503,3,0,1,2,5,0,4,10,3,4,7,0.6778,1,3,2,2,0.6778,2
3669,3690,4,1940940,526,3,2,3,3,8,3,5,18,3,12,10,0.1778,0,2,2,1,0.1778,2
4658,1504,3,5656544,3761,1,0,2,3,7,1,2,10,3,3,9,0.3444,1,3,2,2,0.3444,2
1855,987,5,1303827,1321,1,1,4,3,9,0,0,11,3,7,7,0.6778,0,0,2,0,0.6778,2
4834,3807,2,3601422,946,1,1,4,4,10,0,0,5,0,9,3,0.5,0,4,2,0,0.5,1
2834,648,5,966168,1491,3,1,6,3,11,3,2,15,1,5,10,0.1778,2,1,2,0,0.1778,2
2459,2739,5,3012900,1100,3,2,3,1,6,3,3,18,3,10,6,0.8444,0,2,2,1,0.8444,2
1693,1597,4,6431119,4027,0,0,1,1,4,2,2,12,3,0,9,0.3444,0,1,1,0,0.2411,1
670,1552,4,5359056,3453,1,2,2,3,7,2,3,16,1,7,4,0.6667,0,0,2,0,0.6667,2
2159,2955,2,15957000,5400,2,3,1,1,4,3,3,13,2,4,9,0.3444,1,0,2,1,0.3444,2
2990,3140,5,2995560,954,0,3,2,1,5,0,1,15,3,2,6,0.8444,1,4,2,0,0.8444,2
4801,817,2,967328,1184,1,0,6,1,9,0,4,12,2,11,4,0.6667,2,5,3,0,0.8667,2
3194,3984,1,18051504,4531,3,0,6,3,11,3,5,12,0,6,4,0.6667,0,4,2,0,0.6667,1
3852,751,1,458861,611,1,1,2,2,6,1,2,7,0,7,5,0.7556,0,2,2,1,0.7556,2
3247,1255,1,2015530,1606,0,0,3,2,7,3,0,2,2,8,1,0.1667,0,0,0,0,0.0667,0
2051,3411,3,2970981,871,1,3,6,1,9,2,1,11,3,10,4,0.6667,0,0,2,0,0.6667,2
3528,3563,1,12502567,3509,2,2,1,2,5,3,2,8,2,6,12,0.0,0,0,2,1,0.0,1
4718,3716,4,5477384,1474,1,2,2,1,5,1,1,12,1,2,11,0.0889,1,5,3,0,0.1156,2
4890,3380,4,3248180,961,2,2,6,1,9,0,1,12,0,1,9,0.3444,0,2,2,1,0.3444,2
4483,3019,3,24013126,7954,0,2,3,4,9,0,2,12,0,0,2,0.3333,0,1,1,0,0.2333,1
3677,3017,4,20017795,6635,1,0,1,1,4,0,2,12,2,10,12,0.0,0,1,2,0,0.0,1
4800,2699,5,1935183,717,2,1,4,3,9,0,0,11,3,8,12,0.0,0,0,0,0,0.0,1
4156,3418,1,4607464,1348,3,1,5,1,8,0,3,9,3,6,8,0.5111,0,4,2,0,0.5111,2
4720,3861,1,8837829,2289,2,2,1,2,5,0,5,14,3,0,7,0.6778,0,4,2,0,0.6778,2
3698,1047,4,1891929,1807,0,3,5,2,9,0,4,18,1,6,10,0.1778,0,1,2,0,0.1778,1
2223,3849,5,23613615,6135,3,0,3,1,6,2,2,14,3,3,12,0.0,1,2,2,2,0.0,2
4299,2762,2,3891658,1409,1,1,6,3,11,3,3,11,1,12,7,0.6778,0,2,2,1,0.6778,2
1219,1178,3,10024780,8510,1,1,6,4,12,1,1,9,3,6,9,0.3444,0,3,2,2,0.3444,2
4289,2041,2,4200378,2058,1,1,1,2,5,0,2,9,0,6,10,0.1778,0,1,2,0,0.1778,0
3486,2700,4,6817500,2525,2,1,6,1,9,1,1,11,2,6,12,0.0,0,3,2,2,0.0,1
3293,2050,5,5057350,2467,2,1,3,4,9,2,3,17,0,2,7,0.6778,1,1,2,1,0.6778,2
3472,432,4,430272,996,0,2,3,3,8,2,1,12,3,0,2,0.3333,0,1,1,0,0.2333,2
4983,2424,2,8544600,3525,1,2,3,4,9,2,4,14,1,0,4,0.6667,0,0,1,0,0.4667,2
2832,3121,1,4431820,1420,1,1,6,4,12,2,4,11,1,4,7,0.6778,1,0,2,1,0.6778,2
4144,740,2,1062640,1436,3,2,2,4,8,2,3,12,1,8,12,0.0,0,4,1,0,0.0,1
2215,3617,5,2246157,621,0,2,4,4,10,1,2,16,2,4,2,0.3333,1,1,2,0,0.3333,2
3707,2229,2,13055253,5857,2,2,3,4,9,3,0,6,3,0,10,0.1778,0,1,1,0,0.1245,1
3333,1555,2,5481375,3525,2,1,2,1,5,3,0,5,1,7,1,0.1667,0,2,2,1,0.1667,1
3597,2823,2,1832127,649,1,1,1,3,6,0,3,11,3,6,6,0.8444,0,3,2,2,0.8444,2
682,2189,4,6823113,3117,2,0,5,2,9,1,4,16,1,8,2,0.3333,0,1,1,0,0.2333,1
4480,1110,1,724830,653,3,3,3,2,7,2,3,11,2,9,3,0.5,0,4,2,0,0.5,2
3859,2175,3,7499400,3448,2,2,5,1,8,1,3,14,1,8,12,0.0,0,4,1,0,0.0,1
4847,1321,1,437251,331,2,3,5,1,8,0,2,9,3,0,3,0.5,0,0,1,0,0.35,2
3325,3875,4,20615000,5320,1,2,5,4,11,1,5,18,1,10,7,0.6778,0,4,2,0,0.6778,2
4973,3059,1,11033813,3607,3,3,2,1,5,3,4,13,3,7,11,0.0889,0,4,3,0,0.1156,1
4438,1796,3,1280548,713,0,0,4,2,8,3,4,14,1,12,12,0.0,0,2,2,1,0.0,2
1838,1759,5,8508283,4837,0,2,2,3,7,2,4,18,2,7,11,0.0889,0,2,2,1,0.0889,2
2530,3144,3,1219872,388,0,1,1,4,7,0,1,9,0,12,11,0.0889,0,2,2,1,0.0889,1
3668,3438,2,15856056,4612,1,0,4,1,7,3,2,8,3,8,5,0.7556,0,4,1,0,0.5289,2
3908,1345,3,3467410,2578,3,0,2,2,6,0,2,10,2,10,3,0.5,0,4,2,0,0.5,2
3998,2814,4,8990730,3195,1,2,6,2,10,2,0,10,0,3,2,0.3333,1,2,2,2,0.3333,2
2693,2227,5,1518814,682,0,1,5,2,9,1,1,13,2,1,11,0.0889,0,2,2,1,0.0889,2
3850,3314,4,14790382,4463,0,3,1,1,4,3,0,11,1,3,12,0.0,1,3,2,2,0.0,2
779,3086,5,18046928,5848,3,3,1,1,4,0,5,18,2,1,3,0.5,0,4,2,0,0.5,2
1352,3888,2,30104784,7743,1,1,5,1,8,0,1,7,1,0,3,0.5,0,4,2,0,0.5,1
2356,3022,1,7515714,2487,0,2,4,1,7,0,0,4,3,7,12,0.0,0,2,2,1,0.0,1
948,3757,4,2772666,738,2,1,2,2,6,0,3,15,1,0,7,0.6778,0,2,1,1,0.4745,2
3919,1964,5,4705744,2396,2,0,1,3,6,3,2,14,1,9,9,0.3444,0,2,2,1,0.3444,2
3749,2774,4,10585584,3816,3,1,1,3,6,1,5,18,0,3,12,0.0,1,0,2,1,0.0,1
2179,2161,1,1121559,519,0,0,4,4,10,1,3,8,2,0,8,0.5111,0,4,2,0,0.5111,2
3014,1619,4,3453327,2133,0,0,2,4,8,2,2,12,3,1,3,0.5,0,1,2,0,0.5,2
3634,3326,4,12060076,3626,3,2,3,1,6,0,5,18,2,2,2,0.3333,1,4,2,0,0.3333,2
4394,2459,5,2938505,1195,1,1,2,4,8,0,2,15,2,3,1,0.1667,1,1,2,1,0.1667,2
3129,2655,3,2588625,975,0,1,3,3,8,1,2,11,0,3,9,0.3444,1,3,2,2,0.3444,2
4390,3219,4,14256951,4429,0,0,4,2,8,2,4,16,2,8,8,0.5111,0,1,1,0,0.3578,2
1224,3430,3,2009980,586,0,0,6,2,10,0,1,8,1,9,11,0.0889,0,2,2,1,0.0889,1
1542,3862,3,5947480,1540,3,1,1,3,6,2,3,13,0,7,6,0.8444,0,0,2,0,0.8444,1
4415,2085,2,8508885,4081,2,2,5,3,10,2,2,10,1,0,4,0.6667,0,0,1,0,0.4667,1
958,2686,5,7743738,2883,3,1,5,4,11,2,1,13,2,10,4,0.6667,0,0,2,0,0.6667,2
2178,3345,3,24013755,7179,3,3,3,2,7,0,1,11,3,10,8,0.5111,0,0,2,0,0.5111,2
1915,2437,2,3579953,1469,0,0,4,2,8,2,0,4,1,3,9,0.3444,1,0,2,1,0.3444,1
1324,664,4,765592,1153,0,3,3,1,6,0,3,17,0,0,6,0.8444,0,0,1,0,0.5911,2
4111,1210,2,934120,772,1,2,3,3,8,2,1,8,0,1,5,0.7556,0,1,2,0,0.7556,2
4278,2247,2,11947299,5317,2,0,6,1,9,2,5,14,3,4,1,0.1667,1,3,2,2,0.1667,2
829,3111,4,1182180,380,1,2,3,4,9,3,5,18,2,0,1,0.1667,0,2,1,1,0.1167,2
1180,3654,4,5656392,1548,1,0,4,4,10,0,4,16,3,7,5,0.7556,0,1,2,0,0.7556,2
1601,813,3,1250394,1538,3,0,5,3,10,2,0,6,2,9,1,0.1667,0,1,2,0,0.1667,1
4178,3117,4,2007348,644,1,3,6,3,11,1,3,17,1,3,10,0.1778,1,1,2,1,0.1778,2
2699,3622,5,23064896,6368,0,0,3,1,6,1,1,12,2,6,12,0.0,0,2,2,2,0.0,1
3967,634,2,5442890,8585,3,0,6,4,12,0,1,6,0,4,5,0.7556,1,1,2,0,0.7556,2
2200,2499,2,9101358,3642,0,3,3,4,9,0,3,13,2,6,2,0.3333,0,2,2,2,0.3333,1
2275,1794,1,3842748,2142,2,0,2,3,7,0,3,8,2,1,9,0.3444,0,2,2,1,0.3444,1
1539,3859,3,6641339,1721,1,1,3,2,7,2,5,17,1,9,5,0.7556,0,0,2,1,0.7556,2
4702,922,3,743132,806,3,3,6,4,12,3,4,17,0,4,9,0.3444,1,5,3,0,0.4477,2
3500,3837,5,33746415,8795,3,0,5,1,8,2,4,18,1,0,1,0.1667,0,2,1,1,0.1167,1
2088,1853,2,4497231,2427,0,0,4,1,7,0,0,4,1,2,7,0.6778,1,4,2,0,0.6778,2
3804,2501,4,12940174,5174,1,3,3,4,9,1,5,18,3,5,1,0.1667,2,1,2,0,0.1667,2
1063,789,4,1946463,2467,3,0,1,2,5,3,2,12,0,3,1,0.1667,1,0,2,1,0.1667,1
1193,1005,5,2322555,2311,1,3,5,3,10,3,4,18,3,1,7,0.6778,0,1,2,0,0.6778,2
1284,2631,3,10692384,4064,2,0,1,2,5,1,0,6,2,6,8,0.5111,0,1,2,0,0.5111,1
2509,2682,3,10183554,3797,0,2,6,2,10,2,4,16,1,1,3,0.5,0,3,2,2,0.5,2
1951,3308,5,7022884,2123,1,2,4,4,10,3,3,18,1,7,4,0.6667,0,1,2,0,0.6667,2
2728,1260,2,3131100,2485,0,0,1,2,5,3,5,14,1,10,12,0.0,0,2,2,1,0.0,1
2403,3528,2,3718512,1054,2,2,6,1,9,1,4,14,0,0,10,0.1778,0,1,1,0,0.1245,1
3508,3704,2,1677912,453,1,0,4,3,9,2,2,8,3,8,3,0.5,0,4,1,0,0.35,2
4685,3809,5,6143917,1613,3,3,2,4,8,1,4,18,3,2,11,0.0889,1,0,2,1,0.0889,2
4826,2711,4,4483994,1654,2,1,5,3,10,0,0,9,1,8,9,0.3444,0,1,1,0,0.2411,1
4283,2900,3,13876500,4785,3,1,4,4,10,3,0,7,3,6,11,0.0889,0,3,2,2,0.0889,1
1395,434,5,219170,505,1,3,3,2,7,1,0,13,2,6,1,0.1667,0,0,2,1,0.1667,2
3058,3292,5,2676396,813,3,0,2,3,7,0,3,16,0,9,3,0.5,0,4,2,0,0.5,2
2709,3326,2,11966948,3598,2,0,6,1,9,1,3,10,2,8,1,0.1667,0,0,0,0,0.0667,0
4428,907,4,1046678,1154,2,3,5,1,8,1,4,18,3,6,5,0.7556,0,2,2,2,0.7556,2
3856,2895,5,5364435,1853,2,3,1,1,4,2,5,18,1,3,2,0.3333,1,3,2,2,0.3333,2
1723,2020,5,1933140,957,2,3,6,3,11,1,5,18,1,13,5,0.7556,0,2,2,1,0.7556,2
787,1007,5,909321,903,2,2,3,4,9,1,3,18,2,10,1,0.1667,0,0,2,0,0.1667,2
1449,2407,4,5384459,2237,0,2,1,4,7,2,3,16,2,1,7,0.6778,0,1,2,0,0.6778,2
3630,2964,4,22342632,7538,2,0,1,3,6,2,3,14,3,2,5,0.7556,1,4,2,0,0.7556,2
743,3281,5,13977060,4260,1,0,2,2,6,3,1,12,1,7,1,0.1667,0,2,2,1,0.1667,1
4846,1590,4,5196120,3268,0,2,5,4,11,0,1,12,1,1,11,0.0889,0,4,2,0,0.0889,1
1585,3389,5,4961496,1464,2,2,6,3,11,1,3,18,3,7,3,0.5,0,1,2,0,0.5,2
4890,2717,1,6197477,2281,3,2,4,4,10,3,4,12,3,3,10,0.1778,1,2,2,2,0.1778,2
3341,3377,2,6396038,1894,0,0,5,3,10,2,3,10,3,9,7,0.6778,0,1,2,0,0.6778,2
1112,1635,1,2475390,1514,3,2,6,2,10,2,5,14,0,0,2,0.3333,0,2,1,1,0.2333,1
2979,3850,5,15665650,4069,2,3,5,4,11,0,3,18,0,2,5,0.7556,1,5,3,0,0.9823,2
3554,1136,1,1582448,1393,3,0,2,4,8,3,2,6,0,9,1,0.1667,0,0,2,1,0.1667,0
642,2657,1,3432844,1292,1,2,4,1,7,3,0,4,1,8,5,0.7556,0,4,1,0,0.5289,2
3755,3680,2,31401440,8533,0,2,2,4,8,3,3,12,2,11,8,0.5111,2,5,3,0,0.6644,2
889,3685,1,16722530,4538,3,0,5,1,8,2,0,2,1,13,2,0.3333,0,2,2,1,0.3333,1
4118,1609,1,7639532,4748,3,2,6,2,10,3,4,12,1,9,10,0.1778,0,0,2,1,0.1778,1
1727,2905,4,6300945,2169,2,2,2,2,6,0,1,12,1,10,7,0.6778,0,2,2,1,0.6778,2
1471,3136,2,16881088,5383,3,3,3,1,6,2,0,7,1,6,10,0.1778,0,1,2,0,0.1778,1
4712,1793,2,13886785,7745,1,0,5,1,8,3,3,10,0,7,11,0.0889,0,0,2,0,0.0889,0
1320,630,5,1811250,2875,1,1,3,1,6,0,1,13,1,9,2,0.3333,0,0,2,1,0.3333,1
2739,2374,3,738314,311,1,0,3,4,9,3,1,8,0,0,12,0.0,0,2,1,1,0.0,1
1978,1493,4,883856,592,2,3,3,2,7,2,4,18,3,11,2,0.3333,2,5,3,0,0.4333,2
2067,1958,2,1378432,704,1,1,5,1,8,0,2,9,3,10,10,0.1778,0,4,2,0,0.1778,2
3498,3807,3,2539269,667,2,3,2,3,7,0,1,11,1,12,9,0.3444,0,4,2,0,0.3444,2
1957,2532,2,2585172,1021,3,1,5,4,11,3,2,9,1,6,2,0.3333,0,3,2,2,0.3333,1
860,2507,1,1418962,566,0,2,2,4,8,1,4,12,0,1,11,0.0889,0,2,2,1,0.0889,1
1525,2562,5,5667144,2212,2,1,2,2,6,2,2,15,0,0,4,0.6667,0,2,1,1,0.4667,2
703,968,1,2201232,2274,2,3,4,1,7,3,4,13,0,6,9,0.3444,0,3,2,2,0.3444,1
3891,3631,3,21800524,6004,3,3,2,2,6,2,4,17,3,6,4,0.6667,0,3,2,2,0.6667,2
997,3539,4,9120003,2577,3,1,4,4,10,2,0,9,0,0,3,0.5,0,1,1,0,0.35,1
3841,1461,2,7005495,4795,1,2,4,2,8,1,3,12,1,1,9,0.3444,0,1,2,0,0.3444,1
4044,1529,5,1088648,712,2,0,1,3,6,1,1,12,3,7,12,0.0,0,0,2,0,0.0,1
2351,1265,1,1057540,836,1,2,5,3,10,3,0,4,2,5,4,0.6667,2,5,3,0,0.8667,2
964,666,3,3005658,4513,0,1,2,2,6,0,4,15,0,4,4,0.6667,1,3,2,2,0.6667,2
4141,2152,4,10841776,5038,1,1,6,4,12,0,0,9,3,11,12,0.0,2,5,3,0,0.0,2
668,676,1,1261416,1866,2,1,4,1,7,3,4,11,0,11,5,0.7556,2,4,3,0,0.9823,2
3628,2069,5,8944287,4323,3,0,2,3,7,3,1,12,3,13,12,0.0,0,1,2,0,0.0,1
1457,531,3,1232982,2322,3,0,6,2,10,2,1,8,3,0,4,0.6667,0,0,1,0,0.4667,1
2246,870,4,713400,820,0,3,6,2,10,3,4,18,3,0,5,0.7556,0,1,1,0,0.5289,2
2187,1060,3,2534460,2391,3,2,4,3,9,3,0,8,2,4,6,0.8444,1,0,2,1,0.8444,2
2205,1581,2,12880407,8147,0,1,1,2,5,1,4,13,2,6,9,0.3444,0,4,2,0,0.3444,1
2525,3569,2,11627802,3258,2,0,3,2,7,0,2,8,3,6,2,0.3333,0,3,2,2,0.3333,1
3694,2292,4,3419664,1492,0,0,4,1,7,0,5,18,2,6,7,0.6778,0,0,2,1,0.6778,2
1866,2935,4,2436050,830,3,1,3,2,7,2,1,11,0,10,7,0.6778,0,2,2,1,0.6778,2
4709,1437,4,1406823,979,3,1,2,3,7,3,0,9,1,7,4,0.6667,0,4,3,0,0.8667,2
3598,1741,1,5064569,2909,3,3,1,3,6,2,5,15,3,4,2,0.3333,1,1,2,0,0.3333,2
3813,2418,1,5602506,2317,2,3,1,3,6,3,3,11,2,8,10,0.1778,0,4,1,0,0.1245,1
1263,3950,4,1761700,446,0,3,6,2,10,2,0,11,3,7,6,0.8444,0,0,2,0,0.8444,2
1950,1099,5,676984,616,1,3,3,4,9,1,3,18,2,9,1,0.1667,0,0,2,1,0.1667,2
1616,904,2,1404816,1554,1,1,4,1,7,2,0,5,0,6,1,0.1667,0,2,2,2,0.1667,1
4441,993,4,3368256,3392,0,2,1,4,7,2,1,12,3,11,6,0.8444,2,5,3,0,1.0,2
1227,1627,2,7952776,4888,1,3,4,1,7,2,5,17,3,7,4,0.6667,0,0,2,0,0.6667,2
2193,701,3,2668006,3806,2,0,2,4,8,1,3,12,3,9,2,0.3333,0,0,2,1,0.3333,1
4076,1970,4,3242620,1646,2,3,5,3,10,0,2,15,3,0,2,0.3333,0,1,1,0,0.2333,2
1953,3099,4,948294,306,3,2,4,1,7,2,3,16,2,1,3,0.5,0,3,2,2,0.5,2
4591,742,1,3264800,4400,3,3,1,1,4,0,1,7,2,8,6,0.8444,0,0,0,0,0.3378,1
2117,436,5,748176,1716,1,1,4,2,8,0,3,17,1,9,11,0.0889,0,0,2,1,0.0889,1
4321,3507,5,4411806,1258,3,1,4,3,9,3,1,13,0,12,5,0.7556,0,0,2,0,0.7556,2
4948,893,2,3136216,3512,2,0,1,1,4,1,0,4,0,10,6,0.8444,0,0,2,0,0.8444,1
3329,1293,3,2960970,2290,2,1,4,3,9,0,0,7,2,4,9,0.3444,1,3,2,2,0.3444,2
3714,3100,5,5744300,1853,2,1,3,4,9,1,3,17,3,13,4,0.6667,0,0,2,0,0.6667,2
2087,1367,5,2795515,2045,0,1,4,3,9,1,2,15,1,9,4,0.6667,0,0,2,1,0.6667,2
2598,3342,5,2045304,612,2,0,6,1,9,2,0,10,2,7,6,0.8444,0,1,2,0,0.8444,2
1333,1152,5,1202688,1044,3,1,3,3,8,0,5,18,1,0,2,0.3333,0,2,1,1,0.2333,2
2405,3763,4,3612480,960,3,3,2,3,7,0,5,18,1,9,4,0.6667,0,2,2,1,0.6667,2
4311,2752,1,1552128,564,1,0,3,3,8,0,4,10,3,8,9,0.3444,0,4,1,0,0.2411,2
2299,2982,1,21893844,7342,1,2,2,3,7,2,3,10,0,7,11,0.0889,0,1,2,0,0.0889,1
1099,1244,5,2947036,2369,0,1,5,2,9,1,3,17,2,6,12,0.0,0,2,2,2,0.0,1
1638,1453,5,4309598,2966,3,3,6,4,12,0,2,17,3,0,5,0.7556,0,1,1,0,0.5289,2
1954,672,5,327264,487,0,3,2,1,5,2,4,18,3,3,1,0.1667,1,2,2,2,0.1667,2
807,473,4,859441,1817,1,0,2,4,8,1,1,10,1,6,12,0.0,0,2,2,2,0.0,1
3586,1159,4,1254038,1082,0,1,4,3,9,3,0,9,1,8,8,0.5111,0,0,0,0,0.2044,1
3875,2411,2,5072744,2104,1,2,3,3,8,3,4,14,1,10,1,0.1667,0,0,2,0,0.1667,1
1325,1950,4,1425450,731,2,1,2,1,5,1,4,17,1,6,3,0.5,0,2,2,2,0.5,2
2334,3796,3,2042248,538,3,1,6,3,11,1,3,13,1,10,6,0.8444,0,2,2,1,0.8444,2
4721,400,3,1637600,4094,3,1,4,2,8,1,1,9,3,2,12,0.0,1,5,3,0,0.0,2
3965,3615,1,25348380,7012,1,1,4,3,9,2,5,13,1,8,10,0.1778,0,0,0,0,0.0711,0
2373,1751,4,1530374,874,2,2,2,4,8,2,0,10,2,12,9,0.3444,0,2,2,1,0.3444,2
3998,2559,5,21375327,8353,2,1,5,1,8,3,5,18,1,10,3,0.5,0,4,2,0,0.5,2
2586,871,2,2498028,2868,3,2,2,2,6,0,3,12,3,9,6,0.8444,0,4,2,0,0.8444,2
4549,1357,1,3175380,2340,1,3,1,3,6,1,4,13,3,6,3,0.5,0,0,2,1,0.5,2
2186,2740,3,4548400,1660,3,1,2,1,5,1,1,9,0,8,11,0.0889,0,0,0,0,0.0356,0
2715,908,2,1406492,1549,3,3,4,4,10,3,4,15,2,4,1,0.1667,1,1,2,0,0.1667,2
1160,2519,2,6244601,2479,3,2,4,1,7,3,0,6,2,12,5,0.7556,0,4,2,0,0.7556,2
3137,2686,2,5839364,2174,3,0,5,1,8,2,3,10,2,7,4,0.6667,0,2,2,1,0.6667,2
2198,3990,2,1611960,404,0,3,6,1,9,3,4,15,1,0,11,0.0889,0,1,1,0,0.0622,2
3366,951,4,4396473,4623,3,1,6,3,11,0,3,15,0,9,9,0.3444,0,1,2,0,0.3444,1
4453,1009,2,1750615,1735,2,2,4,2,8,0,0,6,3,4,3,0.5,1,4,2,0,0.5,2
2600,1066,5,3490084,3274,0,2,5,1,8,1,5,18,3,8,2,0.3333,0,5,1,0,0.2333,2
4972,2399,3,4927546,2054,3,1,2,4,8,1,4,15,3,10,5,0.7556,0,2,2,1,0.7556,2
4803,681,5,1402860,2060,1,0,3,4,9,0,1,12,1,6,1,0.1667,0,2,2,2,0.1667,1
4786,632,3,3082264,4877,2,0,5,3,10,3,3,12,3,9,8,0.5111,0,4,2,0,0.5111,2
4439,2796,5,12945480,4630,2,3,3,3,8,0,1,15,3,0,12,0.0,0,4,2,0,0.0,2
4078,2786,2,7781298,2793,2,1,1,1,4,3,2,9,3,7,10,0.1778,0,2,2,1,0.1778,1
2947,2792,2,15467680,5540,0,3,4,4,10,0,1,9,3,2,1,0.1667,1,1,2,1,0.1667,2
1916,2704,4,4756336,1759,0,0,2,2,6,3,3,14,2,3,1,0.1667,1,1,2,1,0.1667,2
3418,1753,4,573231,327,1,0,1,1,4,2,0,8,2,0,2,0.3333,0,1,1,0,0.2333,2
2639,2962,5,8714204,2942,0,1,4,4,10,3,5,18,3,9,12,0.0,0,4,2,0,0.0,2
3907,3032,1,5809312,1916,3,1,2,3,7,1,1,5,2,0,12,0.0,0,2,1,1,0.0,1
4610,2789,2,2471054,886,2,0,2,1,5,1,2,8,1,9,1,0.1667,0,2,2,1,0.1667,1
4789,1518,4,5774472,3804,1,3,5,4,11,3,1,13,2,4,4,0.6667,1,3,2,2,0.6667,2
1736,435,3,2098875,4825,1,0,5,1,8,3,5,16,2,6,3,0.5,0,1,2,0,0.5,2
1724,1294,1,3119834,2411,3,2,3,3,8,0,1,6,0,0,2,0.3333,0,2,1,1,0.2333,1
4867,736,4,770592,1047,3,2,1,2,5,0,1,12,1,12,4,0.6667,0,4,2,0,0.6667,2
4366,874,5,581210,665,0,1,5,4,11,2,2,15,2,7,6,0.8444,0,1,2,0,0.8444,2
4684,2772,5,1682604,607,2,2,1,3,6,2,0,12,1,0,12,0.0,0,2,1,1,0.0,1
819,1124,2,7141896,6354,1,1,3,2,7,0,3,11,3,9,3,0.5,0,2,2,1,0.5,2
796,909,4,3150594,3466,2,1,3,1,6,2,3,15,3,10,2,0.3333,0,0,2,0,0.3333,2
3106,913,4,1603228,1756,0,1,6,2,10,2,4,17,0,10,7,0.6778,0,1,2,0,0.6778,2
3613,3611,5,3686831,1021,3,3,4,3,9,1,3,18,0,6,5,0.7556,0,4,2,0,0.7556,2
1252,3790,1,33037430,8717,1,2,4,1,7,2,1,6,1,6,3,0.5,0,1,2,0,0.5,1
3936,3877,3,1306549,337,0,1,5,2,9,2,3,13,2,5,8,0.5111,2,5,3,0,0.6644,2
4101,1586,3,3449550,2175,3,1,6,1,9,0,2,11,0,0,1,0.1667,0,0,1,0,0.1167,0
1137,3886,2,7853606,2021,2,2,4,1,7,0,0,6,3,2,9,0.3444,1,1,2,1,0.3444,2
1919,805,3,825930,1026,2,2,3,4,9,3,0,8,2,4,10,0.1778,1,4,2,0,0.1778,2
2276,3518,3,15957648,4536,2,2,5,2,9,2,1,10,3,10,4,0.6667,0,1,2,0,0.6667,2
1887,1199,3,5438664,4536,1,3,2,2,6,0,2,13,3,12,3,0.5,0,0,2,0,0.5,2
1055,1050,1,373800,356,0,0,2,4,8,3,2,6,1,1,7,0.6778,0,2,2,1,0.6778,2
1913,3045,5,19481910,6398,1,2,6,3,11,3,5,18,0,10,7,0.6778,0,2,2,1,0.6778,2
2214,1222,2,1021592,836,0,1,5,2,9,1,5,15,2,10,3,0.5,0,2,2,1,0.5,2
1994,2105,5,1505075,715,1,3,1,4,7,3,0,13,2,6,8,0.5111,0,0,2,1,0.5111,2
2923,3295,4,24191890,7342,2,2,3,2,7,1,1,12,0,13,10,0.1778,0,2,2,1,0.1778,1
4751,1311,2,9064254,6914,2,3,6,4,12,2,0,7,1,0,7,0.6778,0,1,1,0,0.4745,1
826,3495,4,23692605,6779,2,1,6,4,12,0,4,17,0,6,4,0.6667,0,1,2,0,0.6667,2
1185,1778,4,4875276,2742,1,3,2,1,5,2,2,15,3,7,7,0.6778,0,0,2,0,0.6778,2
2700,1649,2,969612,588,1,1,4,3,9,2,2,9,0,10,9,0.3444,0,2,2,1,0.3444,1
4584,2481,4,3453552,1392,2,3,1,1,4,0,0,11,2,7,3,0.5,0,2,2,1,0.5,2
1403,3667,1,4983453,1359,1,1,1,3,6,1,4,11,3,0,3,0.5,0,1,1,0,0.35,1
1932,3116,5,6546716,2101,0,1,3,1,6,0,2,15,1,9,12,0.0,0,1,2,0,0.0,1
4240,1913,4,10544456,5512,1,1,5,1,8,1,2,13,1,10,3,0.5,0,1,2,0,0.5,2
2239,654,1,848238,1297,1,1,3,4,9,1,3,9,3,8,12,0.0,0,0,0,0,0.0,0
738,2522,1,2968394,1177,2,2,6,2,10,0,0,4,2,0,3,0.5,0,0,1,0,0.35,1
2916,1528,5,3674840,2405,2,3,1,1,4,0,4,18,1,11,11,0.0889,2,5,3,0,0.1156,2
4026,1668,1,4590336,2752,1,2,1,2,5,3,5,14,2,3,2,0.3333,1,3,2,2,0.3333,2
3812,1934,1,3633986,1879,1,1,1,4,7,0,0,3,2,0,2,0.3333,0,2,1,1,0.2333,1
1277,2654,4,7163146,2699,3,3,1,3,6,1,0,11,0,0,12,0.0,0,1,1,0,0.0,1
4706,3356,5,26911764,8019,1,2,3,2,7,0,0,12,1,10,9,0.3444,0,2,2,1,0.3444,2
2964,526,5,1019914,1939,2,1,2,1,5,1,4,18,1,3,12,0.0,1,2,2,2,0.0,2
4974,851,2,765900,900,1,3,6,1,9,2,1,9,1,10,3,0.5,0,0,2,0,0.5,1
3877,2024,2,1414776,699,3,2,5,1,8,3,3,12,0,12,3,0.5,0,4,2,0,0.5,2
4513,1847,4,3219321,1743,1,2,4,4,10,3,1,12,3,13,7,0.6778,0,2,2,1,0.6778,2
2685,1373,3,639818,466,3,3,1,1,4,1,2,13,0,12,5,0.7556,0,2,2,1,0.7556,2
868,3665,2,1909465,521,3,2,3,2,7,1,3,12,0,10,1,0.1667,0,4,2,0,0.1667,1
3102,1385,3,5120345,3697,0,1,2,2,6,3,2,11,0,6,8,0.5111,0,0,2,1,0.5111,1
3868,3726,2,3085128,828,1,0,2,3,7,1,4,12,2,3,1,0.1667,1,1,2,1,0.1667,2
3860,1522,3,1640716,1078,1,1,2,3,7,3,1,9,3,10,6,0.8444,0,2,2,1,0.8444,2
4941,3230,3,20746290,6423,3,2,5,1,8,1,0,8,0,6,2,0.3333,0,3,2,2,0.3333,1
1105,3216,2,6030000,1875,1,0,4,1,7,1,4,12,2,3,1,0.1667,1,0,2,1,0.1667,1
2947,740,4,1560660,2109,2,1,4,4,10,0,0,9,0,1,10,0.1778,0,1,2,0,0.1778,1
4926,1874,2,7274868,3882,0,2,4,3,9,1,0,6,3,1,7,0.6778,0,1,2,0,0.6778,2
805,3807,5,4865346,1278,1,3,3,4,9,3,4,18,2,10,9,0.3444,0,1,2,0,0.3444,2
2896,1232,4,4866400,3950,1,2,3,3,8,2,3,16,3,8,10,0.1778,0,4,1,0,0.1245,2
1803,3356,1,24995488,7448,3,0,3,1,6,0,1,4,1,8,4,0.6667,0,0,0,0,0.2667,1
1324,1964,4,13335560,6790,3,3,6,2,10,2,2,15,2,0,12,0.0,0,4,2,0,0.0,2
729,3415,2,14534240,4256,3,1,3,3,8,2,4,13,1,9,3,0.5,0,1,2,0,0.5,1
3137,2727,1,1287144,472,0,1,6,2,10,1,3,9,3,12,5,0.7556,0,2,2,1,0.7556,2
2435,3272,5,7584496,2318,2,2,2,4,8,0,2,16,0,0,4,0.6667,0,2,1,1,0.4667,2
2190,2643,5,3988287,1509,0,0,5,1,8,3,3,16,3,4,12,0.0,1,5,3,0,0.0,2
1778,2534,2,2412368,952,2,0,2,2,6,2,5,14,1,1,12,0.0,0,3,2,2,0.0,1
3451,1724,2,1475744,856,2,2,3,3,8,2,1,8,2,2,5,0.7556,1,0,2,1,0.7556,2
2561,2872,1,13934944,4852,0,2,4,4,10,1,5,14,1,4,1,0.1667,1,3,2,2,0.1667,2
3546,923,5,1052220,1140,2,2,1,4,7,3,2,16,2,6,12,0.0,0,0,2,1,0.0,1
2766,781,1,1911888,2448,0,1,2,1,5,0,1,5,0,0,3,0.5,0,2,1,1,0.35,1
3719,3806,1,2192256,576,2,0,3,4,9,2,4,10,2,4,10,0.1778,1,4,2,0,0.1778,2
3813,1795,3,1313940,732,0,1,1,4,7,0,2,11,0,0,4,0.6667,0,4,2,0,0.6667,2
2270,533,1,1630980,3060,3,1,6,2,10,1,3,9,3,2,2,0.3333,1,5,3,0,0.4333,2
4679,3604,4,15983740,4435,2,2,5,2,9,2,1,12,2,7,1,0.1667,0,1,2,0,0.1667,1
1284,480,4,1044960,2177,2,3,1,3,6,2,3,17,2,1,8,0.5111,0,1,2,0,0.5111,2
2857,3493,3,20671574,5918,0,0,3,4,9,1,4,14,0,6,4,0.6667,0,0,2,1,0.6667,2
2203,3395,1,4861640,1432,0,1,2,4,8,2,2,7,3,9,5,0.7556,0,4,2,0,0.7556,2
4650,636,3,635364,999,1,0,4,4,10,3,3,12,1,6,11,0.0889,0,0,2,1,0.0889,1
3047,3300,5,1164900,353,1,3,2,4,8,1,0,13,0,7,11,0.0889,0,4,3,0,0.1156,2
4318,1937,1,4346628,2244,3,0,4,1,7,3,0,2,2,8,12,0.0,0,0,0,0,0.0,0
2846,2791,1,6380226,2286,1,1,5,2,9,2,5,13,2,1,6,0.8444,0,3,2,2,0.8444,2
3651,1033,4,2459573,2381,3,0,4,1,7,2,4,16,1,12,3,0.5,0,0,2,0,0.5,2
4244,3015,4,12195675,4045,1,3,1,4,7,0,1,13,0,2,11,0.0889,1,4,2,0,0.0889,1
2096,1086,1,9755538,8983,2,3,3,3,8,0,0,5,0,6,11,0.0889,0,1,2,0,0.0889,0
1187,1242,2,550206,443,0,0,2,2,6,1,1,6,0,6,10,0.1778,0,2,2,2,0.1778,1
3311,1292,5,1149880,890,2,2,3,4,9,0,1,14,0,11,12,0.0,2,5,3,0,0.0,2
1033,3934,1,9256702,2353,2,2,1,2,5,1,0,4,3,6,12,0.0,0,1,2,0,0.0,1
994,1595,3,3067185,1923,1,3,5,4,11,3,2,13,3,4,11,0.0889,1,1,2,0,0.0889,1
4368,2834,4,12254216,4324,0,0,2,4,8,1,5,18,0,8,11,0.0889,0,0,0,0,0.0356,1
1208,2227,5,6665411,2993,1,1,1,4,7,1,3,17,3,0,1,0.1667,0,1,1,0,0.1167,1
1617,3890,5,4695230,1207,2,1,3,3,8,0,5,18,2,12,1,0.1667,0,4,2,0,0.1667,2
2833,1376,1,645344,469,1,1,3,3,8,1,5,13,1,4,10,0.1778,1,1,2,0,0.1778,2
798,3648,4,8014656,2197,0,2,3,1,6,1,3,16,0,3,12,0.0,1,3,2,2,0.0,2
2026,2828,2,3631152,1284,3,3,6,3,11,3,0,7,1,10,10,0.1778,0,1,2,0,0.1778,1
1368,3142,3,4225990,1345,3,3,4,4,10,2,2,13,3,12,4,0.6667,0,0,2,0,0.6667,2
3570,2544,5,8443536,3319,2,2,6,4,12,1,4,18,0,3,9,0.3444,1,3,2,2,0.3444,2
2440,2310,1,1785630,773,2,2,5,2,9,0,1,6,2,0,12,0.0,0,2,1,1,0.0,1
2167,2210,3,2320500,1050,3,0,5,3,10,0,5,16,0,3,8,0.5111,1,0,2,1,0.5111,2
3170,1931,3,778193,403,1,2,2,4,8,0,4,16,0,4,3,0.5,1,1,2,0,0.5,2
1907,859,4,5286286,6154,3,0,5,4,11,0,0,8,3,3,1,0.1667,1,1,2,1,0.1667,2
4866,1753,3,3809269,2173,0,3,5,1,8,3,5,18,3,3,9,0.3444,1,0,2,1,0.3444,2
4292,2803,5,1404303,501,0,3,4,1,7,3,4,18,3,6,1,0.1667,0,1,2,0,0.1667,2
3638,3523,5,4555239,1293,1,2,4,2,8,3,5,18,2,6,3,0.5,0,2,2,2,0.5,2
4297,1370,4,915160,668,1,3,6,2,10,3,5,18,3,10,1,0.1667,0,0,2,0,0.1667,2
3239,1165,5,495125,425,3,0,3,4,9,0,3,16,1,3,4,0.6667,1,1,2,1,0.6667,2
2644,2363,3,17982430,7610,2,2,3,3,8,2,4,16,1,6,12,0.0,0,0,2,1,0.0,1
2357,1022,4,3700662,3621,1,1,3,3,8,0,1,11,0,6,7,0.6778,0,1,2,0,0.6778,2
3483,3932,2,25860764,6577,0,0,3,2,7,0,0,4,1,0,5,0.7556,0,1,1,0,0.5289,1
3632,1524,4,2506980,1645,3,0,5,1,8,2,4,16,0,3,1,0.1667,1,3,2,2,0.1667,2
3814,1156,1,5562672,4812,0,3,6,2,10,0,5,15,2,6,8,0.5111,0,0,2,1,0.5111,2
4071,856,5,4860368,5678,1,2,3,1,6,2,5,18,2,7,12,0.0,0,2,2,1,0.0,2
4588,2206,1,3500922,1587,1,0,5,1,8,2,5,12,0,1,9,0.3444,0,2,2,1,0.3444,1
1202,3587,5,27935556,7788,0,1,4,4,10,2,3,17,1,9,2,0.3333,0,0,2,1,0.3333,1
1237,552,2,3781752,6851,1,1,3,2,7,2,5,15,0,3,2,0.3333,1,3,2,2,0.3333,2
1462,500,1,1592000,3184,2,1,5,1,8,2,5,13,2,10,5,0.7556,0,0,2,0,0.7556,2
2288,1310,4,5893690,4499,1,1,6,2,10,3,3,15,0,6,1,0.1667,0,3,2,2,0.1667,1
802,1982,3,1900738,959,1,3,2,3,7,0,3,15,3,5,4,0.6667,2,4,3,0,0.8667,2
2160,1384,1,7221712,5218,2,1,1,2,5,2,4,11,2,0,3,0.5,0,2,1,1,0.35,1
3771,1394,4,3132318,2247,2,3,6,3,11,3,3,17,1,3,3,0.5,1,0,2,1,0.5,2
4809,2991,2,8425647,2817,2,0,1,1,4,0,5,14,3,6,12,0.0,0,3,2,2,0.0,1
2807,2924,1,6657948,2277,2,3,6,3,11,2,5,15,3,0,5,0.7556,0,4,2,0,0.7556,2
4501,412,5,908460,2205,0,2,1,3,6,1,2,16,1,6,12,0.0,0,4,2,0,0.0,1
3005,3149,5,2909676,924,1,2,6,1,9,2,5,18,0,9,3,0.5,0,0,2,1,0.5,2
1154,406,4,1762040,4340,3,1,4,2,8,2,4,17,3,7,2,0.3333,0,2,2,1,0.3333,2
1816,732,1,321348,439,3,0,2,4,8,2,2,6,0,6,5,0.7556,0,2,2,2,0.7556,2
4101,3214,3,2802608,872,0,2,1,4,7,0,1,10,1,7,1,0.1667,0,4,3,0,0.2167,1
4236,2653,5,1456497,549,2,2,4,3,9,2,5,18,2,6,9,0.3444,0,0,2,1,0.3444,2
968,3448,5,28921824,8388,3,2,6,3,11,1,1,14,2,2,7,0.6778,1,0,2,1,0.6778,2
4869,2323,4,4004852,1724,0,0,4,1,7,2,2,12,2,9,2,0.3333,0,1,2,0,0.3333,1
3160,1095,3,468660,428,2,0,4,1,7,2,1,8,2,6,1,0.1667,0,0,2,1,0.1667,1
2925,3261,5,7454646,2286,2,3,6,4,12,2,3,18,2,6,10,0.1778,0,1,2,0,0.1778,1
3466,1136,5,7202240,6340,3,2,3,1,6,3,4,18,3,9,3,0.5,0,1,2,0,0.5,2
1111,3455,5,1934800,560,3,1,6,3,11,2,2,15,3,6,8,0.5111,0,4,2,0,0.5111,2
2437,1423,1,1395963,981,1,3,3,1,6,3,5,15,2,4,2,0.3333,1,5,3,0,0.4333,2
3200,3209,3,5676721,1769,0,3,1,2,5,0,2,13,3,1,4,0.6667,0,3,2,2,0.6667,2
3948,3566,4,15212556,4266,0,0,3,1,6,2,4,16,3,6,8,0.5111,0,3,2,2,0.5111,2
1965,2764,1,7993488,2892,2,1,1,3,6,0,4,11,0,9,11,0.0889,0,4,2,0,0.0889,1
2221,3857,5,19855836,5148,2,3,3,1,6,1,4,18,1,12,9,0.3444,0,1,2,0,0.3444,2
3109,3631,3,8434813,2323,0,2,2,3,7,2,5,18,2,7,5,0.7556,0,0,2,0,0.7556,2
2896,2770,4,22464700,8110,3,1,1,4,7,1,0,9,3,12,10,0.1778,0,4,2,0,0.1778,1
792,726,3,1475232,2032,0,1,1,2,5,2,1,9,2,5,8,0.5111,2,5,3,0,0.6644,2
2071,1417,4,3346954,2362,2,0,1,4,7,1,3,14,0,3,9,0.3444,1,2,2,2,0.3444,2
3566,3887,5,18385510,4730,3,0,1,4,7,0,4,18,2,8,9,0.3444,0,1,1,0,0.2411,2
3323,3799,5,9250565,2435,2,3,3,2,7,2,3,18,2,8,11,0.0889,0,4,1,0,0.0622,1
1720,2081,5,17284786,8306,0,3,3,1,6,1,1,15,3,4,2,0.3333,1,1,2,0,0.3333,2
1683,1651,2,1898650,1150,3,2,1,2,5,0,0,6,0,7,1,0.1667,0,2,2,1,0.1667,1
2393,3260,1,5506140,1689,1,1,4,3,9,3,1,5,1,7,10,0.1778,0,2,2,1,0.1778,1
3747,915,4,1841895,2013,2,2,3,4,9,3,2,14,2,0,1,0.1667,0,4,2,0,0.1667,2
3552,1049,4,4118374,3926,1,1,3,4,9,0,4,17,3,7,5,0.7556,0,4,3,0,0.9823,2
4783,2541,5,7193571,2831,2,3,1,3,6,1,5,18,0,1,4,0.6667,0,3,2,2,0.6667,2
2317,3943,5,6229940,1580,0,3,3,1,6,3,5,18,0,0,2,0.3333,0,0,1,0,0.2333,1
4618,3330,2,5521140,1658,1,2,6,1,9,3,4,14,3,0,9,0.3444,0,4,2,0,0.3444,2
3132,1221,5,525030,430,2,1,4,2,8,1,1,13,3,9,2,0.3333,0,0,2,1,0.3333,2
2034,2302,4,10147216,4408,1,1,6,3,11,3,1,11,2,11,12,0.0,2,1,2,0,0.0,2
2426,2856,2,3701376,1296,1,2,3,2,7,0,2,10,0,13,10,0.1778,0,1,2,0,0.1778,1
4956,3236,4,5963948,1843,0,0,6,1,9,3,1,10,2,10,4,0.6667,0,0,2,0,0.6667,2
2240,444,5,698856,1574,1,2,6,1,9,3,4,18,3,3,6,0.8444,1,1,2,1,0.8444,2
4932,3802,3,1748920,460,2,2,5,2,9,0,4,16,1,10,12,0.0,0,2,2,1,0.0,2
3086,3809,5,8071271,2119,3,3,3,4,9,1,2,17,2,12,11,0.0889,0,4,2,0,0.0889,2
1980,2817,3,13279338,4714,0,1,2,1,5,1,5,17,2,13,11,0.0889,0,0,2,0,0.0889,1
3591,1233,4,8997201,7297,0,0,2,3,7,2,4,16,3,5,9,0.3444,2,5,3,0,0.4477,2
4438,3813,2,3282993,861,1,0,5,2,9,1,0,4,0,0,12,0.0,0,1,1,0,0.0,0
4814,2169,2,8430903,3887,1,1,5,1,8,0,3,11,0,10,8,0.5111,0,2,2,1,0.5111,1
4319,3535,3,2916375,825,0,2,6,3,11,2,0,8,3,7,4,0.6667,0,2,2,1,0.6667,2
4586,2996,1,10773616,3596,3,3,4,4,10,1,0,5,0,8,5,0.7556,0,0,0,0,0.3022,1
2703,3142,2,15116162,4811,3,1,6,3,11,3,1,7,1,9,4,0.6667,0,2,2,1,0.6667,2
2952,1911,4,3520062,1842,0,1,6,1,9,1,4,17,2,9,3,0.5,0,1,2,0,0.5,2
4392,3016,2,7178080,2380,1,1,5,4,11,0,2,9,0,11,7,0.6778,2,5,3,0,0.8811,2
3107,992,2,1217184,1227,0,0,6,3,11,3,2,8,0,8,11,0.0889,0,4,1,0,0.0622,0
4498,3208,2,7724864,2408,1,1,1,4,7,3,3,11,3,9,9,0.3444,0,0,2,1,0.3444,1
3769,3400,1,27601200,8118,1,0,2,4,8,3,3,8,0,0,3,0.5,0,2,1,1,0.35,1
4918,1359,1,4843476,3564,1,0,2,1,5,2,0,2,1,4,10,0.1778,1,4,2,0,0.1778,1
2171,3415,2,6078700,1780,3,1,3,4,9,2,5,15,2,6,8,0.5111,0,0,2,1,0.5111,2
4362,1681,4,3899920,2320,0,0,3,1,6,2,5,18,2,7,7,0.6778,0,1,2,0,0.6778,2
3703,830,5,515430,621,1,2,1,2,5,1,5,18,2,6,5,0.7556,0,1,2,0,0.7556,2
4157,2141,2,8137941,3801,1,3,5,1,8,3,5,17,1,6,11,0.0889,0,0,2,1,0.0889,1
1141,1166,2,1494812,1282,1,1,2,3,7,0,4,13,1,10,9,0.3444,0,0,2,0,0.3444,1
4200,3278,1,2773188,846,0,1,1,4,7,1,5,13,1,9,12,0.0,0,2,2,1,0.0,1
2541,587,3,518908,884,3,0,2,3,7,3,5,16,0,2,11,0.0889,1,1,2,1,0.0889,1
4675,523,3,1686152,3224,3,3,4,1,7,2,2,13,1,9,4,0.6667,0,2,2,1,0.6667,2
2153,1045,3,1474495,1411,1,3,3,2,7,0,2,13,1,6,11,0.0889,0,3,2,2,0.0889,1
1881,1268,3,899012,709,2,3,3,3,8,1,5,18,2,7,4,0.6667,0,4,3,0,0.8667,2
2359,3289,2,18938062,5758,2,2,1,1,4,3,5,16,2,12,1,0.1667,0,2,2,1,0.1667,1
923,3668,3,4126500,1125,0,3,5,4,11,3,5,18,0,8,6,0.8444,0,4,1,0,0.5911,2
1594,1890,4,6269130,3317,0,2,4,4,10,3,2,14,2,7,5,0.7556,0,0,2,0,0.7556,2
4516,3791,5,28944285,7635,3,2,3,1,6,1,3,18,1,2,2,0.3333,1,1,2,1,0.3333,2
4814,1463,4,2427117,1659,0,3,6,3,11,0,1,13,1,2,1,0.1667,1,0,2,1,0.1667,1
4141,760,3,2897120,3812,3,1,3,2,7,0,1,9,1,8,10,0.1778,0,1,1,0,0.1245,1
4599,3447,3,9496485,2755,3,1,6,3,11,0,1,9,2,6,6,0.8444,0,1,2,0,0.8444,2
2378,1064,1,8556688,8042,0,3,1,4,7,0,0,5,1,4,12,0.0,1,5,3,0,0.0,1
3993,2748,1,13696032,4984,1,1,6,4,12,0,2,7,3,5,2,0.3333,2,5,3,0,0.4333,2
2749,2457,1,2029482,826,1,1,2,3,7,0,1,5,2,0,6,0.8444,0,4,2,0,0.8444,2
1850,3313,5,5804376,1752,3,2,4,2,8,2,2,16,2,1,10,0.1778,0,4,2,0,0.1778,2
3648,3522,3,14672652,4166,3,2,5,2,9,2,4,16,3,10,3,0.5,0,0,2,0,0.5,2
2463,765,1,4911300,6420,1,0,6,3,11,2,5,12,3,12,12,0.0,0,1,2,0,0.0,1
4087,1325,5,1314400,992,1,1,4,4,10,0,0,11,1,12,1,0.1667,0,0,2,0,0.1667,1
4624,2855,1,3377465,1183,0,1,6,2,10,1,4,11,1,12,12,0.0,0,2,2,1,0.0,1
4208,2589,4,781878,302,2,3,4,3,9,2,5,18,1,6,6,0.8444,0,0,2,1,0.8444,2
2461,3029,2,2317185,765,3,3,5,1,8,1,2,11,1,6,2,0.3333,0,4,2,0,0.3333,1
4356,793,1,711321,897,1,0,4,1,7,3,1,4,3,13,10,0.1778,0,0,2,0,0.1778,1
4700,1855,5,4086565,2203,2,2,3,4,9,2,1,14,0,10,1,0.1667,0,4,2,0,0.1667,1
2715,3586,2,1617286,451,2,2,3,2,7,0,0,6,1,9,9,0.3444,0,0,2,1,0.3444,2
2636,1053,2,481221,457,0,3,4,3,9,2,2,11,3,9,7,0.6778,0,0,2,1,0.6778,2
2483,539,5,826826,1534,2,2,2,4,8,3,2,16,0,6,1,0.1667,0,2,2,2,0.1667,1
958,1900,3,1854400,976,1,2,4,3,9,3,2,12,3,7,12,0.0,0,1,2,0,0.0,1
2137,3668,5,7666120,2090,0,0,1,3,6,2,2,14,1,6,9,0.3444,0,0,2,1,0.3444,1
1931,3590,5,22322620,6218,2,1,6,3,11,1,4,18,0,3,1,0.1667,1,3,2,2,0.1667,2
1083,2407,4,21037180,8740,3,0,5,2,9,3,1,10,1,7,4,0.6667,0,0,2,0,0.6667,2
4064,2781,1,1532331,551,3,1,2,3,7,2,1,5,0,9,12,0.0,0,1,2,0,0.0,1
4514,3354,1,18899790,5635,1,1,1,1,4,0,1,5,0,13,3,0.5,0,2,2,1,0.5,1
1639,3124,4,20562168,6582,3,2,1,1,4,0,3,16,0,0,5,0.7556,0,0,1,0,0.5289,2
4617,3845,1,1891740,492,1,1,5,3,10,2,3,9,0,12,9,0.3444,0,2,2,1,0.3444,2
3991,2622,4,5891634,2247,1,3,6,3,11,3,0,11,0,2,8,0.5111,1,4,2,0,0.5111,2
4677,450,2,3358800,7464,0,2,3,4,9,0,3,12,3,0,6,0.8444,0,4,2,0,0.8444,2
1488,3621,4,30086889,8309,1,0,1,2,5,1,4,16,1,0,5,0.7556,0,2,1,1,0.5289,2
3187,689,5,659373,957,2,1,5,1,8,2,1,13,3,6,6,0.8444,0,0,2,1,0.8444,2
3378,1260,3,5455800,4330,1,2,1,3,6,2,3,14,2,5,3,0.5,2,1,2,0,0.5,2
3268,1263,4,2625777,2079,3,3,5,3,10,3,0,11,0,12,3,0.5,0,0,2,0,0.5,1
1155,3200,3,18275200,5711,2,1,1,2,5,1,3,13,3,11,11,0.0889,2,4,3,0,0.1156,2
3177,1184,2,590816,499,2,0,5,3,10,3,2,8,0,1,3,0.5,0,1,2,0,0.5,2
2977,489,5,486555,995,3,1,3,4,9,3,5,18,0,7,11,0.0889,0,2,2,1,0.0889,1
4716,2288,1,11579568,5061,1,1,5,2,9,2,5,13,0,0,3,0.5,0,1,1,0,0.35,1
1457,937,5,1265887,1351,2,0,2,1,5,3,3,16,3,1,11,0.0889,0,4,2,0,0.0889,2
2902,1473,2,1391985,945,3,1,5,3,10,0,1,7,0,0,2,0.3333,0,1,1,0,0.2333,1
4136,3892,3,1299928,334,0,2,2,3,7,3,2,12,0,3,9,0.3444,1,3,2,2,0.3444,2
2717,759,2,690690,910,2,3,4,3,9,0,5,17,3,9,3,0.5,0,0,2,1,0.5,2
1578,1219,5,5240481,4299,2,0,3,2,7,0,3,16,2,6,12,0.0,0,4,2,0,0.0,1
1615,2542,5,1060014,417,1,0,1,4,7,0,4,18,0,11,5,0.7556,2,5,3,0,0.9823,2
1944,421,3,3488827,8287,3,0,1,4,7,3,4,14,1,7,1,0.1667,0,4,3,0,0.2167,1
1671,1888,2,14632000,7750,1,0,1,2,5,3,0,4,0,0,12,0.0,0,1,1,0,0.0,0
4882,1278,1,3814830,2985,1,0,6,3,11,3,1,4,1,8,4,0.6667,0,0,0,0,0.2667,1
4467,3591,3,4643163,1293,1,2,5,1,8,3,1,10,0,13,1,0.1667,0,1,2,0,0.1667,1
627,2019,3,1389072,688,0,1,5,1,8,1,5,17,0,6,8,0.5111,0,0,2,1,0.5111,2
763,1726,2,6129026,3551,3,3,6,3,11,1,2,11,2,12,7,0.6778,0,0,2,0,0.6778,2
886,3078,2,8803080,2860,3,2,3,3,8,2,2,10,1,7,3,0.5,0,2,2,1,0.5,2
4693,1099,3,5155409,4691,0,1,2,3,7,2,3,13,3,0,12,0.0,0,4,2,0,0.0,1
3522,1128,1,1975128,1751,2,1,6,3,11,0,5,13,2,4,12,0.0,1,0,2,1,0.0,1
2864,1982,5,14954190,7545,1,1,6,2,10,3,2,15,3,9,5,0.7556,0,1,2,0,0.7556,2
2090,2694,2,5048556,1874,0,2,2,2,6,0,0,6,2,7,3,0.5,0,0,2,0,0.5,1
711,2470,1,5083260,2058,1,2,5,2,9,1,5,14,2,10,11,0.0889,0,0,2,0,0.0889,1
964,2917,4,10162828,3484,0,3,5,3,10,1,1,13,1,3,1,0.1667,1,3,2,2,0.1667,2
2758,1978,5,1234272,624,1,0,6,2,10,2,4,18,2,6,12,0.0,0,1,2,0,0.0,2
1929,1857,5,3845847,2071,1,1,6,4,12,0,3,17,2,6,7,0.6778,0,3,2,2,0.6778,2
2583,754,2,1284062,1703,1,0,6,2,10,3,1,6,0,11,10,0.1778,2,5,3,0,0.2311,1
2153,3210,1,13880040,4324,0,3,6,1,9,0,5,15,1,12,11,0.0889,0,1,2,0,0.0889,1
2174,3706,1,14471930,3905,2,2,5,1,8,2,4,12,0,1,4,0.6667,0,3,2,2,0.6667,2
2613,847,1,1419572,1676,3,1,2,1,5,1,5,13,3,6,11,0.0889,0,1,2,0,0.0889,1
4312,2442,3,4295478,1759,2,0,5,4,11,0,2,10,3,7,6,0.8444,0,1,2,0,0.8444,2
665,2843,3,2968092,1044,3,0,2,4,8,3,0,6,1,2,7,0.6778,1,4,2,0,0.6778,2
2776,1017,3,2195703,2159,0,1,3,2,7,0,4,15,2,4,3,0.5,1,3,2,2,0.5,2
4434,2477,2,12479126,5038,0,0,2,3,7,3,2,8,1,12,12,0.0,0,0,2,0,0.0,0
1579,2834,1,1252628,442,2,1,6,3,11,2,1,5,0,0,7,0.6778,0,1,1,0,0.4745,2
3761,3589,3,5925439,1651,2,2,5,1,8,3,1,10,2,7,5,0.7556,0,2,2,1,0.7556,2
2600,1817,2,3230626,1778,2,2,4,4,10,3,2,10,1,9,1,0.1667,0,2,2,1,0.1667,1
4219,1369,5,2009692,1468,0,3,4,1,7,0,1,15,2,4,3,0.5,1,4,2,0,0.5,2
2515,787,1,2586082,3286,3,1,1,2,5,1,1,5,0,6,6,0.8444,0,0,2,1,0.8444,1
4988,3706,5,18200166,4911,2,0,6,4,12,1,2,14,0,0,12,0.0,0,0,1,0,0.0,1
3819,3013,1,1735488,576,1,2,1,2,5,3,0,4,1,3,3,0.5,1,2,2,2,0.5,2
4408,888,3,1087800,1225,1,2,2,1,5,2,3,14,2,8,12,0.0,0,0,0,0,0.0,1
1725,2505,5,6037050,2410,1,3,4,4,10,2,5,18,2,6,2,0.3333,0,0,2,1,0.3333,2
2213,3906,2,30533202,7817,2,0,6,2,10,2,3,10,2,7,5,0.7556,0,4,3,0,0.9823,2
2091,857,2,692456,808,0,3,2,4,8,0,2,11,3,13,2,0.3333,0,2,2,1,0.3333,2
1440,1777,1,11705099,6587,3,2,6,4,12,1,2,8,0,1,1,0.1667,0,1,2,0,0.1667,1
1660,466,3,2044808,4388,1,1,4,2,8,0,1,9,3,11,3,0.5,2,5,3,0,0.65,2
968,2162,2,1212882,561,1,3,3,4,9,0,5,17,3,3,2,0.3333,1,3,2,2,0.3333,2
3013,1166,4,1019084,874,3,1,6,1,9,0,2,13,3,1,1,0.1667,0,1,2,0,0.1667,1
646,2564,5,1451224,566,1,3,4,1,7,2,4,18,3,12,8,0.5111,0,2,2,1,0.5111,2
2390,2338,1,3483620,1490,0,0,4,1,7,1,3,8,3,1,12,0.0,0,1,2,0,0.0,1
2733,3501,3,11416761,3261,3,2,5,2,9,3,3,14,2,5,4,0.6667,2,4,3,0,0.8667,2
4033,3599,3,6906481,1919,2,3,5,1,8,1,2,13,1,12,9,0.3444,0,0,2,0,0.3444,1
3804,655,2,477495,729,0,0,4,2,8,3,2,8,2,3,10,0.1778,1,3,2,2,0.1778,2
2180,3626,2,3466456,956,0,2,2,3,7,0,4,14,0,6,7,0.6778,0,3,2,2,0.6778,2
1911,960,4,3541440,3689,0,1,1,2,5,2,2,13,2,12,4,0.6667,0,2,2,1,0.6667,2
4644,945,5,2690415,2847,2,2,4,2,8,1,2,16,3,3,6,0.8444,1,3,2,2,0.8444,2
1444,3065,1,2418285,789,3,1,4,3,9,2,5,13,0,6,3,0.5,0,2,2,2,0.5,2
1999,3836,2,8212876,2141,1,2,2,2,6,3,2,10,2,6,2,0.3333,0,0,2,1,0.3333,1
2708,2338,5,6198038,2651,3,2,1,1,4,0,0,12,0,7,8,0.5111,0,0,2,0,0.5111,1
1307,2573,3,810495,315,0,0,6,1,9,1,2,10,3,11,3,0.5,2,5,3,0,0.65,2
636,1844,3,12284728,6662,3,0,6,3,11,1,5,16,1,3,3,0.5,1,3,2,2,0.5,2
1598,485,3,1948245,4017,2,2,3,4,9,0,1,10,1,6,8,0.5111,0,2,2,2,0.5111,2
4798,947,4,4709431,4973,2,2,2,3,7,0,2,14,0,5,3,0.5,2,5,3,0,0.65,2
4582,577,1,4301535,7455,2,1,6,3,11,1,1,5,3,1,2,0.3333,0,1,2,0,0.3333,1
2546,1700,2,8161700,4801,3,2,6,2,10,3,0,6,3,5,4,0.6667,2,4,3,0,0.8667,2
656,2453,5,18211072,7424,3,1,2,1,5,3,3,17,1,10,1,0.1667,0,2,2,1,0.1667,1
4024,852,2,1158720,1360,1,2,1,2,5,3,5,16,3,3,4,0.6667,1,0,2,1,0.6667,2
3451,1797,5,6688434,3722,1,2,6,2,10,2,3,18,2,8,3,0.5,0,0,0,0,0.2,2
3447,1026,5,1479492,1442,1,1,1,3,6,3,1,13,2,13,1,0.1667,0,2,2,1,0.1667,1
3431,2311,4,1675475,725,2,2,6,3,11,2,1,12,2,0,4,0.6667,0,1,1,0,0.4667,2
2309,1970,1,3258380,1654,1,0,5,1,8,2,5,12,1,10,1,0.1667,0,0,2,0,0.1667,1
2804,3726,5,3435372,922,0,0,3,4,9,0,3,16,2,13,10,0.1778,0,2,2,1,0.1778,2
1145,2199,5,1431549,651,3,3,5,1,8,1,5,18,1,3,1,0.1667,1,0,2,1,0.1667,2
3886,3793,5,3349219,883,3,3,5,4,11,0,4,18,1,8,5,0.7556,0,5,1,0,0.5289,2
1432,981,3,1644156,1676,1,0,5,1,8,3,2,10,3,0,10,0.1778,0,2,1,1,0.1245,1
1370,3035,2,11098995,3657,3,2,3,2,7,0,5,16,2,1,6,0.8444,0,1,2,0,0.8444,2
2909,2731,1,6737377,2467,1,0,1,3,6,0,1,4,3,13,1,0.1667,0,0,2,0,0.1667,1
1489,1649,3,8378569,5081,3,2,3,3,8,2,4,16,3,0,7,0.6778,0,0,1,0,0.4745,2
1257,2640,5,18635760,7059,2,0,3,3,8,0,0,10,2,6,11,0.0889,0,2,2,2,0.0889,1
4788,729,2,5638086,7734,1,1,5,1,8,0,5,15,3,9,4,0.6667,0,1,2,0,0.6667,2
2856,1472,2,3136832,2131,1,1,3,2,7,2,0,5,0,12,3,0.5,0,2,2,1,0.5,1
2787,1514,1,6902326,4559,1,3,4,2,8,0,3,11,2,9,3,0.5,0,1,2,0,0.5,2
4769,637,4,1357447,2131,3,1,5,2,9,2,4,17,0,10,4,0.6667,0,2,2,1,0.6667,2
2571,2975,3,7862925,2643,3,3,6,4,12,3,5,18,2,1,10,0.1778,0,2,2,1,0.1778,2
3875,628,1,2237564,3563,1,0,5,2,9,3,0,2,2,8,11,0.0889,0,0,0,0,0.0356,0
1995,1948,3,14463900,7425,0,3,3,4,9,0,0,9,0,5,6,0.8444,2,5,3,0,1.0,2
3227,3464,3,22377440,6460,2,1,3,2,7,3,3,13,1,4,3,0.5,1,4,2,0,0.5,2
3446,1133,5,1487629,1313,2,0,4,1,7,3,0,10,0,6,7,0.6778,0,3,2,2,0.6778,2
3304,2745,4,6437025,2345,2,0,6,4,12,3,4,16,0,0,10,0.1778,0,1,1,0,0.1245,1
3605,2964,3,8482968,2862,3,1,2,1,5,2,5,17,3,5,11,0.0889,2,5,3,0,0.1156,2
4042,731,1,638894,874,3,1,6,4,12,3,2,7,3,6,8,0.5111,0,1,2,0,0.5111,1
3832,2695,4,8314075,3085,3,2,4,1,7,3,3,16,1,11,5,0.7556,2,5,3,0,0.9823,2
1143,1880,1,16183040,8608,3,2,2,1,5,2,1,6,2,4,12,0.0,1,1,2,0,0.0,1
1203,3558,1,5447298,1531,1,1,5,2,9,0,0,3,0,1,11,0.0889,0,3,2,2,0.0889,1
1358,405,1,192780,476,2,0,5,1,8,2,3,8,2,7,3,0.5,0,0,2,0,0.5,2
3460,3024,2,12105072,4003,1,2,6,2,10,2,1,8,0,9,12,0.0,0,1,2,0,0.0,0
1477,533,1,1118234,2098,0,1,4,2,8,3,3,9,0,1,12,0.0,0,2,2,1,0.0,1
4019,2719,2,11525841,4239,1,1,2,2,6,1,4,13,0,10,10,0.1778,0,1,2,0,0.1778,1
3164,1482,4,5083260,3430,3,3,3,4,9,3,5,18,0,10,7,0.6778,0,1,2,0,0.6778,2
4213,2769,5,9146007,3303,0,2,1,4,7,3,1,14,0,6,11,0.0889,0,4,2,0,0.0889,1
3604,3689,5,26321015,7135,1,0,4,1,7,3,4,18,1,2,6,0.8444,1,4,2,0,0.8444,2
1764,1964,5,2201644,1121,1,2,2,3,7,2,1,14,1,0,1,0.1667,0,1,1,0,0.1167,1
1332,1864,1,5880920,3155,3,2,2,4,8,3,1,6,2,6,10,0.1778,0,1,2,0,0.1778,1
4318,3074,5,6851946,2229,1,2,1,1,4,3,3,18,1,0,7,0.6778,0,2,1,1,0.4745,2
4013,1739,3,8861944,5096,0,0,5,1,8,0,1,8,2,3,3,0.5,1,2,2,2,0.5,2
2114,2347,5,2415063,1029,0,0,3,4,9,2,4,18,3,10,4,0.6667,0,1,2,0,0.6667,2
1715,995,5,1551205,1559,3,0,6,1,9,2,2,14,2,0,3,0.5,0,1,1,0,0.35,2
3155,448,1,2182208,4871,1,2,6,2,10,3,1,6,1,10,5,0.7556,0,2,2,1,0.7556,2
1683,3965,2,2172820,548,1,0,5,4,11,1,4,12,3,4,10,0.1778,1,1,2,0,0.1778,2
1761,465,3,324570,698,1,1,3,3,8,0,2,11,1,3,9,0.3444,1,3,2,2,0.3444,2
619,2806,1,3294244,1174,3,2,3,2,7,2,2,8,2,6,11,0.0889,0,4,2,0,0.0889,1
2471,2004,5,2517024,1256,3,1,5,2,9,1,5,18,0,0,11,0.0889,0,2,1,1,0.0622,1
2829,607,1,3720910,6130,2,2,5,2,9,1,2,8,2,6,6,0.8444,0,3,2,2,0.8444,2
879,2519,1,22167200,8800,1,1,5,3,10,1,5,13,1,10,12,0.0,0,4,2,0,0.0,1
2456,531,1,3503007,6597,3,2,1,1,4,1,1,6,2,11,4,0.6667,2,5,3,0,0.8667,2
645,2334,5,18333570,7855,0,3,5,3,10,2,1,15,2,3,11,0.0889,1,2,2,2,0.0889,2
852,2004,5,735468,367,0,2,4,1,7,0,0,12,3,0,4,0.6667,0,0,1,0,0.4667,2
2779,2093,5,5052502,2414,0,1,4,4,10,1,2,15,0,3,5,0.7556,1,3,2,2,0.7556,2
2372,987,2,617862,626,2,2,1,2,5,2,1,8,2,2,9,0.3444,1,4,2,0,0.3444,2
4846,2620,3,2428740,927,3,2,2,1,5,1,0,8,0,2,8,0.5111,1,1,2,1,0.5111,2
2160,2017,2,3695144,1832,2,1,4,1,7,0,5,15,1,6,3,0.5,0,3,2,2,0.5,2
3993,2204,3,9668948,4387,3,0,5,1,8,0,4,14,3,1,1,0.1667,0,1,2,0,0.1667,1
3661,2487,5,7234683,2909,0,1,6,4,12,3,1,13,3,3,11,0.0889,1,3,2,2,0.0889,2
687,2407,3,763019,317,3,0,2,3,7,0,5,16,0,3,4,0.6667,1,3,2,2,0.6667,2
3955,470,5,4063620,8646,3,3,1,3,6,3,0,13,3,11,4,0.6667,2,5,3,0,0.8667,2
1593,3981,1,4693599,1179,2,1,5,3,10,0,5,13,0,8,2,0.3333,0,0,0,0,0.1333,0
1325,1176,1,5346096,4546,1,1,3,3,8,3,5,13,3,10,2,0.3333,0,4,2,0,0.3333,1
3581,3181,5,4186196,1316,2,1,3,1,6,2,0,11,1,6,10,0.1778,0,1,2,0,0.1778,1
3019,2193,5,9484725,4325,3,1,2,1,5,3,0,11,1,13,6,0.8444,0,4,2,0,0.8444,2
2497,1327,5,1524723,1149,1,1,1,2,5,2,4,18,1,1,9,0.3444,0,4,2,0,0.3444,2
4142,2662,1,5598186,2103,1,3,1,1,4,2,3,11,3,3,3,0.5,1,2,2,2,0.5,2
3507,2838,4,12129612,4274,2,0,4,4,10,2,1,10,2,4,12,0.0,1,0,2,1,0.0,1
1970,885,5,705345,797,2,1,4,1,7,1,4,18,1,0,2,0.3333,0,4,2,0,0.3333,2
2151,1733,1,4746687,2739,2,3,5,4,11,1,5,15,0,4,10,0.1778,1,5,3,0,0.2311,2
4394,624,1,3056352,4898,1,0,2,2,6,0,1,4,3,10,3,0.5,0,4,2,0,0.5,2
691,3632,2,2785744,767,0,2,1,1,4,3,1,8,1,4,3,0.5,1,0,2,1,0.5,2
4304,1639,5,14741166,8994,1,3,5,2,9,3,2,17,3,2,1,0.1667,1,0,2,1,0.1667,2
645,2843,4,1407285,495,2,3,6,1,9,3,1,13,2,12,9,0.3444,0,2,2,1,0.3444,2
3821,3717,5,7883757,2121,1,0,6,1,9,2,0,10,3,0,6,0.8444,0,1,1,0,0.5911,2
3584,1940,1,838080,432,3,0,5,4,11,1,0,2,2,10,10,0.1778,0,2,2,1,0.1778,2
4693,1604,1,1348964,841,3,0,2,4,8,0,0,2,2,2,1,0.1667,1,5,3,0,0.2167,2
2109,1454,5,9452454,6501,3,0,3,1,6,3,1,12,2,1,3,0.5,0,3,2,2,0.5,2
2705,3206,1,15241324,4754,0,2,5,3,10,0,1,6,2,1,8,0.5111,0,3,2,2,0.5111,2
2175,2812,1,1434120,510,1,2,2,4,8,3,0,4,0,12,1,0.1667,0,4,2,0,0.1667,1
2481,3943,1,1936013,491,0,0,4,1,7,0,4,10,3,5,10,0.1778,2,1,2,0,0.1778,2
4115,427,4,426146,998,3,1,3,2,7,0,1,11,2,7,11,0.0889,0,0,2,0,0.0889,1
1882,3204,2,1560348,487,2,2,5,3,10,1,5,16,3,9,2,0.3333,0,4,2,0,0.3333,2
2274,3934,4,5027652,1278,0,2,2,1,5,3,1,12,2,7,4,0.6667,0,1,2,0,0.6667,2
1746,988,1,1274520,1290,1,1,5,4,11,0,1,5,0,2,9,0.3444,1,4,2,0,0.3444,1
3626,1259,2,10653658,8462,0,2,3,3,8,0,0,6,3,7,4,0.6667,0,1,2,0,0.6667,2
1699,2635,3,4671855,1773,2,1,2,1,5,3,0,7,1,1,10,0.1778,0,4,2,0,0.1778,1
4925,1102,5,5617996,5098,3,3,1,3,6,3,3,18,1,0,3,0.5,0,1,1,0,0.35,2
1646,638,5,983158,1541,2,0,4,4,10,3,2,14,1,6,2,0.3333,0,1,2,0,0.3333,1
4560,1723,5,7383055,4285,0,1,3,2,7,0,2,15,1,10,7,0.6778,0,2,2,1,0.6778,2
2048,3794,2,14451346,3809,0,1,4,4,10,1,1,7,1,6,3,0.5,0,0,2,1,0.5,1
959,2009,4,15003212,7468,0,3,1,4,7,1,2,15,3,5,11,0.0889,2,1,2,0,0.0889,2
3308,801,2,4129956,5156,0,0,4,1,7,2,4,12,0,6,6,0.8444,0,3,2,2,0.8444,2
4339,1013,5,3891946,3842,0,1,4,3,9,3,2,15,2,6,11,0.0889,0,4,2,0,0.0889,1
1623,3269,1,12539884,3836,1,1,6,3,11,1,4,11,0,11,1,0.1667,2,5,3,0,0.2167,2
1401,3265,2,4192260,1284,3,3,6,2,10,3,3,13,3,7,2,0.3333,0,2,2,1,0.3333,1
1336,1698,4,2470590,1455,0,2,5,4,11,1,5,18,2,5,8,0.5111,2,4,3,0,0.6644,2
2363,1728,1,14338944,8298,3,0,5,2,9,2,0,2,3,7,4,0.6667,0,1,2,0,0.6667,2
1419,2114,4,2065378,977,1,0,5,2,9,3,2,12,3,1,2,0.3333,0,4,2,0,0.3333,2
3215,628,4,2674024,4258,0,0,5,4,11,3,2,12,2,8,3,0.5,0,5,1,0,0.35,2
3825,3516,5,14556240,4140,0,0,5,4,11,0,5,18,0,6,2,0.3333,0,1,2,0,0.3333,1
2250,902,1,3719848,4124,1,2,2,4,8,3,3,10,1,5,3,0.5,2,1,2,0,0.5,2
1729,2372,5,5801912,2446,0,1,5,4,11,2,1,13,3,12,1,0.1667,0,0,2,0,0.1667,1
1478,1007,1,305121,303,2,0,1,3,6,2,2,6,0,1,9,0.3444,0,1,2,0,0.3444,1
4043,1506,5,4271016,2836,2,3,4,1,7,1,2,17,1,8,3,0.5,0,0,0,0,0.2,1
4202,2394,4,5858118,2447,1,2,3,4,9,2,5,18,2,4,2,0.3333,1,0,2,1,0.3333,2
2666,2246,4,1987710,885,2,1,6,2,10,0,5,18,2,6,8,0.5111,0,1,2,0,0.5111,2
731,1471,3,542799,369,0,0,5,3,10,0,3,12,0,5,7,0.6778,2,4,3,0,0.8811,2
665,1006,5,552294,549,1,1,4,4,10,0,5,18,1,4,2,0.3333,1,3,2,2,0.3333,2
4478,2487,3,17640291,7093,2,3,6,3,11,2,4,17,1,13,11,0.0889,0,1,2,0,0.0889,1
4030,536,4,3136136,5851,2,0,5,2,9,2,2,12,1,4,11,0.0889,1,5,3,0,0.1156,2
1802,2805,3,18919725,6745,0,1,2,4,8,0,1,9,3,0,2,0.3333,0,2,1,1,0.2333,1
4588,1702,4,5643832,3316,1,2,4,3,9,2,0,10,2,12,1,0.1667,0,4,2,0,0.1667,1
3200,3792,2,2889504,762,3,0,2,3,7,3,2,8,3,1,4,0.6667,0,4,2,0,0.6667,2
3411,950,3,1508600,1588,3,0,6,1,9,3,2,10,0,13,4,0.6667,0,2,2,1,0.6667,2
644,746,2,522200,700,1,3,1,2,5,2,5,17,2,9,9,0.3444,0,2,2,1,0.3444,2
3015,953,5,7146547,7499,3,0,3,3,8,0,1,12,1,1,2,0.3333,0,3,2,2,0.3333,2
2981,1796,3,5122192,2852,0,0,3,2,7,3,2,10,3,12,11,0.0889,0,2,2,1,0.0889,1
1737,2961,2,12143061,4101,1,0,6,4,12,1,0,4,1,6,3,0.5,0,0,2,1,0.5,1
4214,1358,4,4645718,3421,3,3,1,3,6,0,0,11,3,6,7,0.6778,0,3,2,2,0.6778,2
3749,1947,3,4690323,2409,2,2,6,4,12,3,5,18,2,2,7,0.6778,1,5,3,0,0.8811,2
4560,3032,2,6567312,2166,3,0,5,4,11,2,2,8,2,6,1,0.1667,0,2,2,2,0.1667,1
1490,1734,1,3383034,1951,2,3,3,1,6,0,2,9,1,13,4,0.6667,0,2,2,1,0.6667,2
1733,1306,4,8712326,6671,2,2,6,3,11,1,0,10,3,7,8,0.5111,0,2,2,1,0.5111,2
4323,2490,1,4658790,1871,3,2,1,3,6,1,4,12,2,8,11,0.0889,0,1,1,0,0.0622,1
4595,2693,2,6325857,2349,1,0,4,1,7,3,0,4,2,7,2,0.3333,0,4,3,0,0.4333,1
907,1746,3,2374560,1360,3,1,1,3,6,3,2,11,3,10,5,0.7556,0,0,2,0,0.7556,2
4624,1679,4,4148809,2471,2,2,1,2,5,0,5,18,2,9,12,0.0,0,4,2,0,0.0,2
3287,3556,2,7033768,1978,3,2,6,1,9,0,5,16,1,0,2,0.3333,0,1,1,0,0.2333,1
4416,3126,1,12263298,3923,2,2,2,1,5,3,3,10,0,4,4,0.6667,1,4,2,0,0.6667,2
2065,3738,4,3521196,942,0,0,4,4,10,0,4,16,1,9,6,0.8444,0,4,2,0,0.8444,2
3406,907,4,6447863,7109,1,3,6,4,12,1,4,18,3,6,4,0.6667,0,3,2,2,0.6667,2
1431,1131,3,4569240,4040,2,3,6,3,11,1,5,18,1,1,5,0.7556,0,4,2,0,0.7556,2
2948,3151,3,1263551,401,2,3,3,1,6,3,1,11,0,6,12,0.0,0,2,2,2,0.0,2
1372,2366,3,1227954,519,1,3,5,4,11,2,5,18,3,4,6,0.8444,1,4,2,0,0.8444,2
3062,854,3,1915522,2243,2,2,1,1,4,2,0,8,1,6,3,0.5,0,3,2,2,0.5,2
2321,2426,2,5271698,2173,0,2,3,1,6,2,5,16,0,6,6,0.8444,0,3,2,2,0.8444,2
4534,1591,4,2106484,1324,1,0,4,3,9,0,5,18,2,5,11,0.0889,2,4,3,0,0.1156,2
3237,3237,3,6461052,1996,1,2,6,2,10,3,3,14,0,7,2,0.3333,0,1,2,0,0.3333,1
1681,3048,5,4218432,1384,0,0,4,2,8,0,4,18,1,1,9,0.3444,0,4,2,0,0.3444,2
4704,2962,1,13198672,4456,0,1,6,3,11,2,2,7,3,7,6,0.8444,0,1,2,0,0.8444,2
3404,3883,2,2850122,734,2,1,4,1,7,0,4,13,2,5,12,0.0,2,5,3,0,0.0,2
1429,901,1,2571454,2854,1,0,6,1,9,3,5,12,3,0,12,0.0,0,2,1,1,0.0,1
2872,1013,3,1801114,1778,2,2,3,1,6,2,5,18,3,6,10,0.1778,0,4,2,0,0.1778,2
1338,2295,5,6965325,3035,1,3,2,1,5,1,5,18,0,6,10,0.1778,0,0,2,1,0.1778,1
3829,1899,3,7926426,4174,1,0,6,1,9,2,1,8,2,5,12,0.0,2,4,3,0,0.0,2
4490,641,3,1307640,2040,3,3,2,2,6,2,0,9,0,5,4,0.6667,2,4,3,0,0.8667,2
4776,2631,3,5706639,2169,2,2,5,2,9,1,5,18,0,9,2,0.3333,0,2,2,1,0.3333,1
2702,1490,1,7295040,4896,2,1,3,4,9,3,3,9,2,6,4,0.6667,0,2,2,2,0.6667,2
2903,1809,1,4086531,2259,3,0,4,2,8,3,1,4,1,10,5,0.7556,0,0,2,0,0.7556,1
2020,1200,3,8595600,7163,1,3,6,2,10,1,5,18,0,12,5,0.7556,0,2,2,1,0.7556,2
3438,3860,5,16895220,4377,3,3,4,4,10,1,2,17,3,4,9,0.3444,1,3,2,2,0.3444,2
788,1840,5,9163200,4980,1,3,4,1,7,3,5,18,2,11,2,0.3333,2,4,3,0,0.4333,2
1211,2909,4,7737940,2660,2,2,4,4,10,3,4,18,1,6,8,0.5111,0,2,2,2,0.5111,2
4869,3352,3,10129744,3022,1,3,6,4,12,1,2,13,0,8,9,0.3444,0,0,0,0,0.1378,1
2293,487,2,286356,588,0,3,6,4,12,1,0,7,0,11,2,0.3333,2,4,3,0,0.4333,2
3384,3576,4,7548936,2111,0,2,5,1,8,2,2,14,3,6,9,0.3444,0,4,2,0,0.3444,2
1271,408,3,1887000,4625,2,2,1,1,4,0,5,18,3,0,2,0.3333,0,1,1,0,0.2333,2
1775,1479,2,6417381,4339,0,2,2,1,5,2,1,8,2,1,2,0.3333,0,1,2,0,0.3333,1
4659,730,5,1767330,2421,2,3,4,2,8,3,2,17,1,3,4,0.6667,1,3,2,2,0.6667,2
2831,2616,1,8627568,3298,3,0,6,4,12,3,3,8,3,12,4,0.6667,0,4,2,0,0.6667,2
2763,1360,5,3561840,2619,0,1,1,1,4,2,4,18,2,4,2,0.3333,1,4,2,0,0.3333,2
4982,3519,1,25604244,7276,2,1,3,2,7,1,4,11,0,0,2,0.3333,0,1,1,0,0.2333,1
4396,2151,1,1346526,626,0,1,2,3,7,0,0,3,0,6,1,0.1667,0,1,2,0,0.1667,1
3103,2364,3,10042272,4248,2,3,5,3,10,0,1,11,2,6,2,0.3333,0,2,2,2,0.3333,1
899,431,1,490047,1137,1,0,4,4,10,0,2,6,3,2,3,0.5,1,1,2,1,0.5,2
784,888,2,816072,919,0,3,6,3,11,2,4,15,3,12,10,0.1778,0,1,2,0,0.1778,2
4221,2969,5,9946150,3350,0,1,2,2,6,2,3,17,0,8,2,0.3333,0,0,0,0,0.1333,1
1596,1245,5,7309395,5871,1,2,2,3,7,1,4,18,2,8,3,0.5,0,4,1,0,0.35,2
3315,3039,5,9229443,3037,0,2,3,4,9,0,2,16,0,6,6,0.8444,0,3,2,2,0.8444,2
3145,3654,4,8893836,2434,3,3,6,2,10,2,3,17,0,10,12,0.0,0,4,2,0,0.0,1
1244,2729,1,8102401,2969,2,2,4,4,10,0,0,4,2,6,3,0.5,0,0,2,1,0.5,1
908,3668,2,6624408,1806,0,3,5,3,10,2,5,17,1,4,6,0.8444,1,3,2,2,0.8444,2
2178,1832,2,10052184,5487,0,3,3,4,9,1,3,13,3,8,8,0.5111,0,0,0,0,0.2044,1
3276,2033,2,2854332,1404,1,0,5,3,10,1,5,14,0,6,12,0.0,0,2,2,2,0.0,1
642,3945,2,2351220,596,2,2,4,1,7,3,4,14,0,3,5,0.7556,1,3,2,2,0.7556,2
4290,2516,1,862988,343,3,0,3,2,7,1,0,2,3,2,7,0.6778,1,4,2,0,0.6778,2
800,1707,3,998595,585,3,3,2,2,6,2,2,13,2,7,11,0.0889,0,1,2,0,0.0889,1
622,3945,3,13902180,3524,2,3,6,1,9,0,1,11,2,8,6,0.8444,0,0,0,0,0.3378,1
4986,470,4,266960,568,1,1,1,2,5,0,0,9,2,7,12,0.0,0,1,2,0,0.0,1
4875,3045,5,12201315,4007,1,3,1,3,6,1,5,18,2,4,5,0.7556,1,5,3,0,0.9823,2
1213,2275,5,4133675,1817,3,3,6,3,11,0,3,18,2,7,12,0.0,0,0,2,0,0.0,1
3754,1668,2,2687148,1611,0,0,6,2,10,0,3,10,3,7,12,0.0,0,4,3,0,0.0,1
1505,756,2,3392928,4488,3,1,3,3,8,1,0,5,2,2,5,0.7556,1,1,2,1,0.7556,2
2778,3481,5,6349344,1824,3,3,1,4,7,3,1,15,3,4,2,0.3333,1,1,2,0,0.3333,2
4132,1335,1,1022610,766,1,3,2,2,6,2,1,7,1,1,3,0.5,0,1,2,0,0.5,2
2669,2514,4,6274944,2496,3,2,3,4,9,3,0,10,2,0,4,0.6667,0,4,2,0,0.6667,2
2954,575,1,1543875,2685,1,3,3,2,7,2,3,11,3,1,9,0.3444,0,1,2,0,0.3444,1
4805,1166,3,1274438,1093,3,3,6,1,9,1,1,11,1,7,5,0.7556,0,0,2,0,0.7556,2
1486,1586,4,3693794,2329,1,1,1,3,6,1,2,13,0,4,12,0.0,1,5,3,0,0.0,1
2784,1174,1,442598,377,1,1,5,1,8,1,1,5,3,6,3,0.5,0,3,2,2,0.5,2
4920,1544,1,870816,564,2,2,5,4,11,3,4,12,2,6,11,0.0889,0,0,2,1,0.0889,1
3859,1023,1,6570729,6423,3,2,4,4,10,2,5,14,3,4,5,0.7556,1,1,2,0,0.7556,2
1257,3485,2,11869910,3406,3,1,5,2,9,0,1,7,0,10,2,0.3333,0,2,2,1,0.3333,1
4566,2126,3,5368150,2525,1,3,1,4,7,0,3,15,1,6,7,0.6778,0,3,2,2,0.6778,2
3648,1021,2,508458,498,1,0,4,2,8,0,0,4,3,1,1,0.1667,0,3,2,2,0.1667,2
1130,3881,3,19218712,4952,1,1,5,2,9,2,5,17,2,5,12,0.0,2,5,3,0,0.0,2
1485,3894,4,15322890,3935,2,2,5,3,10,2,0,10,1,1,8,0.5111,0,4,2,0,0.5111,2
2138,3012,2,14439528,4794,1,0,1,1,4,1,3,10,2,7,7,0.6778,0,0,2,0,0.6778,2
4669,3356,4,7671816,2286,3,1,5,3,10,3,5,18,0,11,4,0.6667,2,5,3,0,0.8667,2
3757,457,5,270087,591,1,0,1,3,6,3,0,10,3,3,7,0.6778,1,1,2,1,0.6778,2
1518,2648,2,3995832,1509,1,2,2,4,8,1,4,14,3,9,12,0.0,0,1,2,0,0.0,1
1294,3679,1,3263273,887,0,0,3,3,8,2,0,2,2,1,12,0.0,0,1,2,0,0.0,1
2003,836,2,7141948,8543,0,0,5,1,8,1,3,10,0,0,7,0.6778,0,4,2,0,0.6778,2
2079,1190,1,4107880,3452,0,2,5,1,8,0,2,8,1,8,2,0.3333,0,0,0,0,0.1333,0
3405,3890,4,5348750,1375,3,1,4,3,9,2,3,15,0,8,10,0.1778,0,5,1,0,0.1245,1
3481,3103,3,2618932,844,2,3,3,4,9,3,2,13,2,0,11,0.0889,0,1,1,0,0.0622,1
2114,1947,2,1475826,758,2,3,3,2,7,3,0,7,0,5,10,0.1778,2,1,2,0,0.1778,2
3777,694,4,898730,1295,0,2,2,1,5,3,3,16,2,6,12,0.0,0,3,2,2,0.0,2
837,1209,1,7927413,6557,0,1,6,3,11,1,0,3,2,11,11,0.0889,2,5,3,0,0.1156,2
4116,2555,1,1402695,549,0,0,4,3,9,1,5,12,2,11,7,0.6778,2,4,3,0,0.8811,2
1174,3871,1,17040142,4402,0,0,4,4,10,3,4,10,3,2,11,0.0889,1,1,2,1,0.0889,1
4679,1556,1,10159124,6529,1,2,4,2,8,0,5,14,1,6,10,0.1778,0,3,2,2,0.1778,1
2849,3292,1,4203884,1277,3,1,1,2,5,3,0,3,1,4,1,0.1667,1,1,2,0,0.1667,1
1623,475,2,2628650,5534,3,1,5,3,10,3,5,15,1,13,12,0.0,0,4,2,0,0.0,1
2208,2798,4,2893132,1034,0,2,2,3,7,0,2,14,3,8,1,0.1667,0,4,1,0,0.1167,2
3134,500,1,3959000,7918,0,2,5,3,10,1,1,6,3,10,6,0.8444,0,0,2,0,0.8444,2
4624,1270,5,1233170,971,0,1,6,3,11,0,0,11,1,9,5,0.7556,0,0,2,1,0.7556,2
2105,2626,1,808808,308,1,0,6,3,11,0,3,8,0,2,12,0.0,1,1,2,1,0.0,1
4444,1322,1,3486114,2637,0,3,6,1,9,2,0,5,1,5,4,0.6667,2,4,3,0,0.8667,2
4055,711,2,1696446,2386,0,1,3,4,9,1,0,5,0,10,8,0.5111,0,4,2,0,0.5111,1
1649,1183,4,1026844,868,0,3,2,1,5,1,4,18,3,1,12,0.0,0,4,2,0,0.0,2
1698,511,2,278495,545,1,3,2,4,8,2,5,17,0,13,1,0.1667,0,2,2,1,0.1667,2
4417,2373,5,3372033,1421,1,0,3,3,8,3,2,14,3,0,11,0.0889,0,1,1,0,0.0622,1
734,714,5,5814816,8144,1,0,3,1,6,1,1,12,2,8,6,0.8444,0,1,1,0,0.5911,2
