plot_size_sqft,building_size_sqft,num_floors,planned_duration_months,plot_shape_code,topography_code,design_complexity_score,customization_level,site_difficulty_score,kerala_district_code,construction_start_month,monsoon_exposure_score,district_risk_tier,terrain_code,rainfall_code,flood_risk_code,effective_monsoon_score,time_delay_risk
1824,1587,5,26,3,0,18,4,3,4,6,0.8444,1,1,2,0,0.8444,2
2505,3610,3,15,2,1,15,4,4,6,1,0.1667,0,1,2,0,0.1667,1
3183,2672,4,20,3,3,13,1,8,5,2,0.3333,2,5,3,0,0.4333,2
3707,2913,4,18,1,0,8,0,2,10,12,0.0,0,0,2,0,0.0,1
2966,617,2,28,3,2,16,5,6,6,3,0.5,0,0,2,1,0.5,1
4940,2623,3,11,1,2,12,2,6,1,9,0.3444,0,3,2,2,0.3444,2
2805,660,5,28,1,3,18,3,9,0,11,0.0889,0,2,1,1,0.0622,1
2579,2352,5,33,2,2,18,4,4,6,5,0.7556,0,0,2,1,0.7556,2
931,3916,5,13,1,3,18,4,8,7,3,0.5,0,4,3,0,0.65,2
2698,2556,5,17,3,2,14,1,6,9,3,0.5,0,2,2,1,0.5,2
2878,1874,4,6,1,0,8,0,0,0,6,0.8444,0,1,1,0,0.5911,2
3200,2125,5,18,1,3,18,4,6,6,1,0.1667,0,1,2,0,0.1667,1
2960,2533,3,9,0,2,12,2,5,0,12,0.0,0,1,1,0,0.0,1
3296,1681,3,26,1,3,17,4,8,10,7,0.6778,0,1,2,0,0.6778,2
915,2850,3,13,3,2,18,5,4,11,1,0.1667,2,4,3,0,0.2167,2
3507,3543,2,23,2,2,12,3,6,6,4,0.6667,0,0,2,1,0.6667,2
3443,3286,3,19,1,3,18,5,9,2,11,0.0889,1,1,2,1,0.0889,2
2689,1849,1,16,3,3,15,5,8,10,4,0.6667,0,2,2,1,0.6667,2
3594,3262,2,19,0,1,13,4,4,8,3,0.5,0,1,1,0,0.35,2
4248,3030,4,17,2,2,12,1,6,11,5,0.7556,2,5,3,0,0.9823,2
1174,1501,3,31,2,2,16,4,7,6,7,0.6778,0,1,2,0,0.6778,2
4997,2094,3,20,0,2,16,4,7,13,8,0.5111,0,0,2,0,0.5111,2
4057,3861,5,24,2,2,18,4,5,7,7,0.6778,0,1,2,0,0.6778,2
2756,2823,3,11,0,3,13,2,6,4,6,0.8444,1,1,2,0,0.8444,2
2972,2604,2,34,3,2,6,0,4,10,8,0.5111,0,2,2,1,0.5111,2
693,3166,2,27,3,3,11,2,9,5,8,0.5111,2,5,3,0,0.6644,2
2120,2053,2,6,2,3,11,2,7,0,4,0.6667,0,1,1,0,0.4667,2
2157,1264,5,30,1,2,12,0,6,8,1,0.1667,0,0,0,0,0.0667,1
1160,3685,5,6,1,1,11,0,4,10,4,0.6667,0,2,2,1,0.6667,2
1254,1531,1,17,3,2,8,2,5,7,3,0.5,0,0,2,0,0.5,1
3136,1481,2,12,1,3,11,2,7,0,5,0.7556,0,1,1,0,0.5289,2
4023,3593,4,24,1,2,18,4,4,6,2,0.3333,0,1,2,0,0.3333,1
1576,3726,5,16,0,1,11,0,3,13,7,0.6778,0,4,2,0,0.6778,2
1287,2729,5,20,0,3,18,4,7,1,11,0.0889,0,3,2,2,0.0889,2
944,2129,5,6,2,0,18,5,3,4,6,0.8444,1,5,3,0,1.0,2
2893,3476,5,9,1,2,12,0,5,3,2,0.3333,1,2,2,2,0.3333,2
1653,1963,4,29,3,3,18,4,8,2,11,0.0889,1,4,2,0,0.0889,2
1741,707,4,33,2,3,17,3,8,2,4,0.6667,1,1,2,1,0.6667,2
4067,1894,2,9,3,2,14,4,5,9,5,0.7556,0,1,2,0,0.7556,2
1267,993,3,26,0,3,17,4,6,9,9,0.3444,0,0,2,1,0.3444,2
2627,578,3,17,1,3,13,2,9,3,2,0.3333,1,0,2,1,0.3333,2
2126,2577,1,36,0,1,3,0,4,10,5,0.7556,0,4,2,0,0.7556,2
4195,2173,1,14,3,1,9,3,4,10,6,0.8444,0,2,2,1,0.8444,2
1406,2883,4,6,2,2,18,5,7,4,1,0.1667,1,1,2,0,0.1667,2
2267,3584,4,16,1,2,10,0,5,9,6,0.8444,0,0,2,1,0.8444,2
2271,937,5,26,2,3,15,1,7,2,7,0.6778,1,4,2,0,0.6778,2
1088,3506,2,10,1,0,4,0,3,10,12,0.0,0,2,2,1,0.0,1
3856,2908,1,17,1,1,13,5,4,11,12,0.0,2,4,3,0,0.0,2
2671,731,2,24,3,1,13,4,5,9,5,0.7556,0,4,2,0,0.7556,2
4644,500,2,15,3,0,8,2,1,7,4,0.6667,0,2,2,1,0.6667,2
3533,2105,2,13,2,3,15,4,8,0,7,0.6778,0,2,1,1,0.4745,2
844,3866,4,35,1,0,8,0,1,4,11,0.0889,1,3,2,2,0.0889,2
4763,2771,3,9,1,1,7,0,5,7,4,0.6667,0,2,2,1,0.6667,2
1749,1459,2,13,0,3,11,2,8,2,9,0.3444,1,1,2,1,0.3444,2
1707,2474,2,28,2,0,6,1,0,1,4,0.6667,0,4,2,0,0.6667,2
4909,1579,2,12,2,0,4,0,1,1,12,0.0,0,4,2,0,0.0,1
942,2066,1,12,1,2,4,0,4,6,8,0.5111,0,4,2,0,0.5111,1
2014,1409,2,36,1,0,14,5,0,8,11,0.0889,0,4,1,0,0.0622,0
3703,1056,2,36,0,1,7,1,4,0,1,0.1667,0,4,2,0,0.1667,1
3107,2600,5,13,0,2,16,2,7,12,9,0.3444,0,1,2,0,0.3444,2
3242,2788,4,16,0,2,10,0,5,13,12,0.0,0,2,2,1,0.0,2
2039,581,1,18,3,3,9,2,7,11,2,0.3333,2,4,3,0,0.4333,2
4778,1688,5,16,3,0,18,5,1,13,5,0.7556,0,0,2,0,0.7556,2
2202,1601,3,21,0,0,8,1,0,12,9,0.3444,0,0,2,0,0.3444,1
3248,3698,5,27,2,2,16,2,6,7,1,0.1667,0,0,2,0,0.1667,1
1779,2134,5,28,1,1,11,0,4,6,6,0.8444,0,2,2,2,0.8444,2
4896,1210,3,16,2,0,10,2,0,9,9,0.3444,0,2,2,1,0.3444,1
3553,3970,1,22,0,0,6,2,2,6,12,0.0,0,2,2,2,0.0,0
3023,2813,4,14,3,3,15,2,7,8,4,0.6667,0,1,1,0,0.4667,2
4875,2579,2,6,3,2,12,3,7,11,8,0.5111,2,5,3,0,0.6644,2
2892,1183,3,7,1,0,10,2,2,6,4,0.6667,0,0,2,1,0.6667,2
2729,1281,1,17,3,1,13,5,5,4,12,0.0,1,4,2,0,0.0,1
3343,3828,3,25,2,2,12,2,4,8,5,0.7556,0,0,0,0,0.3022,2
4569,876,2,5,3,1,11,3,2,1,2,0.3333,0,3,2,2,0.3333,2
3123,3189,4,18,1,0,12,2,2,13,7,0.6778,0,1,2,0,0.6778,2
4941,3637,1,14,1,0,12,5,0,0,4,0.6667,0,1,1,0,0.4667,2
1877,1532,3,8,1,3,17,4,7,3,12,0.0,1,3,2,2,0.0,2
4122,2032,5,12,3,2,18,3,6,9,7,0.6778,0,2,2,1,0.6778,2
4272,2927,1,10,3,1,7,2,5,10,2,0.3333,0,2,2,1,0.3333,2
1671,3749,3,35,2,3,9,0,6,2,1,0.1667,1,1,2,1,0.1667,1
3683,1968,3,23,0,3,11,1,8,11,5,0.7556,2,5,3,0,0.9823,2
2914,1863,1,23,2,0,10,4,1,6,4,0.6667,0,2,2,2,0.6667,2
1879,1977,5,17,3,0,12,1,1,10,3,0.5,0,1,2,0,0.5,2
3424,1671,4,12,0,1,9,0,2,4,11,0.0889,1,5,3,0,0.1156,2
615,1927,3,31,3,3,11,1,8,5,1,0.1667,2,5,3,0,0.2167,2
2615,2748,3,18,1,1,11,2,3,5,8,0.5111,2,5,3,0,0.6644,2
4254,1882,5,26,2,0,10,0,0,4,3,0.5,1,3,2,2,0.5,2
4995,1648,2,25,3,3,15,4,7,12,7,0.6778,0,2,2,1,0.6778,2
3394,1810,4,8,0,3,18,4,9,2,8,0.5111,1,4,2,0,0.5111,2
4815,2238,1,22,0,3,7,1,6,12,12,0.0,0,0,2,0,0.0,0
3790,723,4,6,3,0,16,4,3,11,12,0.0,2,5,3,0,0.0,2
667,1573,1,21,2,0,10,4,0,2,3,0.5,1,4,2,0,0.5,2
4938,2335,2,25,2,0,4,0,1,0,2,0.3333,0,2,1,1,0.2333,1
4053,1766,2,16,2,2,6,0,7,0,4,0.6667,0,1,1,0,0.4667,2
4010,2566,2,26,3,3,11,2,9,0,1,0.1667,0,2,1,1,0.1167,1
1999,533,4,36,3,2,18,5,7,4,12,0.0,1,5,3,0,0.0,2
1753,3223,2,18,2,2,6,0,7,10,10,0.1778,0,4,2,0,0.1778,1
835,1508,5,3,2,1,18,5,5,10,9,0.3444,0,1,2,0,0.3444,2
1526,2126,2,17,0,3,17,5,7,6,1,0.1667,0,2,2,2,0.1667,1
4513,1038,1,12,2,1,9,3,4,7,7,0.6778,0,1,2,0,0.6778,2
4416,3491,1,8,3,0,4,1,1,7,11,0.0889,0,0,2,0,0.0889,1
646,3005,4,10,2,1,15,3,4,6,1,0.1667,0,3,2,2,0.1667,2
2738,714,1,18,1,1,7,2,4,10,11,0.0889,0,2,2,1,0.0889,1
773,435,2,10,1,2,16,5,4,9,5,0.7556,0,0,2,1,0.7556,2
3373,3766,5,13,2,1,13,1,4,4,8,0.5111,1,1,2,0,0.5111,2
908,553,4,31,0,1,9,0,5,1,10,0.1778,0,3,2,2,0.1778,2
605,2228,3,6,2,1,7,0,3,3,1,0.1667,1,2,2,2,0.1667,2
1817,2713,3,16,3,0,10,2,3,3,10,0.1778,1,0,2,1,0.1778,1
3309,864,1,11,1,2,8,2,5,7,10,0.1778,0,4,3,0,0.2311,1
4939,2885,3,22,0,0,14,4,2,7,2,0.3333,0,2,2,1,0.3333,1
3011,1427,5,19,0,1,18,4,5,12,11,0.0889,0,0,2,0,0.0889,1
2354,3296,2,12,2,2,10,2,7,3,11,0.0889,1,3,2,2,0.0889,2
2928,2514,5,10,0,1,18,4,2,8,6,0.8444,0,0,0,0,0.3378,2
3316,3220,3,25,2,0,16,5,3,6,5,0.7556,0,2,2,2,0.7556,2
1061,2151,2,26,0,0,14,5,2,7,2,0.3333,0,1,2,0,0.3333,1
3329,1377,2,15,3,1,7,1,3,6,3,0.5,0,2,2,2,0.5,2
2708,3490,4,27,2,0,16,4,2,9,1,0.1667,0,1,2,0,0.1667,1
1208,1011,5,3,0,0,18,4,2,1,4,0.6667,0,3,2,2,0.6667,2
2046,3413,1,8,3,0,12,5,1,9,7,0.6778,0,2,2,1,0.6778,2
3854,786,5,18,2,3,18,4,9,1,9,0.3444,0,1,2,0,0.3444,2
2466,1452,5,12,1,2,18,4,4,11,8,0.5111,2,5,3,0,0.6644,2
1056,1472,4,28,1,3,18,5,7,13,11,0.0889,0,0,2,0,0.0889,1
2242,1417,4,12,2,3,13,1,9,3,4,0.6667,1,2,2,2,0.6667,2
4083,554,5,22,1,0,12,1,2,10,1,0.1667,0,2,2,1,0.1667,1
687,1929,5,9,1,0,10,0,1,9,2,0.3333,0,0,2,1,0.3333,2
3049,557,1,9,1,3,5,0,9,12,10,0.1778,0,2,2,1,0.1778,1
3322,2026,3,26,1,2,10,1,6,3,1,0.1667,1,3,2,2,0.1667,2
4059,2769,5,12,1,1,13,1,3,6,1,0.1667,0,1,2,0,0.1667,1
2512,2865,5,23,1,2,16,2,5,0,5,0.7556,0,1,1,0,0.5289,2
3863,2535,2,17,1,0,10,3,3,3,9,0.3444,1,2,2,2,0.3444,2
3135,1813,4,18,3,3,15,2,8,6,12,0.0,0,0,2,1,0.0,1
4678,3496,4,6,3,2,18,5,4,7,8,0.5111,0,1,2,0,0.5111,2
1177,2408,2,10,3,1,9,2,5,7,9,0.3444,0,1,2,0,0.3444,2
2187,1484,3,10,2,3,11,1,8,1,9,0.3444,0,3,2,2,0.3444,2
1706,3827,3,23,0,1,15,4,5,9,4,0.6667,0,2,2,1,0.6667,2
3733,3917,3,29,2,3,18,5,9,4,1,0.1667,1,0,2,1,0.1667,2
3480,2078,2,27,1,1,13,4,5,6,11,0.0889,0,1,2,0,0.0889,0
4099,2011,3,23,0,2,12,2,5,8,9,0.3444,0,1,1,0,0.2411,1
4363,3448,2,28,3,2,10,2,5,0,2,0.3333,0,1,1,0,0.2333,1
3511,2223,5,10,0,1,11,0,5,6,12,0.0,0,4,2,0,0.0,1
2229,3530,2,17,0,1,11,3,3,8,3,0.5,0,1,1,0,0.35,1
3322,2215,3,14,0,3,13,2,9,0,11,0.0889,0,1,1,0,0.0622,1
2915,3062,3,28,1,3,9,0,6,7,6,0.8444,0,4,3,0,1.0,2
934,2291,3,30,3,1,7,0,3,7,1,0.1667,0,4,3,0,0.2167,1
3995,1129,4,10,3,2,12,1,4,0,6,0.8444,0,1,1,0,0.5911,2
3643,2590,3,10,2,1,9,1,2,3,2,0.3333,1,1,2,1,0.3333,2
3872,1744,2,11,1,3,17,5,9,11,9,0.3444,2,4,3,0,0.4477,2
3175,3087,1,17,1,0,10,4,2,5,10,0.1778,2,4,3,0,0.2311,2
3478,479,4,19,3,2,10,0,5,0,9,0.3444,0,4,2,0,0.3444,2
1193,2663,3,8,2,3,13,2,6,6,9,0.3444,0,2,2,2,0.3444,2
4700,2682,5,13,2,2,16,2,4,4,8,0.5111,1,1,2,0,0.5111,2
2651,2981,4,30,2,1,17,4,2,10,9,0.3444,0,0,2,0,0.3444,1
4413,3304,3,19,0,2,18,5,4,9,11,0.0889,0,0,2,1,0.0889,1
2688,1084,5,18,1,1,18,4,3,1,6,0.8444,0,4,2,0,0.8444,2
4628,2036,2,22,2,0,8,2,3,8,2,0.3333,0,0,0,0,0.1333,0
2041,2666,1,6,1,2,4,0,4,6,1,0.1667,0,1,2,0,0.1667,1
999,3318,2,26,0,2,12,3,6,6,12,0.0,0,1,2,0,0.0,0
3610,549,1,11,2,3,7,1,6,9,12,0.0,0,4,2,0,0.0,1
3060,2450,5,8,3,0,10,0,3,6,9,0.3444,0,0,2,1,0.3444,2
1115,2928,5,25,3,3,13,0,7,9,2,0.3333,0,1,2,0,0.3333,2
2541,2935,2,10,2,2,12,3,7,5,10,0.1778,2,4,3,0,0.2311,2
3280,3048,4,31,0,0,18,5,1,0,2,0.3333,0,4,2,0,0.3333,2
1166,646,4,10,0,1,9,0,4,12,5,0.7556,0,1,2,0,0.7556,2
1691,3224,3,18,2,2,8,0,5,6,12,0.0,0,0,2,1,0.0,1
2982,1704,5,19,1,2,18,4,7,3,11,0.0889,1,3,2,2,0.0889,2
4438,3674,5,28,3,1,18,5,5,9,4,0.6667,0,1,2,0,0.6667,2
2766,1926,4,27,2,2,14,2,4,8,12,0.0,0,0,0,0,0.0,0
3934,1474,1,17,2,3,15,5,6,9,12,0.0,0,1,2,0,0.0,1
2559,2628,3,14,0,0,8,1,0,3,3,0.5,1,2,2,2,0.5,2
4732,2203,5,33,0,3,18,3,6,12,2,0.3333,0,2,2,1,0.3333,2
3652,904,5,23,2,1,18,5,4,0,11,0.0889,0,4,2,0,0.0889,1
1184,1836,5,16,0,2,18,4,6,7,6,0.8444,0,1,2,0,0.8444,2
1487,3395,3,21,0,2,14,3,6,4,3,0.5,1,5,3,0,0.65,2
3355,2054,3,14,3,1,15,4,2,7,1,0.1667,0,0,2,0,0.1667,1
1724,2991,3,17,0,0,12,3,3,4,6,0.8444,1,5,3,0,1.0,2
2123,3161,1,28,2,1,5,1,4,2,2,0.3333,1,4,2,0,0.3333,2
3972,1843,2,10,1,3,15,4,7,7,5,0.7556,0,0,2,0,0.7556,2
1626,1333,2,16,0,2,16,5,4,2,4,0.6667,1,4,2,0,0.6667,2
2864,1933,2,13,0,3,15,4,6,13,12,0.0,0,0,2,0,0.0,1
4322,3726,5,24,3,1,17,3,4,4,1,0.1667,1,0,2,1,0.1667,2
2646,994,5,9,1,0,18,5,3,8,10,0.1778,0,0,0,0,0.0711,1
2925,1404,1,14,1,2,12,4,6,6,2,0.3333,0,3,2,2,0.3333,1
4092,2325,5,26,0,2,18,3,4,7,12,0.0,0,2,2,1,0.0,1
4315,825,2,15,3,0,8,2,0,2,5,0.7556,1,1,2,1,0.7556,2
3774,1137,5,13,2,2,18,5,7,7,5,0.7556,0,0,2,0,0.7556,2
2134,2895,5,9,3,3,18,4,6,11,3,0.5,2,5,3,0,0.65,2
1403,2469,1,19,0,3,9,2,8,3,8,0.5111,1,3,2,2,0.5111,2
3830,542,2,8,0,0,8,2,3,0,3,0.5,0,0,1,0,0.35,1
4088,2594,1,29,1,0,2,0,2,9,12,0.0,0,4,2,0,0.0,0
3565,3534,1,13,2,0,2,0,3,0,4,0.6667,0,2,1,1,0.4667,2
4269,2500,5,10,2,0,10,0,3,9,11,0.0889,0,4,2,0,0.0889,2
1923,404,3,32,2,2,18,5,6,9,6,0.8444,0,4,2,0,0.8444,2
1224,3755,3,10,2,3,15,3,7,4,8,0.5111,1,5,3,0,0.6644,2
895,3417,4,33,3,2,18,4,4,8,9,0.3444,0,1,1,0,0.2411,1
3020,3635,5,10,3,2,16,2,6,4,9,0.3444,1,5,3,0,0.4477,2
944,3482,4,21,1,3,18,5,7,2,8,0.5111,1,5,3,0,0.6644,2
2096,3479,2,36,3,2,14,4,6,11,2,0.3333,2,1,2,0,0.3333,2
4886,1329,2,22,3,2,6,0,6,12,4,0.6667,0,0,2,0,0.6667,2
2870,1157,1,23,2,3,15,5,6,6,3,0.5,0,1,2,0,0.5,1
682,1800,3,23,1,3,9,0,8,13,1,0.1667,0,1,2,0,0.1667,1
4927,1544,1,11,3,0,8,3,2,12,2,0.3333,0,0,2,0,0.3333,1
3502,936,3,26,2,2,8,0,7,0,9,0.3444,0,1,1,0,0.2411,1
2093,3320,5,16,3,1,11,0,4,10,10,0.1778,0,0,2,0,0.1778,1
1237,866,2,17,0,1,9,2,4,8,12,0.0,0,1,1,0,0.0,0
2253,3637,5,12,1,1,18,5,5,11,5,0.7556,2,1,2,0,0.7556,2
2917,976,3,16,3,3,17,4,8,3,4,0.6667,1,2,2,2,0.6667,2
4457,2299,2,15,3,0,12,4,1,6,2,0.3333,0,1,2,0,0.3333,1
3037,579,5,18,3,2,18,3,4,8,12,0.0,0,0,0,0,0.0,0
2512,2946,4,11,2,2,16,3,5,6,3,0.5,0,0,2,1,0.5,2
1544,1678,2,17,2,3,7,0,8,4,4,0.6667,1,3,2,2,0.6667,2
3250,639,3,5,3,2,14,3,5,12,11,0.0889,0,0,2,0,0.0889,1
2408,1610,4,31,3,0,12,2,3,10,10,0.1778,0,4,2,0,0.1778,1
1097,2684,5,15,2,2,18,3,7,7,5,0.7556,0,4,3,0,0.9823,2
1088,803,3,11,2,1,9,1,5,1,4,0.6667,0,1,2,0,0.6667,2
2149,582,3,18,0,2,14,3,4,3,6,0.8444,1,2,2,2,0.8444,2
3030,568,3,11,1,2,18,5,6,0,3,0.5,0,1,1,0,0.35,2
4803,1638,5,15,1,1,17,3,4,9,8,0.5111,0,4,2,0,0.5111,2
2458,2523,2,10,0,1,5,0,2,9,9,0.3444,0,0,2,1,0.3444,2
4305,2207,1,16,2,3,13,4,6,3,11,0.0889,1,3,2,2,0.0889,2
2997,3296,2,30,2,0,14,5,0,6,1,0.1667,0,0,2,1,0.1667,0
4776,2385,1,17,3,3,15,5,6,6,2,0.3333,0,2,2,2,0.3333,1
1845,1197,3,6,1,3,15,3,9,6,10,0.1778,0,0,2,1,0.1778,1
923,2859,5,17,2,3,18,4,6,0,2,0.3333,0,4,2,0,0.3333,2
3224,1263,4,28,0,3,11,0,9,9,6,0.8444,0,0,2,1,0.8444,2
1349,3143,2,11,1,3,13,3,8,12,9,0.3444,0,0,2,0,0.3444,2
2033,862,1,31,0,2,6,1,7,7,2,0.3333,0,0,2,0,0.3333,1
2642,1687,5,13,3,0,12,1,2,7,9,0.3444,0,2,2,1,0.3444,2
1691,1382,5,17,1,3,18,4,6,1,2,0.3333,0,1,2,0,0.3333,2
1355,1175,5,35,0,0,18,4,1,1,9,0.3444,0,3,2,2,0.3444,2
903,2352,2,27,1,0,6,1,0,9,6,0.8444,0,2,2,1,0.8444,2
3520,2118,5,26,2,2,18,5,6,12,11,0.0889,0,1,2,0,0.0889,1
4247,2692,5,15,2,0,10,0,2,7,10,0.1778,0,1,2,0,0.1778,1
3262,1656,3,11,3,3,17,4,7,6,5,0.7556,0,0,2,1,0.7556,2
1643,2146,4,6,0,3,13,1,9,8,11,0.0889,0,0,0,0,0.0356,1
3491,515,5,20,2,1,18,5,5,0,9,0.3444,0,1,1,0,0.2411,1
1928,2697,2,20,1,3,9,1,8,2,2,0.3333,1,1,2,1,0.3333,2
1128,897,5,16,2,2,16,2,6,2,4,0.6667,1,1,2,1,0.6667,2
3963,2969,3,6,1,1,15,4,4,10,11,0.0889,0,2,2,1,0.0889,2
4709,3346,1,26,1,1,9,3,3,11,9,0.3444,2,5,3,0,0.4477,2
3726,966,2,18,2,0,6,1,2,1,7,0.6778,0,3,2,2,0.6778,2
2168,1955,5,3,2,3,18,4,9,2,12,0.0,1,4,2,0,0.0,2
4781,3427,4,10,2,3,17,3,8,8,10,0.1778,0,1,1,0,0.1245,2
3255,2887,1,22,3,2,10,3,4,3,10,0.1778,1,3,2,2,0.1778,2
1477,1185,5,10,2,3,18,4,9,2,7,0.6778,1,4,2,0,0.6778,2
2623,3596,1,28,1,1,13,5,4,7,11,0.0889,0,2,2,1,0.0889,1
3185,1102,1,18,2,0,2,0,2,0,2,0.3333,0,0,1,0,0.2333,1
3165,3216,5,22,0,2,14,1,4,2,6,0.8444,1,4,2,0,0.8444,2
4067,3349,5,22,0,3,18,4,8,10,9,0.3444,0,4,2,0,0.3444,2
660,3975,5,21,2,2,18,4,7,4,7,0.6778,1,1,2,0,0.6778,2
797,1576,4,10,0,1,13,2,3,6,3,0.5,0,2,2,2,0.5,2
2850,975,3,27,0,3,11,1,8,3,4,0.6667,1,3,2,2,0.6667,2
4999,2632,1,10,1,1,11,4,5,13,2,0.3333,0,4,2,0,0.3333,2
2276,607,1,10,1,1,11,4,2,1,2,0.3333,0,4,2,0,0.3333,1
3202,3873,2,11,1,1,15,5,3,10,1,0.1667,0,0,2,0,0.1667,1
3546,412,5,19,0,3,18,3,6,12,10,0.1778,0,1,2,0,0.1778,1
1576,1149,4,6,0,0,12,2,0,0,4,0.6667,0,1,1,0,0.4667,2
3807,1162,4,3,2,1,13,2,4,0,12,0.0,0,2,1,1,0.0,2
4890,1837,2,13,0,1,11,3,2,9,12,0.0,0,0,2,1,0.0,1
3870,634,2,10,1,3,11,2,6,0,1,0.1667,0,1,1,0,0.1167,1
2131,804,4,4,0,0,8,0,2,12,11,0.0889,0,2,2,1,0.0889,2
4194,1925,1,14,3,2,6,1,4,5,12,0.0,2,5,3,0,0.0,2
1074,3221,5,17,3,1,18,4,3,9,1,0.1667,0,0,2,1,0.1667,1
782,1338,2,18,0,2,12,3,4,2,4,0.6667,1,4,2,0,0.6667,2
4080,1124,4,22,1,1,17,4,5,7,7,0.6778,0,1,2,0,0.6778,2
4300,3339,3,24,3,3,9,0,6,7,10,0.1778,0,0,2,0,0.1778,1
1241,1005,1,19,1,0,6,2,2,1,12,0.0,0,2,2,1,0.0,0
3040,1573,4,35,3,3,18,4,7,0,12,0.0,0,2,1,1,0.0,1
4229,3988,5,22,2,3,18,3,6,0,4,0.6667,0,2,1,1,0.4667,2
1947,1616,5,30,1,3,15,1,6,3,2,0.3333,1,3,2,2,0.3333,2
1248,2623,3,27,3,3,9,0,9,11,2,0.3333,2,5,3,0,0.4333,2
2450,1407,4,12,1,1,17,4,4,0,12,0.0,0,2,1,1,0.0,1
1370,2090,2,21,2,3,7,0,8,12,11,0.0889,0,4,2,0,0.0889,1
3659,658,1,9,2,3,11,3,8,7,4,0.6667,0,0,2,0,0.6667,2
3386,3790,2,6,1,3,17,5,7,6,7,0.6778,0,2,2,2,0.6778,2
2304,857,3,12,0,3,9,0,7,10,4,0.6667,0,2,2,1,0.6667,2
1890,3805,4,18,0,3,11,0,7,8,11,0.0889,0,1,1,0,0.0622,1
3650,2889,3,11,2,1,11,2,2,11,2,0.3333,2,5,3,0,0.4333,2
1341,1303,2,15,1,2,16,5,4,7,9,0.3444,0,1,2,0,0.3444,1
2657,3817,5,19,1,3,18,3,8,9,5,0.7556,0,2,2,1,0.7556,2
4165,866,3,20,0,3,18,5,6,6,1,0.1667,0,0,2,1,0.1667,1
1766,613,5,17,0,1,18,4,2,2,2,0.3333,1,5,3,0,0.4333,2
4550,3439,1,17,0,3,15,5,6,1,10,0.1778,0,1,2,0,0.1778,1
1029,3772,5,22,1,0,18,5,2,12,7,0.6778,0,4,2,0,0.6778,2
2888,1380,1,16,0,1,7,2,3,0,10,0.1778,0,1,1,0,0.1245,0
2082,2630,3,33,1,1,13,3,5,1,8,0.5111,0,1,2,0,0.5111,2
1042,1124,4,16,2,1,13,2,4,9,4,0.6667,0,0,2,1,0.6667,2
1728,2389,5,29,1,3,17,2,9,10,11,0.0889,0,1,2,0,0.0889,1
3063,1778,5,22,0,0,14,2,2,5,2,0.3333,2,4,3,0,0.4333,2
771,1329,2,26,1,3,13,3,6,13,1,0.1667,0,2,2,1,0.1667,1
3565,3949,4,18,3,0,12,2,0,8,8,0.5111,0,5,1,0,0.3578,2
2634,1489,5,18,2,1,18,5,2,3,6,0.8444,1,3,2,2,0.8444,2
4640,2624,4,16,2,1,11,1,5,1,8,0.5111,0,3,2,2,0.5111,2
3554,2969,1,26,3,2,14,5,5,8,7,0.6778,0,0,0,0,0.2711,1
4917,1765,2,36,0,3,15,4,7,2,7,0.6778,1,5,3,0,0.8811,2
4711,1798,4,16,3,1,11,1,3,11,1,0.1667,2,5,3,0,0.2167,2
2769,627,5,22,3,2,16,2,4,0,1,0.1667,0,1,1,0,0.1167,1
3055,931,1,18,3,0,10,4,3,4,11,0.0889,1,5,3,0,0.1156,1
2308,1126,5,16,0,2,18,4,7,6,3,0.5,0,4,2,0,0.5,2
4352,543,5,13,3,1,17,3,3,0,7,0.6778,0,2,1,1,0.4745,2
3912,3526,2,21,1,2,16,5,5,10,6,0.8444,0,2,2,1,0.8444,2
3359,3293,4,15,0,2,10,0,5,0,12,0.0,0,4,2,0,0.0,1
1600,1039,2,6,0,0,10,3,1,4,9,0.3444,1,1,2,0,0.3444,2
3542,2014,5,29,2,1,18,4,2,0,7,0.6778,0,0,1,0,0.4745,2
1466,2891,5,13,3,2,12,0,5,13,4,0.6667,0,0,2,0,0.6667,2
1661,2871,1,22,0,3,13,4,8,5,1,0.1667,2,1,2,0,0.1667,2
2454,406,4,25,1,3,17,3,8,7,5,0.7556,0,4,3,0,0.9823,2
3041,1136,4,31,1,3,18,5,8,0,12,0.0,0,4,2,0,0.0,1
2032,822,3,26,1,2,16,4,7,8,12,0.0,0,1,1,0,0.0,1
1816,3830,2,24,1,3,17,5,9,10,6,0.8444,0,1,2,0,0.8444,2
1793,538,3,18,1,1,7,0,4,6,3,0.5,0,4,2,0,0.5,2
3226,630,3,22,3,1,7,0,3,4,1,0.1667,1,1,2,0,0.1667,1
1636,742,4,20,0,2,14,2,5,4,1,0.1667,1,1,2,0,0.1667,2
1777,2138,3,21,3,0,6,0,1,5,2,0.3333,2,5,3,0,0.4333,2
2017,1278,5,13,3,1,18,4,4,0,5,0.7556,0,1,1,0,0.5289,2
2143,1218,2,30,2,1,5,0,3,0,3,0.5,0,1,1,0,0.35,1
2793,3983,5,9,2,3,15,1,6,10,8,0.5111,0,2,2,1,0.5111,2
1789,879,5,13,0,2,18,3,7,10,5,0.7556,0,2,2,1,0.7556,2
3559,1820,4,29,2,2,16,3,5,4,4,0.6667,1,3,2,2,0.6667,2
1664,1846,1,31,0,3,7,1,8,7,6,0.8444,0,1,2,0,0.8444,2
1956,3116,4,7,1,1,9,0,5,7,8,0.5111,0,0,2,0,0.5111,2
654,2040,3,28,1,1,15,4,5,0,4,0.6667,0,1,1,0,0.4667,2
3492,1321,2,17,2,0,10,3,0,10,6,0.8444,0,4,2,0,0.8444,2
1141,2973,2,34,2,1,9,2,2,10,8,0.5111,0,4,2,0,0.5111,2
1822,944,3,24,1,0,8,1,0,10,9,0.3444,0,1,2,0,0.3444,1
2781,3723,5,27,1,2,14,1,7,6,12,0.0,0,1,2,0,0.0,1
1100,2425,4,28,2,0,12,2,3,6,8,0.5111,0,4,2,0,0.5111,2
1996,785,5,7,2,0,12,1,2,6,9,0.3444,0,1,2,0,0.3444,2
2845,1871,5,21,0,0,18,4,3,2,4,0.6667,1,1,2,1,0.6667,2
2641,2185,4,9,0,0,14,3,0,10,6,0.8444,0,2,2,1,0.8444,2
2018,980,2,25,0,2,8,1,5,9,2,0.3333,0,2,2,1,0.3333,1
3759,1409,3,16,1,0,8,1,2,6,2,0.3333,0,2,2,2,0.3333,1
4434,2199,5,35,2,1,13,1,2,7,6,0.8444,0,0,2,0,0.8444,2
703,3802,4,19,1,1,15,3,5,2,2,0.3333,1,1,2,1,0.3333,2
1802,2388,4,33,3,1,11,1,5,10,8,0.5111,0,2,2,1,0.5111,2
3366,3757,3,3,2,3,9,0,8,9,11,0.0889,0,0,2,1,0.0889,2
2384,2325,3,8,3,0,6,0,0,3,1,0.1667,1,0,2,1,0.1667,2
2986,627,4,36,1,1,11,1,2,13,10,0.1778,0,4,2,0,0.1778,1
1450,3055,1,16,0,1,7,2,3,0,2,0.3333,0,1,1,0,0.2333,1
3407,2097,1,16,1,2,14,5,5,2,4,0.6667,1,0,2,1,0.6667,2
3484,2241,3,25,1,0,14,4,1,7,4,0.6667,0,2,2,1,0.6667,2
1026,3302,2,6,2,2,6,0,4,3,2,0.3333,1,3,2,2,0.3333,2
3774,1828,3,26,0,1,9,1,3,2,1,0.1667,1,4,2,0,0.1667,1
987,2188,1,6,2,1,7,2,4,12,7,0.6778,0,1,2,0,0.6778,2
2408,2178,4,18,1,1,11,1,4,1,9,0.3444,0,1,2,0,0.3444,2
3986,1753,1,17,1,1,9,3,5,0,4,0.6667,0,1,1,0,0.4667,1
3792,3164,4,13,3,1,9,0,3,11,12,0.0,2,5,3,0,0.0,2
2188,2177,5,36,3,3,15,1,6,2,4,0.6667,1,0,2,1,0.6667,2
3325,2157,3,21,0,2,12,2,6,10,3,0.5,0,4,2,0,0.5,2
1099,645,2,14,3,1,15,5,3,12,2,0.3333,0,2,2,1,0.3333,1
708,1145,5,11,3,0,10,0,0,5,3,0.5,2,1,2,0,0.5,2
3151,2601,1,21,1,1,11,4,5,6,4,0.6667,0,0,2,1,0.6667,1
4584,3815,5,15,0,1,18,4,5,9,2,0.3333,0,0,2,1,0.3333,2
1393,1430,4,3,2,2,16,3,5,6,4,0.6667,0,2,2,2,0.6667,2
2848,3818,4,11,3,3,11,0,9,7,1,0.1667,0,2,2,1,0.1667,2
3372,2201,2,23,3,1,9,2,5,8,4,0.6667,0,0,0,0,0.2667,1
4929,3282,5,12,0,1,17,3,4,4,1,0.1667,1,4,2,0,0.1667,2
4463,709,1,14,0,0,2,0,3,9,3,0.5,0,0,2,1,0.5,1
2851,863,5,15,0,0,14,2,1,9,7,0.6778,0,4,2,0,0.6778,2
2540,3314,5,16,3,1,17,3,2,1,1,0.1667,0,3,2,2,0.1667,2
4014,1361,3,30,1,0,16,5,0,6,3,0.5,0,0,2,1,0.5,1
2912,2962,5,10,2,1,18,5,5,3,5,0.7556,1,0,2,1,0.7556,2
1402,2438,3,6,2,3,18,5,9,10,12,0.0,0,0,2,0,0.0,2
1282,3458,2,24,1,2,6,0,5,10,3,0.5,0,4,2,0,0.5,2
4410,2374,1,28,2,1,7,2,5,6,12,0.0,0,0,2,1,0.0,0
3616,3040,4,32,0,1,17,4,2,8,6,0.8444,0,4,1,0,0.5911,2
2316,3867,5,18,2,3,18,4,9,8,11,0.0889,0,1,1,0,0.0622,1
4329,1304,5,7,2,3,18,3,7,0,12,0.0,0,1,1,0,0.0,2
1218,1419,1,26,1,0,12,5,0,9,9,0.3444,0,1,2,0,0.3444,1
4291,2111,4,10,1,3,15,2,6,1,10,0.1778,0,1,2,0,0.1778,2
3369,732,2,6,1,0,8,2,3,2,2,0.3333,1,5,3,0,0.4333,2
2788,3804,2,16,1,0,8,2,1,9,3,0.5,0,0,2,1,0.5,2
2246,3472,2,24,3,2,16,5,4,10,1,0.1667,0,4,2,0,0.1667,1
3571,493,5,17,2,1,13,1,5,7,4,0.6667,0,2,2,1,0.6667,2
1581,2209,1,16,1,3,13,4,6,8,9,0.3444,0,1,1,0,0.2411,1
1680,849,2,11,3,3,7,0,9,7,8,0.5111,0,4,3,0,0.6644,2
2829,1725,1,34,2,3,15,5,8,10,11,0.0889,0,4,2,0,0.0889,1
1457,581,3,18,2,3,13,2,8,12,1,0.1667,0,4,2,0,0.1667,1
2299,3438,3,14,0,0,8,1,1,1,8,0.5111,0,2,2,1,0.5111,2
1290,3525,3,5,3,3,13,2,9,6,6,0.8444,0,4,2,0,0.8444,2
1228,2457,1,12,3,3,13,4,8,3,3,0.5,1,1,2,1,0.5,2
4495,782,3,16,0,3,18,5,9,13,8,0.5111,0,2,2,1,0.5111,2
1619,3908,3,26,1,1,9,1,4,9,11,0.0889,0,0,2,1,0.0889,1
2851,2701,4,7,0,0,12,2,2,12,8,0.5111,0,1,2,0,0.5111,2
4970,1647,3,15,1,2,16,4,7,6,11,0.0889,0,1,2,0,0.0889,1
3812,2173,3,10,0,3,11,1,9,6,5,0.7556,0,1,2,0,0.7556,2
4503,3814,1,10,1,2,14,5,7,2,4,0.6667,1,1,2,1,0.6667,2
3385,1249,2,6,2,1,11,3,4,7,1,0.1667,0,0,2,0,0.1667,1
4360,2800,3,10,3,1,9,1,2,5,9,0.3444,2,5,3,0,0.4477,2
1142,1739,1,27,3,2,12,4,5,10,11,0.0889,0,2,2,1,0.0889,1
3301,1428,1,12,2,0,6,2,3,1,12,0.0,0,3,2,2,0.0,1
1967,1257,3,3,0,1,9,1,3,2,12,0.0,1,1,2,1,0.0,2
1752,1352,3,20,0,3,11,1,6,12,3,0.5,0,0,2,0,0.5,2
3911,842,3,18,3,3,18,5,7,7,12,0.0,0,0,2,0,0.0,1
3667,3325,3,30,3,3,13,2,6,0,10,0.1778,0,2,1,1,0.1245,1
3994,3402,2,34,1,1,5,0,5,9,10,0.1778,0,4,2,0,0.1778,1
1979,2219,2,6,1,1,11,3,4,1,12,0.0,0,2,2,1,0.0,1
4242,1683,1,9,3,3,13,4,7,9,10,0.1778,0,1,2,0,0.1778,1
827,2376,3,18,0,0,6,0,0,3,8,0.5111,1,3,2,2,0.5111,2
4395,2719,5,10,2,1,17,3,4,11,10,0.1778,2,5,3,0,0.2311,2
1529,786,5,15,2,0,18,5,0,1,11,0.0889,0,4,2,0,0.0889,1
1201,3542,4,23,2,2,14,2,6,8,10,0.1778,0,0,0,0,0.0711,1
2354,2481,5,36,0,0,12,1,1,12,6,0.8444,0,0,2,0,0.8444,2
795,3456,3,28,1,0,8,1,0,6,3,0.5,0,0,2,1,0.5,1
3451,763,4,12,3,2,16,3,5,10,6,0.8444,0,4,2,0,0.8444,2
1857,2939,5,36,1,2,14,1,4,8,3,0.5,0,0,0,0,0.2,1
981,2204,4,4,0,2,16,3,6,2,5,0.7556,1,1,2,1,0.7556,2
3481,2147,3,18,3,0,16,5,2,6,9,0.3444,0,0,2,1,0.3444,1
2540,1606,1,17,1,0,2,0,1,10,2,0.3333,0,1,2,0,0.3333,1
3019,3988,5,9,0,2,12,0,6,8,2,0.3333,0,1,1,0,0.2333,2
1047,3601,5,14,3,2,18,3,5,4,4,0.6667,1,5,3,0,0.8667,2
3766,3145,1,35,0,2,8,2,6,4,2,0.3333,1,1,2,0,0.3333,1
2752,2781,5,14,2,3,18,5,7,8,11,0.0889,0,0,0,0,0.0356,1
877,2263,4,12,1,1,15,3,5,4,1,0.1667,1,5,3,0,0.2167,2
1762,823,5,33,3,0,14,2,1,0,10,0.1778,0,2,1,1,0.1245,1
4848,3319,5,20,0,0,14,2,1,9,1,0.1667,0,1,2,0,0.1667,1
3807,1582,5,10,3,3,15,1,7,12,1,0.1667,0,0,2,0,0.1667,2
4138,666,3,31,2,2,18,5,5,12,3,0.5,0,1,2,0,0.5,2
3466,582,3,27,2,2,8,0,7,9,7,0.6778,0,0,2,1,0.6778,2
4640,3543,1,12,3,3,15,5,7,2,1,0.1667,1,4,2,0,0.1667,2
3638,3134,4,14,3,2,12,1,6,0,5,0.7556,0,1,1,0,0.5289,2
3452,867,1,7,1,1,13,5,3,13,9,0.3444,0,0,2,0,0.3444,1
2001,3293,3,9,2,3,11,1,9,4,4,0.6667,1,0,2,1,0.6667,2
2142,2149,4,18,0,0,10,1,1,0,4,0.6667,0,4,2,0,0.6667,2
3581,1078,2,9,1,1,5,0,4,1,10,0.1778,0,3,2,2,0.1778,1
3820,1499,5,17,1,0,18,4,2,2,6,0.8444,1,1,2,1,0.8444,2
4558,2846,1,30,0,0,2,0,2,0,11,0.0889,0,2,1,1,0.0622,0
2260,2938,1,15,2,3,7,1,9,5,2,0.3333,2,4,3,0,0.4333,2
1623,559,1,20,2,3,5,0,8,0,5,0.7556,0,2,1,1,0.5289,2
3609,1201,5,28,1,1,11,0,2,9,11,0.0889,0,4,2,0,0.0889,1
2728,1269,1,34,1,0,6,2,0,2,4,0.6667,1,1,2,1,0.6667,2
4659,1597,2,13,2,2,6,0,4,6,1,0.1667,0,0,2,1,0.1667,0
2632,2869,5,20,0,1,11,0,3,12,2,0.3333,0,2,2,1,0.3333,2
4562,2222,2,23,1,2,16,5,7,12,11,0.0889,0,4,2,0,0.0889,1
3930,3819,4,19,1,1,15,3,5,6,4,0.6667,0,2,2,2,0.6667,2
2715,2504,1,4,0,2,14,5,6,2,8,0.5111,1,1,2,1,0.5111,2
4654,1349,3,18,2,0,10,2,1,2,11,0.0889,1,1,2,1,0.0889,1
2668,2737,1,17,1,2,8,2,6,8,10,0.1778,0,0,0,0,0.0711,0
4827,738,5,9,1,1,11,0,5,12,11,0.0889,0,2,2,1,0.0889,1
3325,3443,5,18,1,3,13,0,7,6,11,0.0889,0,0,2,1,0.0889,1
4541,1775,4,34,0,1,17,4,3,8,5,0.7556,0,1,1,0,0.5289,2
4442,602,5,31,1,3,15,1,7,1,7,0.6778,0,1,2,0,0.6778,2
4716,3444,4,21,1,0,16,4,0,0,12,0.0,0,1,1,0,0.0,1
2868,627,2,24,2,3,13,3,9,5,7,0.6778,2,5,3,0,0.8811,2
2650,3207,4,5,0,0,12,2,3,4,1,0.1667,1,4,2,0,0.1667,2
4895,1067,5,19,0,0,18,4,0,0,10,0.1778,0,1,1,0,0.1245,1
3218,1835,3,14,0,0,14,4,2,0,7,0.6778,0,2,1,1,0.4745,2
4892,2737,3,35,2,2,10,1,5,13,2,0.3333,0,0,2,0,0.3333,1
2039,2242,1,14,3,0,4,1,1,0,12,0.0,0,2,1,1,0.0,0
2346,2961,1,11,1,2,4,0,6,6,2,0.3333,0,1,2,0,0.3333,1
3263,3741,4,8,3,3,17,3,8,10,1,0.1667,0,4,2,0,0.1667,2
4002,3140,2,10,0,0,12,4,2,4,12,0.0,1,1,2,0,0.0,1
1733,1856,5,18,1,2,14,1,7,0,1,0.1667,0,1,1,0,0.1167,1
4791,2426,5,16,2,2,18,5,5,1,3,0.5,0,4,2,0,0.5,2
4853,504,2,10,1,0,14,5,0,12,11,0.0889,0,4,2,0,0.0889,1
4779,1991,4,14,3,1,18,5,3,12,12,0.0,0,2,2,1,0.0,1
3176,2027,5,10,2,2,18,5,6,4,7,0.6778,1,1,2,0,0.6778,2
2481,3196,1,28,2,1,9,3,3,4,1,0.1667,1,0,2,1,0.1667,1
3644,3057,4,17,1,1,15,3,4,7,3,0.5,0,0,2,0,0.5,2
1102,1180,3,10,2,3,9,0,9,7,9,0.3444,0,0,2,0,0.3444,2
2770,951,3,10,3,1,9,1,5,10,1,0.1667,0,2,2,1,0.1667,1
2302,1935,4,28,1,0,8,0,1,9,1,0.1667,0,0,2,1,0.1667,1
3204,3389,2,22,2,3,11,2,6,13,11,0.0889,0,4,2,0,0.0889,1
4958,2855,3,28,1,2,14,3,5,9,2,0.3333,0,0,2,1,0.3333,1
2805,1680,1,12,0,3,15,5,6,2,11,0.0889,1,5,3,0,0.1156,1
2407,1933,5,26,2,0,12,1,2,3,3,0.5,1,1,2,1,0.5,2
3035,3227,1,29,0,0,6,2,2,3,2,0.3333,1,3,2,2,0.3333,2
4574,3498,3,12,1,2,18,5,5,4,11,0.0889,1,1,2,0,0.0889,2
4150,629,2,24,1,0,10,3,0,0,4,0.6667,0,0,1,0,0.4667,1
4476,3384,5,17,1,3,13,0,6,7,5,0.7556,0,1,2,0,0.7556,2
4696,2762,3,16,1,3,9,0,9,8,4,0.6667,0,5,1,0,0.4667,2
2768,3863,1,6,1,1,3,0,5,1,5,0.7556,0,1,2,0,0.7556,2
1492,3168,1,35,1,2,6,1,5,12,10,0.1778,0,2,2,1,0.1778,1
2100,2556,4,28,1,3,18,4,6,6,9,0.3444,0,4,2,0,0.3444,2
1128,2541,2,23,0,2,14,4,4,1,3,0.5,0,4,2,0,0.5,2
1938,3694,5,15,3,0,16,3,3,0,4,0.6667,0,1,1,0,0.4667,2
1278,1237,4,22,1,3,11,0,6,12,3,0.5,0,2,2,1,0.5,2
1992,2424,2,23,0,1,15,5,3,11,5,0.7556,2,4,3,0,0.9823,2
4918,2297,1,18,2,1,5,1,5,10,11,0.0889,0,1,2,0,0.0889,0
613,3744,2,28,3,3,11,2,8,7,2,0.3333,0,1,2,0,0.3333,1
4566,3907,3,11,3,3,18,5,9,8,4,0.6667,0,0,0,0,0.2667,2
4694,1920,2,8,3,3,15,4,9,1,1,0.1667,0,1,2,0,0.1667,1
4086,2418,3,33,0,1,11,2,2,4,5,0.7556,1,1,2,0,0.7556,2
4723,3352,2,18,0,1,9,2,4,7,8,0.5111,0,1,2,0,0.5111,2
2096,1065,5,18,0,3,18,3,9,6,12,0.0,0,3,2,2,0.0,1
4437,1826,5,7,2,3,17,2,9,0,11,0.0889,0,2,1,1,0.0622,2
3431,2756,2,18,1,0,6,1,1,10,2,0.3333,0,2,2,1,0.3333,1
2954,3323,1,16,1,3,7,1,6,9,1,0.1667,0,2,2,1,0.1667,1
708,464,3,6,0,0,8,1,0,8,11,0.0889,0,1,1,0,0.0622,1
1340,870,2,26,3,2,14,4,5,6,4,0.6667,0,1,2,0,0.6667,2
1651,3789,2,22,3,1,13,4,4,6,10,0.1778,0,3,2,2,0.1778,1
1971,449,5,19,2,0,12,1,0,9,4,0.6667,0,0,2,1,0.6667,2
2461,2249,1,18,0,1,5,1,2,5,1,0.1667,2,4,3,0,0.2167,2
1782,1932,3,13,3,2,12,2,7,11,12,0.0,2,5,3,0,0.0,2
3362,3219,3,28,0,0,12,3,3,0,2,0.3333,0,1,1,0,0.2333,1
1034,3523,4,17,1,2,10,0,7,0,2,0.3333,0,1,1,0,0.2333,2
2761,1159,3,19,2,0,8,1,3,7,3,0.5,0,2,2,1,0.5,2
3076,3971,2,3,1,0,12,4,2,6,12,0.0,0,0,2,1,0.0,1
2665,1770,5,24,0,1,18,4,3,6,9,0.3444,0,2,2,2,0.3444,2
4902,3893,3,27,3,1,15,4,3,4,2,0.3333,1,1,2,0,0.3333,2
1337,616,4,12,3,1,17,4,2,4,4,0.6667,1,1,2,0,0.6667,2
4185,3621,1,3,2,3,9,2,8,1,2,0.3333,0,1,2,0,0.3333,2
1624,999,2,16,3,1,11,3,3,0,6,0.8444,0,2,1,1,0.5911,2
2246,3541,5,29,0,1,15,2,4,3,3,0.5,1,2,2,2,0.5,2
2027,1465,4,25,0,2,14,2,4,8,10,0.1778,0,4,1,0,0.1245,1
4220,3676,3,28,2,3,18,5,9,6,9,0.3444,0,3,2,2,0.3444,2
3403,1603,5,15,1,2,18,4,5,11,3,0.5,2,4,3,0,0.65,2
4879,919,4,21,2,0,10,1,3,10,2,0.3333,0,1,2,0,0.3333,1
3074,2272,1,4,0,0,4,1,2,10,2,0.3333,0,2,2,1,0.3333,2
4773,2551,3,10,1,0,10,2,0,1,4,0.6667,0,3,2,2,0.6667,2
3038,2321,1,13,1,3,11,3,6,9,10,0.1778,0,2,2,1,0.1778,1
3242,955,5,23,1,0,18,4,1,10,6,0.8444,0,2,2,1,0.8444,2
4215,1640,5,15,2,3,18,5,9,11,9,0.3444,2,5,3,0,0.4477,2
3313,1506,5,36,0,1,11,0,5,10,2,0.3333,0,4,2,0,0.3333,2
3439,682,3,28,2,3,9,0,9,10,1,0.1667,0,2,2,1,0.1667,1
3901,2329,5,10,0,1,13,1,2,2,1,0.1667,1,5,3,0,0.2167,2
4692,2550,1,10,3,0,2,0,0,8,2,0.3333,0,0,0,0,0.1333,1
1759,787,3,12,3,2,10,1,4,0,3,0.5,0,2,1,1,0.35,2
2996,3231,2,19,3,3,9,1,9,10,6,0.8444,0,1,2,0,0.8444,2
2613,2635,2,18,0,0,4,0,0,13,12,0.0,0,1,2,0,0.0,1
2186,2858,1,4,3,2,12,4,4,1,3,0.5,0,4,2,0,0.5,2
944,946,1,4,3,2,8,2,7,6,2,0.3333,0,0,2,1,0.3333,1
659,3729,1,11,1,2,12,4,5,7,11,0.0889,0,4,3,0,0.1156,1
3265,480,2,18,0,1,5,0,4,8,5,0.7556,0,1,1,0,0.5289,2
4940,2203,3,29,2,0,14,4,3,9,8,0.5111,0,0,2,1,0.5111,2
1116,1193,4,24,2,3,18,4,9,6,8,0.5111,0,2,2,2,0.5111,2
2275,403,5,36,2,1,18,4,2,10,11,0.0889,0,4,2,0,0.0889,1
1055,3172,2,10,0,0,14,5,1,0,5,0.7556,0,2,1,1,0.5289,2
3979,1293,3,35,0,2,16,4,6,6,3,0.5,0,0,2,1,0.5,2
1776,905,1,13,2,0,10,4,3,10,2,0.3333,0,1,2,0,0.3333,1
1866,2808,5,15,1,1,11,0,2,7,8,0.5111,0,0,2,0,0.5111,2
2625,3180,5,29,0,3,18,4,6,11,11,0.0889,2,4,3,0,0.1156,2
1889,1404,1,15,1,3,15,5,8,9,3,0.5,0,4,2,0,0.5,2
4845,1144,3,11,1,2,12,2,6,4,3,0.5,1,4,2,0,0.5,2
1611,470,4,6,0,3,18,4,8,7,5,0.7556,0,0,2,0,0.7556,2
2061,1443,2,5,2,1,9,2,3,2,6,0.8444,1,5,3,0,1.0,2
4894,2497,2,30,1,1,7,1,3,10,6,0.8444,0,2,2,1,0.8444,2
1297,1841,3,26,0,0,12,3,2,2,11,0.0889,1,4,2,0,0.0889,1
2901,1145,3,24,1,1,9,1,5,7,4,0.6667,0,2,2,1,0.6667,2
3915,3179,1,11,3,2,10,3,7,2,4,0.6667,1,5,3,0,0.8667,2
4782,1498,1,18,3,1,3,0,2,4,7,0.6778,1,5,3,0,0.8811,2
1065,3721,1,16,0,0,10,4,0,3,2,0.3333,1,2,2,2,0.3333,2
3004,538,3,26,0,1,17,5,5,8,4,0.6667,0,0,0,0,0.2667,1
694,1083,5,17,3,3,17,2,7,13,3,0.5,0,2,2,1,0.5,2
2060,881,3,36,2,1,17,5,3,6,5,0.7556,0,3,2,2,0.7556,2
1774,2995,4,11,2,2,12,1,6,5,2,0.3333,2,4,3,0,0.4333,2
4506,3183,5,18,2,0,18,5,3,7,12,0.0,0,1,2,0,0.0,1
1627,1661,5,11,1,1,11,0,3,7,4,0.6667,0,0,2,0,0.6667,2
1782,3710,3,22,0,2,16,4,6,6,9,0.3444,0,2,2,2,0.3444,2
764,1108,4,8,3,2,14,2,4,0,1,0.1667,0,1,1,0,0.1167,1
3754,3065,3,29,1,2,14,3,6,11,4,0.6667,2,5,3,0,0.8667,2
2915,2554,2,26,2,3,11,2,6,7,12,0.0,0,1,2,0,0.0,1
961,458,5,15,0,0,18,4,1,6,3,0.5,0,1,2,0,0.5,2
1344,785,3,21,1,3,9,0,8,2,2,0.3333,1,5,3,0,0.4333,2
2375,2308,1,14,1,3,11,3,7,6,10,0.1778,0,2,2,2,0.1778,1
2300,1990,4,9,1,3,18,5,6,9,4,0.6667,0,0,2,1,0.6667,2
4003,2348,4,28,3,3,13,1,9,6,3,0.5,0,2,2,2,0.5,2
3052,2417,2,21,3,1,5,0,3,6,10,0.1778,0,3,2,2,0.1778,1
4656,1776,2,15,0,2,10,2,6,10,2,0.3333,0,4,2,0,0.3333,1
2746,2125,2,13,2,2,16,5,5,1,8,0.5111,0,4,2,0,0.5111,2
3439,1922,1,18,2,1,3,0,2,10,9,0.3444,0,0,2,0,0.3444,1
4850,941,3,28,1,1,11,2,3,3,3,0.5,1,2,2,2,0.5,2
1038,936,1,11,2,2,8,2,4,3,4,0.6667,1,3,2,2,0.6667,2
3366,1695,4,10,3,2,16,3,5,9,4,0.6667,0,0,2,1,0.6667,2
4201,1445,2,14,2,3,11,2,9,13,4,0.6667,0,2,2,1,0.6667,2
1424,1470,2,26,3,2,16,5,6,0,2,0.3333,0,1,1,0,0.2333,1
4420,3788,2,10,1,1,7,1,5,12,11,0.0889,0,4,2,0,0.0889,1
1127,3477,2,21,2,2,6,0,6,12,4,0.6667,0,0,2,0,0.6667,2
3827,3498,5,19,0,3,18,4,9,12,3,0.5,0,2,2,1,0.5,2
3742,2610,1,33,3,2,12,4,6,6,1,0.1667,0,3,2,2,0.1667,1
3611,2512,5,16,2,0,16,3,1,9,12,0.0,0,4,2,0,0.0,1
4365,1419,2,12,3,2,12,3,5,0,5,0.7556,0,2,1,1,0.5289,2
4915,1631,4,17,0,3,15,2,9,1,12,0.0,0,3,2,2,0.0,2
4699,760,2,34,1,1,15,5,5,2,12,0.0,1,5,3,0,0.0,2
1672,2910,1,15,0,2,6,1,7,7,8,0.5111,0,0,2,0,0.5111,2
4523,2717,4,16,0,1,9,0,2,9,3,0.5,0,4,2,0,0.5,2
3803,1779,2,35,2,1,15,5,4,6,2,0.3333,0,3,2,2,0.3333,2
4238,1677,3,7,0,3,13,2,9,2,12,0.0,1,1,2,1,0.0,2
1308,2544,5,33,3,2,18,4,5,7,8,0.5111,0,0,2,0,0.5111,2
3913,1676,4,23,0,0,16,4,2,12,9,0.3444,0,0,2,0,0.3444,1
2853,2669,2,18,0,1,5,0,5,7,6,0.8444,0,0,2,0,0.8444,2
1744,3781,3,10,3,0,8,1,2,9,10,0.1778,0,4,2,0,0.1778,2
1210,2787,2,21,1,3,7,0,8,0,5,0.7556,0,0,1,0,0.5289,2
4782,1290,3,36,1,2,10,1,5,10,4,0.6667,0,1,2,0,0.6667,2
2682,1177,5,33,1,1,15,2,3,6,8,0.5111,0,1,2,0,0.5111,2
652,2019,2,24,3,2,10,2,6,6,11,0.0889,0,4,2,0,0.0889,0
3299,1344,4,12,1,0,10,1,0,7,2,0.3333,0,0,2,0,0.3333,1
1201,1950,4,10,1,1,13,2,4,10,2,0.3333,0,2,2,1,0.3333,2
1256,2463,1,14,0,3,7,1,9,6,1,0.1667,0,0,2,1,0.1667,1
2089,3295,1,32,1,3,15,5,9,11,5,0.7556,2,5,3,0,0.9823,2
3993,2357,4,15,1,3,17,3,9,11,3,0.5,2,4,3,0,0.65,2
4997,1792,4,10,3,2,18,5,7,4,4,0.6667,1,0,2,1,0.6667,2
4067,552,5,18,2,1,18,5,5,4,6,0.8444,1,1,2,0,0.8444,2
767,1313,3,15,0,2,14,3,6,6,2,0.3333,0,0,2,1,0.3333,1
710,1713,4,13,0,1,9,0,3,4,6,0.8444,1,4,2,0,0.8444,2
1134,2135,5,9,1,1,13,1,2,3,12,0.0,1,3,2,2,0.0,2
3694,1975,2,16,3,2,16,5,7,3,4,0.6667,1,2,2,2,0.6667,2
3883,3129,5,10,0,1,13,1,3,12,1,0.1667,0,0,2,0,0.1667,2
2933,653,5,33,0,0,16,3,3,6,5,0.7556,0,4,2,0,0.7556,2
1518,1219,2,24,0,3,15,4,7,10,11,0.0889,0,4,2,0,0.0889,1
4079,3870,3,33,3,0,6,0,2,4,11,0.0889,1,1,2,0,0.0889,1
1932,1849,3,22,3,3,13,2,8,0,6,0.8444,0,1,1,0,0.5911,2
3556,1728,1,16,2,3,13,4,6,6,3,0.5,0,3,2,2,0.5,2
3741,1391,3,27,2,2,10,1,5,9,8,0.5111,0,4,2,0,0.5111,2
4563,2248,1,16,2,3,7,1,7,4,4,0.6667,1,0,2,1,0.6667,2
1763,3599,2,28,0,1,9,2,4,5,12,0.0,2,5,3,0,0.0,2
2486,722,5,10,3,0,16,3,0,6,1,0.1667,0,0,2,1,0.1667,1
3460,476,4,10,1,1,18,5,3,5,4,0.6667,2,4,3,0,0.8667,2
2802,1744,5,12,3,3,17,2,7,0,11,0.0889,0,2,1,1,0.0622,2
4626,1544,1,34,0,3,15,5,7,5,1,0.1667,2,4,3,0,0.2167,2
2536,1151,1,17,1,1,3,0,4,4,9,0.3444,1,5,3,0,0.4477,2
1703,2655,4,21,3,0,12,2,1,8,10,0.1778,0,0,0,0,0.0711,1
4905,534,3,16,1,2,16,4,4,8,4,0.6667,0,1,1,0,0.4667,2
2710,2362,1,6,2,3,13,4,6,6,5,0.7556,0,0,2,1,0.7556,2
2190,1331,5,16,0,1,18,4,2,4,8,0.5111,1,4,2,0,0.5111,2
930,3443,4,21,0,3,13,1,8,5,6,0.8444,2,5,3,0,1.0,2
4977,2737,5,26,0,2,18,3,7,11,3,0.5,2,1,2,0,0.5,2
2682,1643,2,34,3,3,13,3,9,6,3,0.5,0,3,2,2,0.5,2
2216,426,3,36,3,2,16,4,4,4,3,0.5,1,1,2,0,0.5,2
4376,1706,4,17,2,3,17,3,6,11,7,0.6778,2,5,3,0,0.8811,2
3731,1266,4,22,3,1,15,3,5,0,12,0.0,0,4,2,0,0.0,1
3331,2571,4,15,1,2,14,2,4,10,12,0.0,0,0,2,0,0.0,1
777,1508,5,6,1,2,18,4,5,11,1,0.1667,2,5,3,0,0.2167,2
4085,1556,4,5,2,1,9,0,4,2,7,0.6778,1,5,3,0,0.8811,2
1689,3163,2,10,0,0,10,3,3,12,2,0.3333,0,1,2,0,0.3333,1
3561,3458,2,9,2,2,10,2,6,8,1,0.1667,0,0,0,0,0.0667,1
4515,2276,4,36,3,2,18,5,7,7,12,0.0,0,1,2,0,0.0,1
3725,3776,1,14,0,3,7,1,7,8,6,0.8444,0,1,1,0,0.5911,2
968,1623,2,23,2,3,13,3,9,9,2,0.3333,0,2,2,1,0.3333,2
3506,1284,1,15,2,0,4,1,1,0,1,0.1667,0,0,1,0,0.1167,0
2090,3918,1,28,2,1,7,2,3,7,4,0.6667,0,4,3,0,0.8667,2
758,3409,2,36,0,0,14,5,1,11,2,0.3333,2,4,3,0,0.4333,2
4764,3669,4,23,2,2,18,5,7,9,6,0.8444,0,4,2,0,0.8444,2
4700,3287,3,9,0,1,17,5,4,10,1,0.1667,0,4,2,0,0.1667,2
3420,3435,4,15,2,3,15,2,8,9,6,0.8444,0,1,2,0,0.8444,2
2473,796,5,27,3,1,15,2,2,9,6,0.8444,0,0,2,1,0.8444,2
4962,2913,2,6,3,0,4,0,3,8,3,0.5,0,4,1,0,0.35,2
1721,3004,2,14,1,2,16,5,6,9,12,0.0,0,4,2,0,0.0,1
3037,3173,1,28,0,3,15,5,7,9,8,0.5111,0,2,2,1,0.5111,2
1395,3244,4,14,2,1,11,1,5,5,4,0.6667,2,5,3,0,0.8667,2
4333,3848,1,17,1,1,3,0,4,3,10,0.1778,1,3,2,2,0.1778,2
3448,3923,2,22,3,0,8,2,1,8,4,0.6667,0,0,0,0,0.2667,1
2378,3326,2,13,3,2,16,5,6,1,12,0.0,0,4,2,0,0.0,1
1918,1497,1,14,3,2,8,2,5,1,7,0.6778,0,1,2,0,0.6778,2
4968,3853,2,10,1,0,6,1,0,7,5,0.7556,0,4,3,0,0.9823,2
3536,2188,2,6,3,1,9,2,3,13,2,0.3333,0,4,2,0,0.3333,2
1519,2034,1,15,0,3,13,4,6,0,9,0.3444,0,1,1,0,0.2411,1
1719,1817,4,18,2,2,12,1,6,7,4,0.6667,0,1,2,0,0.6667,2
3748,2255,3,10,2,3,15,3,9,2,8,0.5111,1,1,2,1,0.5111,2
4752,1577,4,28,3,0,8,0,3,7,5,0.7556,0,0,2,0,0.7556,2
3731,3551,3,16,0,1,9,1,5,13,2,0.3333,0,0,2,0,0.3333,2
822,1633,5,6,2,3,13,0,7,1,2,0.3333,0,1,2,0,0.3333,2
851,3142,4,33,2,3,18,5,8,0,9,0.3444,0,2,1,1,0.2411,2
2830,3731,3,18,1,3,18,5,8,0,5,0.7556,0,2,1,1,0.5289,2
1834,2570,3,15,2,1,13,3,5,6,2,0.3333,0,1,2,0,0.3333,1
4215,2650,5,14,0,1,18,4,3,4,10,0.1778,1,5,3,0,0.2311,2
3070,2688,3,20,1,2,8,0,7,8,12,0.0,0,0,0,0,0.0,0
1135,3933,4,13,2,2,18,4,4,9,3,0.5,0,4,2,0,0.5,2
3523,2247,4,32,2,0,12,2,0,9,2,0.3333,0,2,2,1,0.3333,2
627,1156,1,5,2,1,11,4,2,0,7,0.6778,0,1,1,0,0.4745,2
1962,3740,1,11,0,3,5,0,8,3,12,0.0,1,3,2,2,0.0,2
4580,2866,2,14,2,1,9,2,2,9,3,0.5,0,1,2,0,0.5,2
1708,639,1,23,1,2,14,5,5,8,3,0.5,0,1,1,0,0.35,1
1244,2628,5,12,1,2,16,2,4,10,9,0.3444,0,4,2,0,0.3444,2
3408,1704,2,12,3,3,15,4,7,9,9,0.3444,0,0,2,1,0.3444,2
645,1276,3,10,1,3,9,0,8,6,12,0.0,0,1,2,0,0.0,1
933,1930,4,23,0,2,12,1,7,4,12,0.0,1,5,3,0,0.0,2
4286,2340,5,12,3,1,11,0,5,1,4,0.6667,0,2,2,1,0.6667,2
4709,1554,4,36,3,0,14,3,2,6,5,0.7556,0,1,2,0,0.7556,2
2559,1978,3,26,1,3,15,3,8,2,6,0.8444,1,5,3,0,1.0,2
2141,2090,2,17,1,2,12,3,5,3,1,0.1667,1,0,2,1,0.1667,1
3085,3485,3,9,1,1,17,5,4,6,4,0.6667,0,4,2,0,0.6667,2
3106,703,3,11,3,1,15,4,5,0,2,0.3333,0,1,1,0,0.2333,1
2052,2853,4,7,0,1,15,3,3,6,8,0.5111,0,2,2,2,0.5111,2
4313,3485,5,16,2,0,12,1,0,4,5,0.7556,1,3,2,2,0.7556,2
1869,3844,4,20,1,0,10,1,2,12,4,0.6667,0,2,2,1,0.6667,2
3974,1589,1,33,1,1,7,2,2,8,3,0.5,0,0,0,0,0.2,1
754,3247,3,27,2,3,11,1,7,0,12,0.0,0,2,1,1,0.0,1
4836,1269,4,22,0,3,15,2,8,6,4,0.6667,0,3,2,2,0.6667,2
3160,2702,1,10,1,2,8,2,5,8,5,0.7556,0,1,1,0,0.5289,2
4968,3098,3,17,0,1,9,1,5,9,3,0.5,0,0,2,1,0.5,2
4064,2964,4,3,0,2,16,3,7,1,10,0.1778,0,2,2,1,0.1778,2
1587,415,1,13,0,2,14,5,7,8,12,0.0,0,1,1,0,0.0,0
2675,1448,1,15,2,0,6,2,1,12,5,0.7556,0,1,2,0,0.7556,2
4903,434,2,18,3,0,4,0,2,1,9,0.3444,0,4,2,0,0.3444,1
2682,3315,2,12,3,3,15,4,9,4,9,0.3444,1,3,2,2,0.3444,2
1593,3775,3,25,3,3,18,5,9,9,9,0.3444,0,0,2,1,0.3444,2
1838,3780,4,24,3,1,15,3,2,10,9,0.3444,0,0,2,0,0.3444,2
4290,2162,5,15,1,0,18,4,0,6,5,0.7556,0,4,2,0,0.7556,2
1070,2103,4,17,1,1,15,3,5,0,4,0.6667,0,2,1,1,0.4667,2
1178,1308,4,13,2,0,12,2,2,8,2,0.3333,0,0,0,0,0.1333,1
4860,1327,5,36,3,0,18,5,3,10,12,0.0,0,0,2,0,0.0,1
1246,2913,5,16,2,3,15,1,8,12,1,0.1667,0,2,2,1,0.1667,2
3983,413,2,30,0,1,15,5,4,6,7,0.6778,0,2,2,2,0.6778,2
2610,893,2,27,3,2,8,1,7,6,11,0.0889,0,2,2,2,0.0889,1
3986,1818,3,24,3,3,13,2,9,6,5,0.7556,0,3,2,2,0.7556,2
2343,452,2,17,0,1,7,1,2,5,10,0.1778,2,4,3,0,0.2311,2
1669,1541,5,26,2,0,12,1,2,0,3,0.5,0,1,1,0,0.35,2
2415,1960,2,24,1,3,9,1,7,6,4,0.6667,0,1,2,0,0.6667,2
1247,1729,1,32,2,3,5,0,7,6,10,0.1778,0,1,2,0,0.1778,0
1678,1250,4,6,2,2,12,1,6,2,12,0.0,1,1,2,1,0.0,2
2838,1053,1,28,3,0,6,2,1,0,9,0.3444,0,1,1,0,0.2411,1
2955,980,2,12,2,2,14,4,4,13,12,0.0,0,0,2,0,0.0,1
1485,697,2,27,0,1,5,0,5,3,7,0.6778,1,3,2,2,0.6778,2
3529,1077,2,35,0,1,7,1,3,8,7,0.6778,0,0,0,0,0.2711,1
4297,2541,2,13,2,3,15,4,6,4,2,0.3333,1,4,2,0,0.3333,2
4208,1419,1,26,0,1,11,4,4,0,12,0.0,0,2,1,1,0.0,0
2373,2427,4,6,1,2,18,4,6,8,2,0.3333,0,1,1,0,0.2333,2
3743,1500,5,14,2,2,18,5,7,8,6,0.8444,0,0,0,0,0.3378,2
1297,2945,1,9,3,2,14,5,7,11,2,0.3333,2,5,3,0,0.4333,2
4429,1501,5,27,0,2,18,3,5,7,4,0.6667,0,0,2,0,0.6667,2
4829,3274,1,7,2,3,11,3,6,7,1,0.1667,0,4,3,0,0.2167,2
2229,3858,4,20,0,1,13,2,5,3,7,0.6778,1,3,2,2,0.6778,2
1139,2185,2,21,1,3,11,2,7,6,2,0.3333,0,1,2,0,0.3333,1
2756,3888,5,27,3,1,15,2,4,6,7,0.6778,0,4,2,0,0.6778,2
4294,2731,5,21,0,0,18,4,2,6,1,0.1667,0,3,2,2,0.1667,1
3550,515,3,17,1,1,9,1,2,9,3,0.5,0,4,2,0,0.5,2
4571,3933,1,9,3,1,5,1,3,9,5,0.7556,0,4,2,0,0.7556,2
2962,714,2,10,2,2,12,3,6,6,9,0.3444,0,3,2,2,0.3444,2
2021,644,5,25,3,1,13,1,4,4,9,0.3444,1,5,3,0,0.4477,2
2239,3876,1,10,3,0,4,1,3,7,6,0.8444,0,1,2,0,0.8444,2
4852,1838,3,28,2,2,10,1,7,4,5,0.7556,1,5,3,0,0.9823,2
1752,1698,1,25,3,3,5,0,9,3,5,0.7556,1,2,2,2,0.7556,2
1518,2928,4,15,1,1,15,3,5,2,5,0.7556,1,4,2,0,0.7556,2
2414,3926,4,16,2,1,18,5,5,8,3,0.5,0,1,1,0,0.35,2
1687,2705,4,33,0,1,9,0,3,7,1,0.1667,0,0,2,0,0.1667,1
831,1884,2,34,1,3,15,4,9,8,12,0.0,0,4,1,0,0.0,1
778,3692,5,30,2,3,18,3,8,1,11,0.0889,0,2,2,1,0.0889,1
800,3860,3,29,0,3,9,0,7,1,2,0.3333,0,2,2,1,0.3333,2
1554,2542,4,20,0,1,11,1,2,6,5,0.7556,0,0,2,1,0.7556,2
2666,2107,5,10,2,2,18,5,6,7,7,0.6778,0,0,2,0,0.6778,2
1424,3821,5,11,0,1,15,2,3,7,1,0.1667,0,0,2,0,0.1667,2
4640,2425,4,26,2,3,15,2,7,2,11,0.0889,1,5,3,0,0.1156,2
4533,1716,5,13,2,0,10,0,2,11,12,0.0,2,4,3,0,0.0,2
1841,2650,4,6,2,2,14,2,7,6,10,0.1778,0,3,2,2,0.1778,2
2195,3655,1,11,3,3,9,2,9,10,12,0.0,0,0,2,0,0.0,1
3475,3627,5,23,2,0,16,3,1,0,1,0.1667,0,4,2,0,0.1667,1
3814,1676,1,6,2,2,12,4,7,12,4,0.6667,0,0,2,0,0.6667,2
3704,1176,3,7,3,3,11,1,9,0,3,0.5,0,1,1,0,0.35,2
1155,605,3,17,1,3,18,5,9,7,2,0.3333,0,0,2,0,0.3333,1
1648,2534,3,10,3,0,12,3,1,4,4,0.6667,1,0,2,1,0.6667,2
4040,1066,3,32,0,1,11,2,2,6,1,0.1667,0,0,2,1,0.1667,0
1792,2128,1,24,1,2,14,5,7,0,4,0.6667,0,0,1,0,0.4667,2
3239,1149,1,18,0,0,6,2,3,8,9,0.3444,0,4,1,0,0.2411,1
2600,1559,5,8,3,0,12,1,0,6,6,0.8444,0,3,2,2,0.8444,2
641,2148,5,35,2,1,13,1,2,0,8,0.5111,0,4,2,0,0.5111,2
1920,3673,3,10,0,3,18,5,9,4,12,0.0,1,1,2,0,0.0,2
4410,2405,3,12,3,1,9,1,5,6,3,0.5,0,0,2,1,0.5,2
4459,2573,5,22,2,0,18,4,3,7,6,0.8444,0,0,2,0,0.8444,2
2852,2426,2,20,2,2,16,5,7,0,5,0.7556,0,1,1,0,0.5289,2
2222,3199,4,15,2,3,15,2,8,6,1,0.1667,0,2,2,2,0.1667,2
3993,466,2,4,1,3,15,4,7,6,10,0.1778,0,2,2,2,0.1778,2
939,511,2,8,1,1,7,1,3,12,4,0.6667,0,4,2,0,0.6667,2
3891,1695,1,5,0,1,9,3,4,1,7,0.6778,0,1,2,0,0.6778,2
3914,2600,1,29,1,0,10,4,3,12,2,0.3333,0,2,2,1,0.3333,1
4445,2162,2,11,0,0,14,5,3,5,7,0.6778,2,5,3,0,0.8811,2
2777,1785,4,29,2,2,10,0,5,4,6,0.8444,1,4,2,0,0.8444,2
2470,2127,4,34,0,3,17,3,6,13,8,0.5111,0,4,2,0,0.5111,2
4595,3139,4,15,1,2,12,1,5,12,11,0.0889,0,0,2,0,0.0889,1
884,1236,5,15,2,1,15,2,4,1,5,0.7556,0,4,2,0,0.7556,2
2845,956,1,7,2,0,12,5,2,9,8,0.5111,0,4,2,0,0.5111,2
2635,1874,1,13,2,1,13,5,3,1,8,0.5111,0,1,2,0,0.5111,1
4780,1268,2,13,2,3,7,0,7,6,5,0.7556,0,0,2,1,0.7556,2
3297,544,1,28,2,1,3,0,4,11,2,0.3333,2,5,3,0,0.4333,2
2914,905,1,19,1,2,6,1,6,4,5,0.7556,1,5,3,0,0.9823,2
1456,897,1,8,0,0,10,4,1,8,12,0.0,0,0,0,0,0.0,0
3697,2905,1,16,0,2,12,4,7,12,3,0.5,0,2,2,1,0.5,2
807,2026,1,16,3,3,13,4,8,0,8,0.5111,0,0,1,0,0.3578,1
4198,740,1,30,1,1,13,5,3,0,2,0.3333,0,1,1,0,0.2333,1
2216,982,3,3,3,0,12,3,1,5,11,0.0889,2,4,3,0,0.1156,2
2055,2912,1,5,2,1,5,1,3,1,6,0.8444,0,2,2,1,0.8444,2
1537,1215,4,12,0,2,14,2,4,0,3,0.5,0,1,1,0,0.35,2
1767,2547,1,26,1,1,9,3,2,9,8,0.5111,0,2,2,1,0.5111,1
1097,2347,1,10,1,3,11,3,9,5,7,0.6778,2,5,3,0,0.8811,2
2076,672,2,15,0,3,9,1,8,1,10,0.1778,0,4,2,0,0.1778,1
1516,2382,1,19,3,1,5,1,2,10,6,0.8444,0,2,2,1,0.8444,2
4427,3952,5,31,0,2,16,2,5,6,1,0.1667,0,1,2,0,0.1667,1
3899,3258,5,6,2,2,16,2,5,3,9,0.3444,1,3,2,2,0.3444,2
3971,2684,1,9,2,2,4,0,6,0,8,0.5111,0,2,1,1,0.3578,2
2371,2652,1,17,2,1,9,3,4,8,3,0.5,0,0,0,0,0.2,1
4231,3250,4,18,1,3,15,2,6,2,9,0.3444,1,1,2,1,0.3444,2
3621,3274,1,19,3,2,8,2,5,5,3,0.5,2,4,3,0,0.65,2
973,3058,3,32,3,0,10,2,2,10,2,0.3333,0,1,2,0,0.3333,1
1130,847,4,13,0,2,12,1,7,3,5,0.7556,1,1,2,1,0.7556,2
2470,2646,3,25,1,3,15,3,8,10,3,0.5,0,2,2,1,0.5,2
622,1499,1,27,2,1,13,5,2,3,4,0.6667,1,2,2,2,0.6667,2
4522,2623,5,15,3,2,18,5,4,8,3,0.5,0,0,0,0,0.2,2
2983,1892,5,9,2,2,18,4,7,9,5,0.7556,0,4,2,0,0.7556,2
2905,1908,4,20,3,2,10,0,6,8,1,0.1667,0,0,0,0,0.0667,0
2919,3304,1,8,2,1,7,2,2,5,3,0.5,2,4,3,0,0.65,2
2373,3585,3,12,0,1,15,4,4,5,12,0.0,2,5,3,0,0.0,2
1714,413,4,22,2,2,10,0,7,4,4,0.6667,1,5,3,0,0.8667,2
1458,2499,3,16,1,0,16,5,2,9,1,0.1667,0,4,2,0,0.1667,1
3177,864,5,14,3,2,18,3,5,4,1,0.1667,1,1,2,0,0.1667,2
2358,1143,1,33,1,3,9,2,9,12,10,0.1778,0,2,2,1,0.1778,1
1853,1729,2,10,0,3,9,1,6,0,3,0.5,0,4,2,0,0.5,2
1065,965,4,13,1,2,12,1,4,9,4,0.6667,0,1,2,0,0.6667,2
2813,997,3,18,2,0,14,4,1,0,12,0.0,0,1,1,0,0.0,1
1886,3904,5,31,2,1,15,2,4,12,4,0.6667,0,0,2,0,0.6667,2
4144,866,4,6,1,2,14,2,7,7,2,0.3333,0,1,2,0,0.3333,2
1346,1450,1,12,2,0,2,0,3,6,7,0.6778,0,0,2,1,0.6778,1
4373,3263,2,16,0,3,13,3,6,1,2,0.3333,0,3,2,2,0.3333,2
1931,1756,5,20,3,1,18,5,5,10,9,0.3444,0,4,2,0,0.3444,2
2892,2195,5,31,1,0,10,0,3,0,12,0.0,0,2,1,1,0.0,1
4013,2689,1,12,3,2,10,3,6,7,3,0.5,0,2,2,1,0.5,2
2204,2084,1,23,3,3,11,3,7,6,1,0.1667,0,2,2,2,0.1667,1
4429,545,4,14,0,3,18,4,8,7,3,0.5,0,0,2,0,0.5,2
2587,1785,4,28,0,3,18,5,7,7,1,0.1667,0,2,2,1,0.1667,1
1950,1024,5,18,0,1,13,1,4,11,11,0.0889,2,5,3,0,0.1156,2
3775,1603,1,17,3,2,12,4,7,10,2,0.3333,0,2,2,1,0.3333,1
1049,948,3,3,0,3,17,4,7,4,5,0.7556,1,3,2,2,0.7556,2
4831,3785,3,18,1,0,8,1,0,13,10,0.1778,0,0,2,0,0.1778,1
3730,1660,2,29,3,2,6,0,5,4,12,0.0,1,1,2,0,0.0,1
1490,3249,1,28,0,3,9,2,7,8,1,0.1667,0,0,0,0,0.0667,0
4349,1075,2,19,1,2,8,1,5,8,4,0.6667,0,0,0,0,0.2667,1
1200,1670,1,35,3,1,7,2,3,4,11,0.0889,1,4,2,0,0.0889,1
2372,909,5,21,0,1,17,3,3,9,6,0.8444,0,0,2,1,0.8444,2
3039,1516,1,18,1,1,5,1,5,7,3,0.5,0,2,2,1,0.5,2
2731,768,1,29,3,1,9,3,4,13,4,0.6667,0,2,2,1,0.6667,2
2324,1579,4,7,3,3,13,1,9,10,8,0.5111,0,0,2,0,0.5111,2
2087,836,1,26,0,2,8,2,5,6,7,0.6778,0,1,2,0,0.6778,1
2006,3945,5,14,3,0,18,5,2,0,11,0.0889,0,1,1,0,0.0622,1
2994,1262,4,26,0,3,18,4,6,6,2,0.3333,0,2,2,2,0.3333,2
1483,1096,1,10,3,1,7,2,4,0,10,0.1778,0,4,2,0,0.1778,1
3278,1860,4,13,0,2,14,2,5,1,2,0.3333,0,3,2,2,0.3333,2
4641,1384,5,14,0,2,12,0,4,3,8,0.5111,1,2,2,2,0.5111,2
627,2897,3,13,3,3,15,3,6,9,4,0.6667,0,1,2,0,0.6667,2
2075,1335,3,6,2,2,12,2,7,12,7,0.6778,0,2,2,1,0.6778,2
1305,1151,1,22,0,2,12,4,6,8,3,0.5,0,0,0,0,0.2,1
2704,2603,5,26,3,2,18,3,6,4,10,0.1778,1,0,2,1,0.1778,2
1064,2434,5,16,1,0,14,2,1,12,8,0.5111,0,0,2,0,0.5111,2
3879,1285,3,29,3,2,8,0,5,12,10,0.1778,0,2,2,1,0.1778,1
3856,2625,1,22,2,0,12,5,1,11,7,0.6778,2,5,3,0,0.8811,2
2597,2482,5,16,3,2,18,3,7,2,3,0.5,1,5,3,0,0.65,2
2979,1172,4,9,2,2,12,1,6,0,6,0.8444,0,4,2,0,0.8444,2
2252,2099,5,13,0,0,10,0,3,0,3,0.5,0,1,1,0,0.35,2
3896,1145,2,27,0,0,4,0,0,8,10,0.1778,0,0,0,0,0.0711,0
2528,2365,1,19,1,2,4,0,4,5,7,0.6778,2,5,3,0,0.8811,2
3800,1082,1,17,0,2,14,5,7,6,12,0.0,0,4,2,0,0.0,1
2615,1317,4,14,3,0,12,2,3,10,4,0.6667,0,1,2,0,0.6667,2
2051,3391,1,36,3,3,11,3,7,7,9,0.3444,0,0,2,0,0.3444,1
1678,1425,5,12,0,3,17,2,8,12,12,0.0,0,2,2,1,0.0,2
4979,2443,2,35,3,0,8,2,0,12,1,0.1667,0,1,2,0,0.1667,1
4055,1851,1,13,2,0,10,4,0,6,1,0.1667,0,0,2,1,0.1667,0
2483,601,3,11,1,3,18,5,6,12,5,0.7556,0,4,2,0,0.7556,2
2182,2385,5,15,3,0,16,3,2,9,1,0.1667,0,0,2,1,0.1667,1
1749,2959,2,23,3,3,17,5,9,9,7,0.6778,0,4,2,0,0.6778,2
2197,2013,2,6,2,0,4,0,1,8,11,0.0889,0,0,0,0,0.0356,1
4398,1469,2,17,1,0,6,1,2,6,3,0.5,0,1,2,0,0.5,1
2660,933,4,12,0,3,11,0,8,6,2,0.3333,0,2,2,2,0.3333,2
2106,3875,3,13,1,2,16,4,4,2,3,0.5,1,5,3,0,0.65,2
1216,2353,2,12,0,1,5,0,4,7,3,0.5,0,1,2,0,0.5,2
3960,2985,3,34,2,1,9,1,2,12,8,0.5111,0,4,2,0,0.5111,2
2935,1572,5,16,3,1,13,1,2,3,10,0.1778,1,3,2,2,0.1778,2
4806,2541,5,12,3,0,10,0,0,8,5,0.7556,0,1,1,0,0.5289,2
3911,2058,5,19,3,2,12,0,4,12,3,0.5,0,0,2,0,0.5,2
1964,3929,3,11,0,1,13,3,2,3,5,0.7556,1,2,2,2,0.7556,2
823,3218,2,7,2,0,12,4,0,4,8,0.5111,1,5,3,0,0.6644,2
2997,1198,3,3,1,3,11,1,6,7,9,0.3444,0,1,2,0,0.3444,2
985,2720,4,18,3,2,12,1,6,11,7,0.6778,2,1,2,0,0.6778,2
3231,3461,4,17,1,1,11,1,2,9,10,0.1778,0,4,2,0,0.1778,1
1162,3583,1,10,3,0,2,0,0,2,4,0.6667,1,0,2,1,0.6667,2
3527,1360,3,28,1,2,8,0,4,4,8,0.5111,1,4,2,0,0.5111,2
2506,3019,1,11,1,0,10,4,0,0,3,0.5,0,4,2,0,0.5,2
2673,890,5,15,0,2,16,2,6,7,1,0.1667,0,4,3,0,0.2167,1
1893,3159,3,19,3,2,18,5,7,9,3,0.5,0,0,2,1,0.5,2
1773,3074,1,21,1,3,5,0,8,3,5,0.7556,1,2,2,2,0.7556,2
2244,2694,2,28,1,2,8,1,4,13,8,0.5111,0,0,2,0,0.5111,2
3331,2582,4,27,2,3,11,0,8,6,12,0.0,0,2,2,2,0.0,1
2406,986,5,11,2,2,18,4,7,7,9,0.3444,0,2,2,1,0.3444,2
2490,684,4,17,1,2,16,3,7,0,4,0.6667,0,1,1,0,0.4667,2
660,1552,1,19,1,1,9,3,3,9,2,0.3333,0,2,2,1,0.3333,1
1621,831,2,10,0,3,13,3,7,10,3,0.5,0,1,2,0,0.5,2
2229,2050,2,27,1,3,17,5,7,10,1,0.1667,0,4,2,0,0.1667,1
2303,1531,4,11,3,0,12,2,2,10,10,0.1778,0,2,2,1,0.1778,2
1451,3108,5,28,2,2,18,5,6,9,7,0.6778,0,4,2,0,0.6778,2
4396,3270,3,22,3,2,16,4,6,2,12,0.0,1,5,3,0,0.0,2
1002,3933,4,15,3,1,15,3,5,12,3,0.5,0,4,2,0,0.5,2
2173,1006,1,22,2,2,12,4,7,0,11,0.0889,0,1,1,0,0.0622,1
1486,1093,5,6,0,3,13,0,8,7,9,0.3444,0,1,2,0,0.3444,2
4073,2201,4,24,3,1,18,5,4,8,12,0.0,0,4,1,0,0.0,1
2907,627,5,10,0,1,13,1,4,8,12,0.0,0,5,1,0,0.0,1
764,3297,4,15,2,2,12,1,5,1,10,0.1778,0,1,2,0,0.1778,2
797,3464,4,33,1,0,14,3,2,8,2,0.3333,0,5,1,0,0.2333,1
4244,3799,4,10,0,2,14,2,6,9,8,0.5111,0,1,2,0,0.5111,2
1086,2090,1,14,0,2,10,3,5,3,6,0.8444,1,0,2,1,0.8444,2
2841,2744,2,22,0,3,13,3,9,6,1,0.1667,0,1,2,0,0.1667,1
960,2871,2,15,2,3,9,1,7,2,1,0.1667,1,0,2,1,0.1667,1
1070,1780,5,10,2,3,13,0,6,13,4,0.6667,0,4,2,0,0.6667,2
2589,3165,2,24,3,3,7,0,8,12,3,0.5,0,4,2,0,0.5,2
2968,2091,1,15,0,3,13,4,7,0,10,0.1778,0,0,1,0,0.1245,1
1568,711,4,30,1,1,17,4,4,12,5,0.7556,0,4,2,0,0.7556,2
3657,2793,1,9,0,3,7,1,6,8,7,0.6778,0,0,0,0,0.2711,1
874,3077,1,18,0,2,12,4,6,6,1,0.1667,0,0,2,1,0.1667,0
1774,1584,4,31,1,2,12,1,5,0,2,0.3333,0,2,1,1,0.2333,2
1077,2354,1,24,1,0,6,2,3,6,12,0.0,0,1,2,0,0.0,0
4999,3311,5,34,1,2,14,1,5,9,12,0.0,0,0,2,1,0.0,1
2306,2556,2,26,2,1,7,1,2,7,8,0.5111,0,2,2,1,0.5111,2
1856,2634,3,21,1,1,11,2,4,6,11,0.0889,0,1,2,0,0.0889,0
3124,2442,1,10,1,0,12,5,3,9,2,0.3333,0,1,2,0,0.3333,1
2278,1919,5,14,2,3,13,0,6,4,7,0.6778,1,1,2,0,0.6778,2
4877,3971,2,21,3,1,5,0,4,0,7,0.6778,0,1,1,0,0.4745,2
1524,2425,3,10,2,1,11,2,2,0,1,0.1667,0,2,1,1,0.1167,1
1293,2083,5,15,3,1,15,2,3,12,10,0.1778,0,2,2,1,0.1778,2
1793,1836,3,6,2,3,18,5,8,0,1,0.1667,0,4,2,0,0.1667,2
3904,2140,2,23,0,3,9,1,7,10,8,0.5111,0,1,2,0,0.5111,2
2413,1100,2,13,0,3,7,0,6,8,4,0.6667,0,1,1,0,0.4667,1
3962,768,3,34,0,3,9,0,6,6,7,0.6778,0,0,2,1,0.6778,2
1110,2768,4,18,1,2,16,3,4,1,2,0.3333,0,3,2,2,0.3333,2
3933,700,1,7,0,0,6,2,3,10,1,0.1667,0,0,2,0,0.1667,0
1490,3286,1,26,2,2,8,2,7,6,6,0.8444,0,2,2,2,0.8444,2
2296,1058,3,10,0,3,18,5,9,7,10,0.1778,0,0,2,0,0.1778,1
2051,710,2,29,3,2,14,4,6,8,2,0.3333,0,4,1,0,0.2333,1
2310,1982,2,28,1,1,11,3,2,9,2,0.3333,0,1,2,0,0.3333,1
4753,453,3,10,0,1,11,2,3,6,10,0.1778,0,4,2,0,0.1778,1
4049,2531,1,11,3,2,6,1,5,1,2,0.3333,0,1,2,0,0.3333,1
4874,3179,5,6,2,2,18,3,6,10,7,0.6778,0,2,2,1,0.6778,2
1139,611,5,13,1,3,18,5,7,10,1,0.1667,0,2,2,1,0.1667,2
3943,1328,5,23,0,2,18,4,4,1,6,0.8444,0,3,2,2,0.8444,2
2350,3945,3,15,2,2,10,1,7,6,4,0.6667,0,3,2,2,0.6667,2
1674,1040,3,21,3,0,10,2,3,5,5,0.7556,2,5,3,0,0.9823,2
3816,1054,1,10,3,3,15,5,9,1,11,0.0889,0,1,2,0,0.0889,1
1993,3778,2,11,1,3,15,4,9,2,2,0.3333,1,1,2,1,0.3333,2
1571,3084,1,16,0,2,12,4,4,10,12,0.0,0,0,2,0,0.0,1
4539,1742,2,9,0,3,15,4,6,13,4,0.6667,0,2,2,1,0.6667,2
1052,1407,2,25,2,3,7,0,7,10,8,0.5111,0,0,2,0,0.5111,2
1331,701,5,32,0,1,17,3,5,3,11,0.0889,1,0,2,1,0.0889,2
628,3344,4,11,0,0,16,4,1,7,4,0.6667,0,2,2,1,0.6667,2
2223,3533,3,5,1,1,7,0,4,6,10,0.1778,0,0,2,1,0.1778,1
3714,632,4,13,0,1,15,3,2,6,3,0.5,0,2,2,2,0.5,2
896,2824,3,11,0,0,6,0,1,9,5,0.7556,0,1,2,0,0.7556,2
3084,1497,4,11,2,2,14,2,7,3,1,0.1667,1,3,2,2,0.1667,2
925,3534,4,11,3,2,12,1,7,4,7,0.6778,1,5,3,0,0.8811,2
2187,852,3,10,0,1,11,2,2,12,1,0.1667,0,1,2,0,0.1667,1
1773,3018,4,23,2,1,9,0,3,11,4,0.6667,2,1,2,0,0.6667,2
1955,1594,3,17,0,1,15,4,2,4,5,0.7556,1,4,2,0,0.7556,2
3371,1703,3,15,2,2,18,5,4,12,11,0.0889,0,4,2,0,0.0889,1
843,2139,1,23,3,1,9,3,3,4,6,0.8444,1,4,2,0,0.8444,2
2789,2374,1,13,2,0,10,4,2,13,10,0.1778,0,0,2,0,0.1778,1
1196,2881,4,17,2,1,18,5,4,0,1,0.1667,0,4,2,0,0.1667,1
1448,3397,5,6,0,0,14,2,1,10,12,0.0,0,4,2,0,0.0,2
4133,3516,4,10,2,2,10,0,7,6,9,0.3444,0,0,2,1,0.3444,2
3945,3657,3,25,2,1,9,1,5,7,10,0.1778,0,0,2,0,0.1778,1
4234,1962,1,15,0,3,15,5,9,6,4,0.6667,0,4,2,0,0.6667,2
2951,3445,3,17,3,2,18,5,5,6,11,0.0889,0,2,2,2,0.0889,1
2704,3983,4,14,3,1,15,3,4,9,5,0.7556,0,1,2,0,0.7556,2
1682,2687,4,13,0,1,13,2,5,4,11,0.0889,1,1,2,0,0.0889,2
3476,3520,4,13,3,2,10,0,4,1,10,0.1778,0,2,2,1,0.1778,2
1953,2456,2,6,3,2,10,2,4,6,6,0.8444,0,2,2,2,0.8444,2
2925,1305,1,12,3,2,8,2,4,0,11,0.0889,0,2,1,1,0.0622,0
3320,3979,2,13,2,2,8,1,6,10,10,0.1778,0,1,2,0,0.1778,1
3272,3999,3,35,1,3,17,4,6,6,9,0.3444,0,3,2,2,0.3444,2
3354,3883,5,14,0,1,15,2,5,6,3,0.5,0,2,2,2,0.5,2
3450,3194,1,26,2,2,8,2,5,0,11,0.0889,0,2,1,1,0.0622,0
4925,1917,1,6,1,0,10,4,3,0,10,0.1778,0,1,1,0,0.1245,1
1685,3604,4,4,0,0,14,3,0,4,8,0.5111,1,5,3,0,0.6644,2
4926,1368,2,18,3,1,5,0,2,9,12,0.0,0,0,2,1,0.0,0
4164,2877,4,36,2,1,11,1,5,0,6,0.8444,0,1,1,0,0.5911,2
2726,3384,3,18,3,3,13,2,6,8,2,0.3333,0,0,0,0,0.1333,1
3149,1471,5,17,0,0,10,0,0,11,12,0.0,2,5,3,0,0.0,2
1623,867,4,14,2,2,16,3,6,10,6,0.8444,0,0,2,0,0.8444,2
2311,909,3,7,3,2,18,5,5,12,1,0.1667,0,0,2,0,0.1667,1
3465,3084,5,35,1,0,18,5,1,3,12,0.0,1,2,2,2,0.0,2
4800,3104,1,12,0,1,9,3,3,9,2,0.3333,0,0,2,1,0.3333,1
1616,2414,2,28,2,3,7,0,7,10,6,0.8444,0,2,2,1,0.8444,2
4651,473,3,9,2,3,9,0,9,2,5,0.7556,1,1,2,1,0.7556,2
2773,907,5,28,1,2,14,1,5,3,11,0.0889,1,0,2,1,0.0889,2
3735,2620,5,20,1,3,18,5,7,10,10,0.1778,0,0,2,0,0.1778,1
3231,2353,2,18,3,2,10,2,6,1,6,0.8444,0,4,2,0,0.8444,2
1225,2917,1,19,0,1,13,5,5,7,8,0.5111,0,4,3,0,0.6644,2
4609,3453,2,24,0,3,9,1,9,0,2,0.3333,0,1,1,0,0.2333,1
4885,977,4,35,2,1,15,3,5,0,7,0.6778,0,1,1,0,0.4745,2
977,2792,3,6,0,2,8,0,4,6,2,0.3333,0,0,2,1,0.3333,2
1705,2165,4,17,1,3,17,3,7,8,4,0.6667,0,0,0,0,0.2667,2
4335,1189,1,24,0,2,4,0,7,8,4,0.6667,0,1,1,0,0.4667,1
2710,642,3,7,3,1,17,5,5,10,3,0.5,0,4,2,0,0.5,2
969,3187,3,4,0,0,14,4,3,3,6,0.8444,1,2,2,2,0.8444,2
4727,2491,4,30,1,3,15,2,9,6,5,0.7556,0,1,2,0,0.7556,2
3419,3402,4,25,0,2,18,4,4,7,2,0.3333,0,2,2,1,0.3333,2
3239,1694,2,19,0,3,15,4,9,0,8,0.5111,0,2,1,1,0.3578,2
2580,1861,1,17,2,0,12,5,0,11,5,0.7556,2,5,3,0,0.9823,2
4529,1894,2,7,2,3,11,2,8,1,1,0.1667,0,3,2,2,0.1667,2
3086,1001,2,10,2,3,9,1,6,13,12,0.0,0,4,2,0,0.0,1
2326,3979,4,5,1,0,10,1,1,8,12,0.0,0,0,0,0,0.0,1
1949,1154,1,25,3,3,7,1,7,4,2,0.3333,1,4,2,0,0.3333,2
1276,3172,5,13,3,2,16,2,7,4,11,0.0889,1,1,2,0,0.0889,2
4921,3503,3,13,1,2,16,4,5,9,2,0.3333,0,1,2,0,0.3333,2
4028,1023,1,18,1,2,4,0,4,0,2,0.3333,0,2,1,1,0.2333,1
1900,1958,5,30,1,0,18,4,3,0,9,0.3444,0,1,1,0,0.2411,1
4589,1206,4,8,3,3,13,1,8,10,2,0.3333,0,4,2,0,0.3333,2
2819,761,2,19,3,1,15,5,5,0,8,0.5111,0,2,1,1,0.3578,2
1063,1778,5,26,3,0,12,1,1,0,10,0.1778,0,2,1,1,0.1245,1
1394,3467,4,16,3,3,18,5,7,11,9,0.3444,2,5,3,0,0.4477,2
1139,3303,4,19,0,3,11,0,8,11,5,0.7556,2,5,3,0,0.9823,2
4294,3996,3,14,3,1,9,1,2,7,6,0.8444,0,0,2,0,0.8444,2
1443,1271,2,28,2,2,8,1,4,11,9,0.3444,2,5,3,0,0.4477,2
1886,3109,1,16,3,3,5,0,9,9,7,0.6778,0,4,2,0,0.6778,2
4054,606,4,8,1,2,16,3,4,3,8,0.5111,1,3,2,2,0.5111,2
4464,2998,4,12,1,3,18,4,8,0,1,0.1667,0,1,1,0,0.1167,2
3138,3694,3,22,0,0,14,4,0,1,11,0.0889,0,1,2,0,0.0889,1
1562,1729,1,12,0,2,12,4,4,12,11,0.0889,0,0,2,0,0.0889,0
1605,3049,2,19,1,3,7,0,6,0,10,0.1778,0,0,1,0,0.1245,1
4863,2979,5,14,2,0,12,1,0,8,7,0.6778,0,1,1,0,0.4745,2
1774,1534,3,17,3,3,11,1,7,3,10,0.1778,1,2,2,2,0.1778,2
2054,3028,2,32,1,0,6,1,2,6,2,0.3333,0,1,2,0,0.3333,1
4180,2988,2,18,2,2,16,5,4,1,11,0.0889,0,4,2,0,0.0889,1
2393,1168,4,26,1,2,18,5,6,0,4,0.6667,0,1,1,0,0.4667,2
3347,415,5,18,0,1,11,0,4,6,10,0.1778,0,1,2,0,0.1778,1
2169,785,4,20,1,1,13,2,3,7,6,0.8444,0,2,2,1,0.8444,2
3594,2568,5,16,2,3,13,0,6,0,5,0.7556,0,2,1,1,0.5289,2
2798,3606,3,17,1,1,17,5,2,0,5,0.7556,0,4,2,0,0.7556,2
4806,1996,4,26,0,0,8,0,0,6,2,0.3333,0,2,2,2,0.3333,1
2417,902,2,6,0,2,6,0,6,12,2,0.3333,0,0,2,0,0.3333,1
856,1557,5,11,3,2,18,4,7,6,8,0.5111,0,0,2,1,0.5111,2
1381,2291,5,10,0,3,15,1,8,0,5,0.7556,0,2,1,1,0.5289,2
4780,514,4,29,0,0,10,1,1,8,2,0.3333,0,0,0,0,0.1333,1
4920,1764,2,4,2,1,9,2,5,10,11,0.0889,0,4,2,0,0.0889,1
2041,3280,4,22,1,2,14,2,6,1,4,0.6667,0,2,2,1,0.6667,2
827,2514,2,10,0,1,7,1,4,1,12,0.0,0,4,2,0,0.0,1
2544,1356,1,19,0,3,7,1,6,2,9,0.3444,1,0,2,1,0.3444,2
2426,2742,4,17,1,1,18,5,2,10,2,0.3333,0,4,2,0,0.3333,2
1787,3332,2,19,1,2,16,5,7,1,7,0.6778,0,1,2,0,0.6778,2
1158,2547,1,6,1,2,4,0,5,12,8,0.5111,0,2,2,1,0.5111,2
4530,1050,2,17,3,3,9,1,9,2,12,0.0,1,4,2,0,0.0,1
2876,1575,2,28,3,2,12,3,5,12,9,0.3444,0,2,2,1,0.3444,2
3717,3038,5,36,2,1,15,2,5,2,6,0.8444,1,4,2,0,0.8444,2
2501,3401,1,17,2,2,8,2,4,1,6,0.8444,0,1,2,0,0.8444,2
606,1139,3,21,2,2,10,1,4,0,10,0.1778,0,1,1,0,0.1245,1
2093,1387,3,31,1,1,13,3,5,8,6,0.8444,0,1,1,0,0.5911,2
1896,2629,2,6,2,2,16,5,4,10,3,0.5,0,4,2,0,0.5,2
4463,3758,3,22,0,0,8,1,1,6,12,0.0,0,3,2,2,0.0,1
1256,2456,2,12,1,0,6,1,0,10,2,0.3333,0,2,2,1,0.3333,2
3515,1088,2,18,3,0,14,5,3,6,10,0.1778,0,1,2,0,0.1778,0
4319,2960,5,5,1,2,18,5,5,6,12,0.0,0,2,2,2,0.0,2
2551,2894,1,17,3,3,5,0,9,9,6,0.8444,0,0,2,1,0.8444,2
1770,678,3,24,3,2,8,0,6,0,7,0.6778,0,1,1,0,0.4745,2
4923,701,2,6,3,1,15,5,2,11,2,0.3333,2,5,3,0,0.4333,2
3507,2688,2,8,2,1,9,2,3,2,12,0.0,1,5,3,0,0.0,2
4387,1772,3,34,1,3,13,2,7,10,3,0.5,0,4,2,0,0.5,2
3229,1384,5,15,2,3,13,0,6,9,9,0.3444,0,2,2,1,0.3444,2
1633,1760,3,10,2,3,17,4,9,0,7,0.6778,0,0,1,0,0.4745,2
862,800,2,36,0,0,8,2,0,4,12,0.0,1,4,2,0,0.0,1
2692,3544,5,11,1,3,18,5,6,5,6,0.8444,2,4,3,0,1.0,2
1741,2709,1,19,0,1,7,2,5,12,3,0.5,0,1,2,0,0.5,1
4020,3193,1,25,3,2,12,4,7,8,2,0.3333,0,0,0,0,0.1333,1
4205,2110,4,17,2,0,8,0,1,3,11,0.0889,1,3,2,2,0.0889,2
1095,425,3,34,1,1,13,3,4,0,7,0.6778,0,1,1,0,0.4745,2
2795,971,2,14,0,2,10,2,6,6,2,0.3333,0,2,2,2,0.3333,1
3627,3893,5,13,0,0,12,1,0,13,1,0.1667,0,2,2,1,0.1667,2
877,2420,2,18,0,0,4,0,1,7,8,0.5111,0,4,3,0,0.6644,2
2697,3382,4,26,1,1,13,2,5,7,9,0.3444,0,0,2,0,0.3444,2
3169,2946,5,10,0,2,14,1,5,5,12,0.0,2,5,3,0,0.0,2
2679,3268,4,12,0,2,12,1,6,0,10,0.1778,0,2,1,1,0.1245,2
3154,2333,1,14,2,2,12,4,4,7,12,0.0,0,1,2,0,0.0,1
1032,991,1,13,0,0,4,1,0,7,10,0.1778,0,0,2,0,0.1778,0
960,3210,1,13,0,2,12,4,7,3,6,0.8444,1,2,2,2,0.8444,2
4498,2814,4,14,3,2,16,3,4,9,10,0.1778,0,1,2,0,0.1778,2
3662,1742,4,6,2,0,14,3,2,7,2,0.3333,0,2,2,1,0.3333,2
3327,2828,4,19,2,3,13,1,7,4,4,0.6667,1,5,3,0,0.8667,2
3400,2703,2,20,3,0,8,2,0,11,8,0.5111,2,5,3,0,0.6644,2
728,560,1,27,2,2,10,3,6,6,5,0.7556,0,2,2,2,0.7556,2
3040,1506,2,10,3,2,14,4,5,9,6,0.8444,0,0,2,1,0.8444,2
2797,1329,3,36,2,3,9,0,9,6,11,0.0889,0,3,2,2,0.0889,1
3398,2007,5,7,2,0,18,4,3,7,11,0.0889,0,0,2,0,0.0889,1
3174,1542,5,16,0,3,18,4,7,11,1,0.1667,2,5,3,0,0.2167,2
712,1636,4,13,0,0,18,5,0,11,12,0.0,2,5,3,0,0.0,2
2571,789,1,35,2,2,12,4,4,7,4,0.6667,0,2,2,1,0.6667,2
3202,1663,5,7,3,2,16,2,6,0,5,0.7556,0,1,1,0,0.5289,2
4641,2179,3,25,1,0,12,3,2,6,2,0.3333,0,2,2,2,0.3333,1
3989,1623,5,22,3,3,18,3,9,9,8,0.5111,0,2,2,1,0.5111,2
3021,435,4,12,3,0,12,2,3,0,6,0.8444,0,1,1,0,0.5911,2
3157,2635,1,30,3,0,10,4,2,11,1,0.1667,2,5,3,0,0.2167,2
909,2998,1,33,3,3,13,4,8,0,2,0.3333,0,2,1,1,0.2333,1
4640,1715,2,17,1,2,14,4,6,11,5,0.7556,2,4,3,0,0.9823,2
2867,1772,1,25,3,2,10,3,6,9,12,0.0,0,0,2,1,0.0,0
3406,3107,3,17,0,3,18,5,7,0,3,0.5,0,1,1,0,0.35,2
2664,3792,2,18,2,2,14,4,6,13,3,0.5,0,2,2,1,0.5,2
2061,3029,3,23,2,1,17,5,5,5,1,0.1667,2,5,3,0,0.2167,2
3018,763,2,5,3,3,9,1,6,6,10,0.1778,0,3,2,2,0.1778,1
2042,1728,4,27,0,1,11,1,4,1,5,0.7556,0,4,2,0,0.7556,2
2562,2531,2,9,2,1,9,2,5,13,12,0.0,0,0,2,0,0.0,1
2582,1791,1,18,2,1,11,4,5,6,11,0.0889,0,4,2,0,0.0889,0
2115,3093,5,17,3,1,11,0,2,5,5,0.7556,2,4,3,0,0.9823,2
4818,2152,3,10,3,3,11,1,8,0,6,0.8444,0,4,2,0,0.8444,2
2496,2508,2,17,0,1,7,1,3,8,8,0.5111,0,0,0,0,0.2044,1
3256,1553,3,36,0,3,15,3,9,9,7,0.6778,0,1,2,0,0.6778,2
3735,2209,3,11,1,0,12,3,2,0,4,0.6667,0,2,1,1,0.4667,2
735,3843,2,21,1,3,17,5,6,0,7,0.6778,0,1,1,0,0.4745,2
1784,713,4,31,2,2,14,2,6,8,9,0.3444,0,1,1,0,0.2411,1
4259,3497,3,35,3,3,9,0,8,1,9,0.3444,0,2,2,1,0.3444,2
1215,2324,1,28,0,3,5,0,7,6,11,0.0889,0,2,2,2,0.0889,1
2551,673,2,36,3,1,11,3,2,12,10,0.1778,0,0,2,0,0.1778,0
3318,2102,5,33,1,0,14,2,3,10,8,0.5111,0,0,2,0,0.5111,2
1300,1310,4,12,3,3,13,1,7,9,11,0.0889,0,4,2,0,0.0889,1
3218,3500,5,28,1,2,18,3,5,0,3,0.5,0,1,1,0,0.35,2
4847,860,4,33,0,0,18,5,1,0,9,0.3444,0,4,2,0,0.3444,2
2022,2419,1,10,3,3,11,3,7,0,5,0.7556,0,2,1,1,0.5289,2
705,1632,3,10,3,2,14,3,5,6,8,0.5111,0,1,2,0,0.5111,2
2351,1504,1,26,3,0,2,0,2,3,2,0.3333,1,0,2,1,0.3333,1
3016,784,3,25,3,1,7,0,3,11,11,0.0889,2,4,3,0,0.1156,2
3453,3853,1,10,0,0,2,0,1,0,3,0.5,0,2,1,1,0.35,2
1692,993,1,23,0,0,8,3,2,1,3,0.5,0,3,2,2,0.5,2
2979,1352,5,27,3,3,18,5,7,8,3,0.5,0,1,1,0,0.35,2
3229,3358,5,16,2,0,18,4,1,10,12,0.0,0,0,2,0,0.0,1
1101,1380,3,15,1,1,13,3,5,1,1,0.1667,0,2,2,1,0.1667,1
1901,1744,4,16,3,3,18,5,8,2,3,0.5,1,1,2,1,0.5,2
910,2160,4,17,1,2,18,5,6,8,5,0.7556,0,0,0,0,0.3022,2
1798,3101,3,36,0,2,8,0,5,10,10,0.1778,0,4,2,0,0.1778,1
3931,512,3,10,2,1,9,1,3,3,8,0.5111,1,2,2,2,0.5111,2
975,3126,2,10,1,3,15,4,7,7,2,0.3333,0,1,2,0,0.3333,2
2310,1560,2,11,1,0,10,3,1,0,5,0.7556,0,2,1,1,0.5289,2
1972,1459,4,27,3,0,18,5,0,4,9,0.3444,1,3,2,2,0.3444,2
3572,2823,3,35,3,2,8,0,5,7,2,0.3333,0,1,2,0,0.3333,1
3484,2679,3,12,0,3,11,1,6,3,5,0.7556,1,3,2,2,0.7556,2
1361,748,5,26,3,1,15,2,5,2,5,0.7556,1,1,2,1,0.7556,2
3743,2403,4,14,2,2,18,4,6,9,11,0.0889,0,4,2,0,0.0889,2
4038,1449,3,16,0,1,17,5,5,4,11,0.0889,1,4,2,0,0.0889,1
2824,492,4,12,2,2,16,3,5,9,2,0.3333,0,1,2,0,0.3333,2
2999,2265,4,22,2,0,12,2,2,2,1,0.1667,1,4,2,0,0.1667,2
1822,3171,4,27,3,0,18,5,0,6,2,0.3333,0,4,2,0,0.3333,1
1104,1050,4,18,3,2,10,0,7,12,9,0.3444,0,4,2,0,0.3444,2
2371,419,2,32,3,3,15,4,8,7,1,0.1667,0,0,2,0,0.1667,1
3687,2354,4,36,3,0,18,5,1,3,9,0.3444,1,1,2,1,0.3444,2
4644,3786,3,6,0,2,12,2,5,8,3,0.5,0,0,0,0,0.2,2
4914,2008,5,12,2,0,12,1,3,9,1,0.1667,0,4,2,0,0.1667,2
646,1581,4,20,2,1,15,3,2,6,8,0.5111,0,0,2,1,0.5111,2
2535,2970,1,24,2,3,15,5,7,9,6,0.8444,0,2,2,1,0.8444,2
2740,3981,2,10,2,3,13,3,6,6,5,0.7556,0,0,2,1,0.7556,2
2806,711,5,12,3,0,14,2,0,7,10,0.1778,0,1,2,0,0.1778,1
1039,2237,2,7,1,1,9,2,5,8,10,0.1778,0,0,0,0,0.0711,1
3162,3835,4,28,3,3,18,5,8,6,2,0.3333,0,2,2,2,0.3333,2
3609,2145,5,18,1,3,18,4,6,11,5,0.7556,2,5,3,0,0.9823,2
1665,3489,3,28,1,3,15,3,6,12,7,0.6778,0,0,2,0,0.6778,2
2542,3521,5,13,3,2,12,0,6,1,2,0.3333,0,3,2,2,0.3333,2
4692,511,5,18,2,3,18,4,6,6,7,0.6778,0,3,2,2,0.6778,2
1602,1286,1,14,1,2,10,3,4,6,6,0.8444,0,1,2,0,0.8444,2
2197,457,4,9,1,0,18,5,1,0,4,0.6667,0,1,1,0,0.4667,2
2199,1379,3,9,2,2,18,5,7,8,6,0.8444,0,0,0,0,0.3378,2
2454,3287,5,22,1,2,18,3,7,0,7,0.6778,0,1,1,0,0.4745,2
857,1175,1,5,2,3,13,4,6,7,7,0.6778,0,2,2,1,0.6778,2
812,3487,5,8,3,1,13,1,2,2,9,0.3444,1,0,2,1,0.3444,2
1761,2360,1,23,0,2,6,1,4,9,12,0.0,0,4,2,0,0.0,1
685,3114,4,26,0,3,15,2,6,4,1,0.1667,1,3,2,2,0.1667,2
1682,1996,2,13,2,0,14,5,3,6,2,0.3333,0,1,2,0,0.3333,1
3354,3956,2,18,3,0,12,4,1,2,11,0.0889,1,0,2,1,0.0889,1
2049,3649,5,15,2,0,18,5,1,12,12,0.0,0,1,2,0,0.0,1
1109,1156,3,14,2,2,16,4,6,8,12,0.0,0,0,0,0,0.0,0
889,3700,5,22,3,2,18,4,7,4,9,0.3444,1,0,2,1,0.3444,2
2515,3642,1,19,3,0,8,3,1,12,4,0.6667,0,4,2,0,0.6667,2
1514,1836,4,22,1,0,14,3,2,6,5,0.7556,0,2,2,2,0.7556,2
3133,2979,1,14,0,1,7,2,4,13,11,0.0889,0,2,2,1,0.0889,1
891,3465,1,25,0,2,6,1,6,12,3,0.5,0,4,2,0,0.5,2
3884,743,5,18,2,1,18,5,3,4,10,0.1778,1,1,2,0,0.1778,1
2891,2381,4,27,1,1,17,4,3,7,9,0.3444,0,4,3,0,0.4477,2
1570,3999,4,33,1,3,15,2,6,7,7,0.6778,0,0,2,0,0.6778,2
2128,686,4,17,1,3,17,3,8,3,12,0.0,1,3,2,2,0.0,2
842,1059,5,20,2,0,18,4,2,9,12,0.0,0,1,2,0,0.0,1
3657,1069,1,25,2,1,3,0,2,11,2,0.3333,2,5,3,0,0.4333,2
4873,3653,4,36,1,3,18,4,9,7,5,0.7556,0,1,2,0,0.7556,2
1193,3009,1,19,2,1,9,3,5,3,12,0.0,1,2,2,2,0.0,1
4972,861,1,19,0,1,5,1,5,3,9,0.3444,1,3,2,2,0.3444,2
1257,2942,1,36,2,1,11,4,5,9,6,0.8444,0,2,2,1,0.8444,2
926,522,2,21,1,3,9,1,7,6,11,0.0889,0,2,2,2,0.0889,1
2337,2668,1,13,3,3,15,5,9,8,10,0.1778,0,4,1,0,0.1245,1
4793,1731,2,15,3,3,13,3,9,4,10,0.1778,1,5,3,0,0.2311,2
3253,1607,3,11,3,0,6,0,3,9,11,0.0889,0,4,2,0,0.0889,1
2280,491,4,4,1,2,10,0,7,6,2,0.3333,0,0,2,1,0.3333,2
1730,3679,5,10,0,3,13,0,7,0,3,0.5,0,1,1,0,0.35,2
1523,1765,4,16,2,1,15,3,5,6,6,0.8444,0,1,2,0,0.8444,2
3606,3935,5,32,0,2,18,5,6,6,2,0.3333,0,4,2,0,0.3333,1
1667,1701,3,34,2,2,16,4,5,0,8,0.5111,0,1,1,0,0.3578,2
3081,1839,4,5,1,0,10,1,2,0,12,0.0,0,1,1,0,0.0,1
817,2850,1,28,3,0,4,1,3,5,9,0.3444,2,5,3,0,0.4477,2
825,878,3,27,2,3,13,2,9,0,9,0.3444,0,1,1,0,0.2411,1
2960,579,5,11,1,1,13,1,3,8,4,0.6667,0,4,1,0,0.4667,2
2165,994,3,18,2,1,17,5,5,8,7,0.6778,0,4,1,0,0.4745,2
652,656,4,13,1,3,18,5,9,1,3,0.5,0,1,2,0,0.5,2
3549,3288,2,13,1,1,9,2,3,11,12,0.0,2,5,3,0,0.0,2
3403,3046,4,27,1,1,18,5,3,10,3,0.5,0,0,2,0,0.5,2
3868,777,1,11,1,1,13,5,2,0,12,0.0,0,4,2,0,0.0,1
3119,540,3,13,3,3,11,1,8,4,3,0.5,1,1,2,0,0.5,2
4045,664,5,11,1,3,17,2,8,8,11,0.0889,0,0,0,0,0.0356,1
3367,1347,1,18,1,1,7,2,2,11,11,0.0889,2,5,3,0,0.1156,1
4192,3183,5,18,1,0,12,1,0,12,12,0.0,0,2,2,1,0.0,1
4039,1782,4,9,2,0,18,5,3,6,2,0.3333,0,1,2,0,0.3333,2
1107,929,5,24,0,1,11,0,5,2,7,0.6778,1,4,2,0,0.6778,2
4574,1744,4,16,3,3,13,1,6,6,10,0.1778,0,3,2,2,0.1778,2
2480,3406,1,14,1,2,4,0,5,12,4,0.6667,0,4,2,0,0.6667,2
2138,2717,1,16,1,2,8,2,6,7,10,0.1778,0,0,2,0,0.1778,0
1663,1199,5,23,3,0,16,3,1,2,4,0.6667,1,0,2,1,0.6667,2
2153,913,1,28,1,1,3,0,5,11,1,0.1667,2,5,3,0,0.2167,2
2356,3200,4,5,0,0,16,4,3,6,9,0.3444,0,0,2,1,0.3444,2
857,900,1,29,3,3,5,0,8,10,8,0.5111,0,4,2,0,0.5111,2
887,2086,5,15,2,1,11,0,2,11,12,0.0,2,5,3,0,0.0,2
4779,881,4,34,3,1,18,5,4,6,12,0.0,0,4,2,0,0.0,1
1791,1336,4,15,1,1,9,0,5,11,12,0.0,2,5,3,0,0.0,2
896,2426,5,10,0,0,14,2,3,10,1,0.1667,0,2,2,1,0.1667,2
1253,2868,3,16,2,0,12,3,2,4,10,0.1778,1,4,2,0,0.1778,2
4961,3459,1,18,2,3,9,2,7,1,3,0.5,0,4,2,0,0.5,2
3160,1327,1,7,3,2,6,1,6,7,9,0.3444,0,2,2,1,0.3444,1
1554,884,2,24,1,1,15,5,5,1,5,0.7556,0,1,2,0,0.7556,2
1584,1969,5,18,1,1,11,0,4,7,1,0.1667,0,0,2,0,0.1667,1
4274,1162,2,23,2,3,13,3,6,0,6,0.8444,0,0,1,0,0.5911,2
3214,3306,4,28,3,2,16,3,7,8,7,0.6778,0,1,1,0,0.4745,2
4744,2567,2,6,3,0,6,1,3,7,3,0.5,0,2,2,1,0.5,2
2206,1955,5,12,2,2,12,0,5,6,4,0.6667,0,0,2,1,0.6667,2
3571,3877,4,18,3,1,9,0,3,1,12,0.0,0,4,2,0,0.0,1
2069,1004,2,22,2,2,14,4,7,3,11,0.0889,1,3,2,2,0.0889,2
2865,3437,2,11,0,3,17,5,9,4,6,0.8444,1,4,2,0,0.8444,2
2492,1193,3,19,0,3,9,0,9,0,12,0.0,0,1,1,0,0.0,1
3591,2784,2,18,2,3,13,3,6,8,3,0.5,0,0,0,0,0.2,1
1153,1518,4,23,0,0,10,1,0,0,12,0.0,0,4,2,0,0.0,1
3201,948,1,16,0,1,3,0,4,5,10,0.1778,2,5,3,0,0.2311,2
2757,3671,5,20,0,3,18,4,6,7,6,0.8444,0,2,2,1,0.8444,2
2205,2408,1,29,0,2,4,0,7,1,12,0.0,0,3,2,2,0.0,1
4200,2059,5,26,2,1,11,0,5,7,11,0.0889,0,2,2,1,0.0889,1
1669,1796,4,18,3,0,18,5,1,6,4,0.6667,0,1,2,0,0.6667,2
2416,2017,2,25,3,0,6,1,0,12,4,0.6667,0,4,2,0,0.6667,2
1015,994,3,20,1,3,17,4,7,7,8,0.5111,0,0,2,0,0.5111,2
4988,3213,4,10,3,2,18,4,5,10,9,0.3444,0,1,2,0,0.3444,2
4458,1251,2,15,1,1,7,1,2,10,3,0.5,0,4,2,0,0.5,2
1588,2425,1,18,0,0,2,0,2,7,2,0.3333,0,0,2,0,0.3333,1
4762,887,1,23,1,1,3,0,2,10,5,0.7556,0,2,2,1,0.7556,2
3023,1293,1,18,3,3,11,3,9,0,5,0.7556,0,4,2,0,0.7556,2
738,2739,5,20,0,3,13,0,7,12,3,0.5,0,2,2,1,0.5,2
902,2828,1,6,2,3,7,1,8,7,7,0.6778,0,2,2,1,0.6778,2
3894,2683,5,14,3,3,18,4,7,0,2,0.3333,0,2,1,1,0.2333,2
734,1219,3,20,0,1,17,5,3,7,2,0.3333,0,1,2,0,0.3333,1
4377,2805,1,18,1,3,15,5,7,10,4,0.6667,0,2,2,1,0.6667,2
1203,1756,1,16,0,1,13,5,3,6,2,0.3333,0,1,2,0,0.3333,1
3002,3605,3,17,3,3,9,0,7,9,2,0.3333,0,1,2,0,0.3333,2
3701,3037,2,28,0,2,8,1,6,6,5,0.7556,0,0,2,1,0.7556,2
2070,3869,2,3,2,2,16,5,4,2,7,0.6778,1,4,2,0,0.6778,2
1745,3965,4,16,2,0,8,0,3,6,3,0.5,0,2,2,2,0.5,2
2751,3113,4,28,2,0,8,0,0,2,2,0.3333,1,1,2,1,0.3333,2
2495,3327,1,17,0,2,6,1,6,9,8,0.5111,0,1,2,0,0.5111,2
3075,3244,4,17,1,1,9,0,3,1,12,0.0,0,4,2,0,0.0,1
4140,517,4,10,2,1,15,3,2,0,8,0.5111,0,2,1,1,0.3578,2
762,650,1,21,3,0,12,5,0,1,2,0.3333,0,1,2,0,0.3333,1
4851,3323,3,11,2,1,7,0,3,8,12,0.0,0,1,1,0,0.0,1
3651,3468,3,33,0,3,18,5,6,10,1,0.1667,0,2,2,1,0.1667,1
2541,2269,5,26,0,1,13,1,5,0,4,0.6667,0,0,1,0,0.4667,2
3962,3625,1,14,0,1,3,0,4,0,5,0.7556,0,0,1,0,0.5289,2
3486,2959,1,35,3,3,13,4,6,4,3,0.5,1,0,2,1,0.5,2
3644,858,3,4,1,3,13,2,9,3,3,0.5,1,3,2,2,0.5,2
3239,1386,3,3,3,3,18,5,6,12,1,0.1667,0,4,2,0,0.1667,2
2940,1643,3,10,3,2,8,0,5,1,6,0.8444,0,1,2,0,0.8444,2
1333,758,5,16,3,0,18,4,1,5,3,0.5,2,5,3,0,0.65,2
4652,1180,2,22,2,1,13,4,4,6,10,0.1778,0,1,2,0,0.1778,1
2516,3363,2,29,2,1,7,1,5,1,2,0.3333,0,1,2,0,0.3333,1
2037,2334,4,31,3,3,18,5,6,11,5,0.7556,2,4,3,0,0.9823,2
4401,3869,1,35,3,1,7,2,3,6,1,0.1667,0,0,2,1,0.1667,0
2863,633,2,16,2,1,7,1,4,8,2,0.3333,0,1,1,0,0.2333,1
4111,2988,1,16,3,0,4,1,0,7,12,0.0,0,1,2,0,0.0,0
4757,1494,2,16,3,0,12,4,1,1,10,0.1778,0,2,2,1,0.1778,1
4879,3967,1,17,3,2,4,0,5,4,2,0.3333,1,3,2,2,0.3333,2
3486,3594,3,24,1,2,10,1,5,6,6,0.8444,0,1,2,0,0.8444,2
648,518,4,22,1,3,13,1,8,11,8,0.5111,2,5,3,0,0.6644,2
2563,1716,4,13,2,0,14,3,2,9,10,0.1778,0,1,2,0,0.1778,1
4106,2246,1,27,3,1,3,0,2,6,1,0.1667,0,3,2,2,0.1667,1
3410,1024,2,17,2,2,12,3,7,10,3,0.5,0,1,2,0,0.5,2
1747,961,1,24,2,3,11,3,6,0,7,0.6778,0,2,1,1,0.4745,2
1505,3097,1,13,0,1,7,2,2,1,12,0.0,0,2,2,1,0.0,1
1571,1618,3,20,2,0,8,1,3,8,3,0.5,0,0,0,0,0.2,1
3703,1239,4,10,0,1,9,0,2,6,10,0.1778,0,1,2,0,0.1778,1
3215,1291,3,21,0,1,7,0,4,11,3,0.5,2,4,3,0,0.65,2
2286,2886,5,18,1,0,10,0,2,0,8,0.5111,0,2,1,1,0.3578,2
3447,2806,1,13,0,1,5,1,4,9,4,0.6667,0,2,2,1,0.6667,2
763,1718,3,22,3,1,7,0,4,6,8,0.5111,0,3,2,2,0.5111,2
1746,1156,1,8,2,0,8,3,2,6,9,0.3444,0,0,2,1,0.3444,1
2189,3343,3,3,2,2,8,0,7,2,5,0.7556,1,0,2,1,0.7556,2
3362,2077,1,10,1,0,10,4,1,1,1,0.1667,0,2,2,1,0.1667,1
1685,3382,5,19,0,0,18,4,3,0,3,0.5,0,1,1,0,0.35,2
3576,1054,1,25,3,2,14,5,6,11,10,0.1778,2,4,3,0,0.2311,2
3548,1591,5,6,2,0,12,1,3,12,2,0.3333,0,2,2,1,0.3333,2
605,663,3,28,0,2,8,0,4,2,7,0.6778,1,4,2,0,0.6778,2
3678,1274,2,33,2,3,9,1,7,0,9,0.3444,0,1,1,0,0.2411,1
692,3993,3,12,3,1,9,1,5,7,11,0.0889,0,2,2,1,0.0889,2
4100,1399,2,21,2,2,16,5,6,6,12,0.0,0,3,2,2,0.0,1
4633,1881,3,14,0,2,8,0,4,7,12,0.0,0,1,2,0,0.0,1
1964,3374,5,21,1,3,18,3,7,7,2,0.3333,0,4,3,0,0.4333,2
939,2618,5,13,3,0,10,0,2,2,8,0.5111,1,4,2,0,0.5111,2
3850,656,1,20,1,2,10,3,6,1,6,0.8444,0,1,2,0,0.8444,2
1079,2730,3,24,2,1,7,0,3,0,10,0.1778,0,4,2,0,0.1778,1
2558,2037,5,33,0,0,12,1,2,3,8,0.5111,1,3,2,2,0.5111,2
2884,3645,1,16,0,1,3,0,3,5,3,0.5,2,5,3,0,0.65,2
3408,2243,1,15,0,0,8,3,3,7,9,0.3444,0,2,2,1,0.3444,1
4221,555,3,10,2,0,12,3,2,10,12,0.0,0,0,2,0,0.0,1
1139,1644,5,29,1,2,18,3,4,9,1,0.1667,0,0,2,1,0.1667,1
3006,900,4,21,2,2,14,2,4,12,12,0.0,0,0,2,0,0.0,1
2691,2011,5,25,0,3,13,0,9,3,4,0.6667,1,2,2,2,0.6667,2
3314,1353,3,10,3,0,14,4,0,7,10,0.1778,0,2,2,1,0.1778,1
4729,1779,2,3,0,2,8,1,5,2,9,0.3444,1,4,2,0,0.3444,2
2906,1699,4,10,0,2,14,2,6,7,10,0.1778,0,2,2,1,0.1778,2
2039,530,3,16,3,3,17,4,7,2,6,0.8444,1,1,2,1,0.8444,2
1024,3032,3,14,0,0,16,5,0,6,4,0.6667,0,0,2,1,0.6667,2
1792,984,3,5,3,2,12,2,5,9,2,0.3333,0,2,2,1,0.3333,2
3295,3911,2,27,1,3,17,5,8,9,2,0.3333,0,2,2,1,0.3333,2
2186,3067,1,15,3,1,11,4,4,7,3,0.5,0,4,3,0,0.65,2
1442,1516,5,30,2,0,14,2,0,0,3,0.5,0,1,1,0,0.35,2
1351,3284,2,5,3,1,11,3,5,9,1,0.1667,0,0,2,1,0.1667,1
2660,462,1,34,3,2,8,2,5,5,8,0.5111,2,4,3,0,0.6644,2
3816,2907,5,14,0,3,18,3,9,6,12,0.0,0,0,2,1,0.0,1
4241,1023,4,18,3,0,10,1,0,6,5,0.7556,0,1,2,0,0.7556,2
4875,1539,4,4,2,3,17,3,7,4,1,0.1667,1,1,2,0,0.1667,2
1305,993,2,32,1,3,15,4,9,8,8,0.5111,0,0,0,0,0.2044,1
1977,3323,5,6,3,0,16,3,2,0,8,0.5111,0,2,1,1,0.3578,2
802,2331,1,20,0,2,8,2,4,0,2,0.3333,0,1,1,0,0.2333,1
3593,1351,5,8,0,1,18,4,5,3,4,0.6667,1,3,2,2,0.6667,2
3166,885,5,14,2,1,11,0,5,7,1,0.1667,0,4,3,0,0.2167,1
1961,3061,3,28,0,0,6,0,2,10,1,0.1667,0,0,2,0,0.1667,1
601,1934,3,16,2,1,15,4,3,6,4,0.6667,0,3,2,2,0.6667,2
3297,3681,4,3,0,2,12,1,6,10,9,0.3444,0,2,2,1,0.3444,2
788,524,4,12,2,3,15,2,6,10,3,0.5,0,1,2,0,0.5,2
3148,3823,1,36,1,2,14,5,7,6,2,0.3333,0,1,2,0,0.3333,1
4931,459,3,15,3,0,6,0,3,5,4,0.6667,2,4,3,0,0.8667,2
3296,776,1,15,0,2,12,4,6,0,12,0.0,0,0,1,0,0.0,0
1118,2807,2,10,0,2,6,0,4,7,11,0.0889,0,4,3,0,0.1156,1
2437,3542,2,33,2,2,12,3,5,9,4,0.6667,0,0,2,1,0.6667,2
3486,456,3,19,2,0,8,1,0,9,10,0.1778,0,1,2,0,0.1778,1
3326,3014,2,17,3,0,14,5,3,0,2,0.3333,0,0,1,0,0.2333,1
1257,2194,3,28,1,2,14,3,6,12,7,0.6778,0,2,2,1,0.6778,2
2004,1721,1,36,1,3,13,4,6,11,7,0.6778,2,4,3,0,0.8811,2
4601,3126,4,3,3,0,18,5,1,8,11,0.0889,0,0,0,0,0.0356,1
4565,3390,5,33,1,2,16,2,6,0,11,0.0889,0,1,1,0,0.0622,1
4269,941,5,16,0,2,18,4,5,2,3,0.5,1,5,3,0,0.65,2
918,3731,2,22,2,1,5,0,4,10,10,0.1778,0,0,2,0,0.1778,1
2954,2089,3,14,1,3,17,4,7,4,4,0.6667,1,1,2,0,0.6667,2
1452,3611,2,20,3,0,8,2,1,8,2,0.3333,0,0,0,0,0.1333,1
2651,1127,5,6,0,0,16,3,1,6,5,0.7556,0,2,2,2,0.7556,2
2979,829,4,21,0,2,12,1,6,6,10,0.1778,0,2,2,2,0.1778,1
3446,3484,2,23,2,1,13,4,5,4,11,0.0889,1,5,3,0,0.1156,2
1451,3796,2,12,2,0,12,4,3,0,3,0.5,0,4,2,0,0.5,2
807,1695,5,21,0,1,15,2,4,7,1,0.1667,0,0,2,0,0.1667,1
4474,2618,1,31,0,3,7,1,9,11,5,0.7556,2,5,3,0,0.9823,2
1842,2624,2,27,1,1,9,2,5,0,5,0.7556,0,1,1,0,0.5289,2
816,1632,2,18,0,3,7,0,9,2,1,0.1667,1,5,3,0,0.2167,2
2625,806,1,17,0,0,8,3,2,8,10,0.1778,0,0,0,0,0.0711,0
2752,578,4,14,3,1,18,5,3,3,8,0.5111,1,2,2,2,0.5111,2
3250,1525,1,17,0,3,13,4,6,4,4,0.6667,1,3,2,2,0.6667,2
3792,1212,3,14,3,2,10,1,5,12,12,0.0,0,2,2,1,0.0,1
1847,2632,4,12,0,0,8,0,0,3,12,0.0,1,3,2,2,0.0,2
824,3437,3,29,2,2,18,5,7,6,9,0.3444,0,2,2,2,0.3444,2
2065,1073,1,24,0,0,4,1,0,3,3,0.5,1,2,2,2,0.5,2
683,1248,2,23,0,2,14,4,4,4,11,0.0889,1,3,2,2,0.0889,2
814,1257,1,3,0,1,9,3,4,3,7,0.6778,1,3,2,2,0.6778,2
1151,481,2,25,0,0,10,3,0,12,7,0.6778,0,4,2,0,0.6778,2
869,3348,1,18,0,3,5,0,7,6,3,0.5,0,0,2,1,0.5,1
927,3300,2,24,3,2,16,5,7,1,9,0.3444,0,1,2,0,0.3444,2
3963,3287,2,34,0,1,11,3,3,0,4,0.6667,0,4,2,0,0.6667,2
3784,685,3,9,0,0,6,0,1,11,3,0.5,2,5,3,0,0.65,2
4295,2146,4,26,0,3,13,1,9,1,3,0.5,0,2,2,1,0.5,2
4054,724,1,22,2,1,9,3,5,0,5,0.7556,0,4,2,0,0.7556,2
4451,2744,4,17,2,2,18,4,7,0,11,0.0889,0,4,2,0,0.0889,1
2521,2542,4,27,0,3,13,1,6,8,3,0.5,0,0,0,0,0.2,1
4919,2485,4,11,3,2,18,4,6,8,2,0.3333,0,4,1,0,0.2333,2
4245,658,1,27,1,1,7,2,4,0,4,0.6667,0,1,1,0,0.4667,1
1781,2682,3,10,2,2,16,4,7,0,2,0.3333,0,2,1,1,0.2333,2
1779,929,4,25,3,3,15,2,8,4,6,0.8444,1,5,3,0,1.0,2
4772,1253,1,10,3,2,12,4,5,8,4,0.6667,0,0,0,0,0.2667,1
3726,3884,4,12,0,3,11,0,7,12,4,0.6667,0,2,2,1,0.6667,2
3630,746,5,18,2,1,18,4,3,2,12,0.0,1,5,3,0,0.0,2
1407,2200,4,16,3,3,13,1,8,1,7,0.6778,0,4,2,0,0.6778,2
4861,2785,1,27,1,1,9,3,4,3,6,0.8444,1,3,2,2,0.8444,2
1048,1905,1,36,0,2,8,2,6,9,8,0.5111,0,2,2,1,0.5111,2
4881,488,3,21,2,1,17,5,5,0,8,0.5111,0,1,1,0,0.3578,2
3182,3042,3,18,0,1,11,2,4,12,5,0.7556,0,0,2,0,0.7556,2
4747,1666,2,28,2,0,10,3,2,3,2,0.3333,1,0,2,1,0.3333,2
4346,2632,4,17,0,0,18,5,2,7,8,0.5111,0,2,2,1,0.5111,2
3468,514,2,18,2,2,14,4,5,5,9,0.3444,2,5,3,0,0.4477,2
3079,2091,2,12,1,2,12,3,7,3,1,0.1667,1,3,2,2,0.1667,2
2631,2726,3,17,0,2,14,3,4,4,12,0.0,1,3,2,2,0.0,2
3947,461,3,13,2,3,13,2,7,0,9,0.3444,0,1,1,0,0.2411,1
2848,2549,1,34,2,1,3,0,3,9,3,0.5,0,4,2,0,0.5,1
1646,2379,2,31,1,0,6,1,0,10,10,0.1778,0,2,2,1,0.1778,1
1756,2596,3,18,3,0,16,5,2,0,3,0.5,0,0,1,0,0.35,2
1107,529,5,6,1,2,16,2,5,11,4,0.6667,2,5,3,0,0.8667,2
2756,2747,2,25,2,2,16,5,4,7,2,0.3333,0,0,2,0,0.3333,1
757,3367,1,11,1,0,12,5,1,9,2,0.3333,0,4,2,0,0.3333,2
1384,3269,2,19,1,3,13,3,7,8,10,0.1778,0,1,1,0,0.1245,1
4258,2941,4,9,3,2,16,3,5,13,10,0.1778,0,0,2,0,0.1778,2
3383,3119,1,20,1,2,4,0,4,12,7,0.6778,0,2,2,1,0.6778,2
1134,3429,5,28,1,2,18,5,4,1,1,0.1667,0,2,2,1,0.1667,1
3416,1520,1,23,0,1,11,4,2,0,12,0.0,0,2,1,1,0.0,0
4748,3016,3,26,0,1,11,2,3,3,12,0.0,1,2,2,2,0.0,2
2445,3691,4,19,3,2,16,3,4,12,4,0.6667,0,2,2,1,0.6667,2
2614,3027,2,10,2,2,10,2,5,9,12,0.0,0,0,2,1,0.0,1
3467,1500,4,25,3,3,18,5,7,0,4,0.6667,0,1,1,0,0.4667,2
2513,1769,2,27,0,1,11,3,5,3,9,0.3444,1,3,2,2,0.3444,2
1217,2464,4,11,2,0,18,5,1,0,2,0.3333,0,2,1,1,0.2333,2
2933,2140,3,11,0,3,13,2,8,11,4,0.6667,2,1,2,0,0.6667,2
1715,588,5,10,3,1,17,3,3,8,3,0.5,0,0,0,0,0.2,1
1837,2576,1,10,3,0,2,0,0,9,5,0.7556,0,2,2,1,0.7556,2
3841,3647,5,15,1,3,18,5,9,6,10,0.1778,0,4,2,0,0.1778,2
2214,2740,3,32,1,0,14,4,1,0,6,0.8444,0,4,2,0,0.8444,2
4567,3829,5,18,1,2,18,3,4,3,1,0.1667,1,3,2,2,0.1667,2
3630,510,2,10,3,2,8,1,7,0,9,0.3444,0,2,1,1,0.2411,1
1336,1165,5,15,3,3,18,4,8,1,9,0.3444,0,2,2,1,0.3444,2
4787,1971,5,29,3,3,18,3,8,2,5,0.7556,1,1,2,1,0.7556,2
1425,1705,1,33,0,2,14,5,4,8,2,0.3333,0,0,0,0,0.1333,1
1220,3985,4,36,3,1,13,2,3,6,3,0.5,0,2,2,2,0.5,2
4829,806,2,18,2,1,11,3,2,11,3,0.5,2,5,3,0,0.65,2
2345,635,1,35,0,3,11,3,9,1,3,0.5,0,4,2,0,0.5,2
3073,1220,4,13,1,1,13,2,4,13,10,0.1778,0,1,2,0,0.1778,1
1950,1318,3,14,0,1,9,1,4,4,5,0.7556,1,3,2,2,0.7556,2
3561,1070,1,14,1,0,8,3,3,1,12,0.0,0,2,2,1,0.0,0
1077,917,1,12,3,3,13,4,6,11,4,0.6667,2,5,3,0,0.8667,2
1254,1174,3,30,3,2,18,5,7,0,3,0.5,0,0,1,0,0.35,2
3758,2195,2,27,1,3,11,2,6,5,3,0.5,2,4,3,0,0.65,2
3322,1427,4,20,1,0,16,4,1,4,6,0.8444,1,1,2,0,0.8444,2
811,2251,1,11,0,1,11,4,3,1,4,0.6667,0,1,2,0,0.6667,2
4927,2225,2,19,3,2,6,0,4,10,6,0.8444,0,2,2,1,0.8444,2
4426,2006,1,20,0,3,7,1,8,0,7,0.6778,0,4,2,0,0.6778,2
3137,1164,5,20,3,1,13,1,3,12,2,0.3333,0,1,2,0,0.3333,1
4781,1176,2,23,0,3,15,4,7,10,3,0.5,0,2,2,1,0.5,2
3788,2593,4,35,2,0,18,5,1,10,1,0.1667,0,1,2,0,0.1667,1
4099,2861,2,30,3,2,14,4,7,10,6,0.8444,0,0,2,0,0.8444,2
2307,2816,4,20,1,1,13,2,5,10,1,0.1667,0,1,2,0,0.1667,1
4154,3326,1,18,3,1,7,2,4,7,5,0.7556,0,2,2,1,0.7556,2
3433,2472,2,18,0,2,6,0,7,10,2,0.3333,0,4,2,0,0.3333,1
4019,525,1,14,1,1,13,5,3,1,6,0.8444,0,3,2,2,0.8444,2
3581,3550,1,12,0,2,10,3,6,3,1,0.1667,1,1,2,1,0.1667,2
2310,3024,5,13,3,2,12,0,6,13,3,0.5,0,0,2,0,0.5,2
3576,714,5,18,2,1,18,4,5,13,10,0.1778,0,2,2,1,0.1778,1
2673,2960,3,21,3,0,16,5,2,5,2,0.3333,2,5,3,0,0.4333,2
1597,3189,4,13,2,1,9,0,5,4,11,0.0889,1,4,2,0,0.0889,2
4330,1698,5,13,3,1,18,4,2,10,2,0.3333,0,1,2,0,0.3333,2
3848,3213,2,33,2,2,8,1,4,0,6,0.8444,0,1,1,0,0.5911,2
4162,1186,5,10,2,3,18,4,7,3,5,0.7556,1,3,2,2,0.7556,2
3911,3273,3,17,2,0,8,1,1,10,7,0.6778,0,0,2,0,0.6778,2
4979,1916,3,20,0,2,8,0,5,6,12,0.0,0,4,2,0,0.0,1
3529,2042,4,23,2,0,16,4,3,6,11,0.0889,0,4,2,0,0.0889,1
645,3534,2,28,0,0,10,3,0,0,3,0.5,0,4,2,0,0.5,2
1524,895,2,21,2,1,7,1,4,1,12,0.0,0,1,2,0,0.0,1
4768,730,1,26,1,0,4,1,0,11,10,0.1778,2,5,3,0,0.2311,2
935,2943,3,11,2,1,13,3,4,1,12,0.0,0,3,2,2,0.0,2
1904,1649,2,12,3,1,11,3,5,4,4,0.6667,1,5,3,0,0.8667,2
4261,1779,3,16,0,1,11,2,2,8,5,0.7556,0,0,0,0,0.3022,1
2031,2964,2,12,3,2,10,2,6,7,3,0.5,0,0,2,0,0.5,2
3601,1796,5,10,3,3,13,0,6,12,10,0.1778,0,0,2,0,0.1778,1
3767,2778,4,3,1,3,15,2,8,6,6,0.8444,0,1,2,0,0.8444,2
3814,3531,2,22,0,0,6,1,0,7,7,0.6778,0,4,3,0,0.8811,2
3914,2509,3,26,3,3,18,5,6,8,2,0.3333,0,0,0,0,0.1333,1
1197,1963,4,10,3,0,10,1,2,6,1,0.1667,0,2,2,2,0.1667,1
3670,1400,1,20,2,0,12,5,2,0,8,0.5111,0,4,2,0,0.5111,2
3409,2013,3,13,1,1,7,0,3,3,9,0.3444,1,1,2,1,0.3444,2
4665,2237,5,35,2,2,18,5,7,0,4,0.6667,0,1,1,0,0.4667,2
2934,1974,4,10,1,2,18,4,7,9,2,0.3333,0,0,2,1,0.3333,2
3963,456,2,28,3,3,9,1,7,10,9,0.3444,0,4,2,0,0.3444,2
3073,3710,5,15,1,2,18,4,6,6,10,0.1778,0,2,2,2,0.1778,2
3213,2323,4,3,2,2,10,0,7,4,1,0.1667,1,3,2,2,0.1667,2
4928,846,3,15,3,3,17,4,7,1,1,0.1667,0,2,2,1,0.1667,1
1219,3347,5,19,3,0,14,2,0,0,10,0.1778,0,2,1,1,0.1245,1
4592,2731,4,6,3,2,18,4,7,0,1,0.1667,0,2,1,1,0.1167,2
614,2663,5,12,0,1,17,3,2,3,11,0.0889,1,2,2,2,0.0889,2
4489,3819,1,11,1,1,3,0,3,4,5,0.7556,1,1,2,0,0.7556,2
2075,2465,4,28,1,1,13,2,3,0,6,0.8444,0,2,1,1,0.5911,2
1462,2609,5,11,1,0,18,4,0,13,11,0.0889,0,4,2,0,0.0889,2
1170,3651,1,10,2,2,4,0,7,4,12,0.0,1,3,2,2,0.0,2
2889,3366,5,13,0,3,18,5,9,7,8,0.5111,0,4,3,0,0.6644,2
742,1009,2,13,0,2,12,3,6,0,3,0.5,0,2,1,1,0.35,2
2186,3813,2,5,0,2,12,3,5,10,4,0.6667,0,2,2,1,0.6667,2
2363,2509,1,32,3,1,11,4,2,2,3,0.5,1,0,2,1,0.5,2
2379,1813,1,10,2,1,7,2,3,6,5,0.7556,0,0,2,1,0.7556,2
4157,3736,4,8,0,0,18,5,1,2,4,0.6667,1,1,2,1,0.6667,2
4962,3872,2,6,2,0,4,0,2,0,5,0.7556,0,0,1,0,0.5289,2
2144,2560,2,10,0,1,11,3,3,6,2,0.3333,0,1,2,0,0.3333,1
2555,3746,5,28,2,3,17,2,9,0,5,0.7556,0,2,1,1,0.5289,2
3235,3752,2,17,2,3,9,1,7,0,6,0.8444,0,4,2,0,0.8444,2
3819,742,5,24,3,3,18,4,9,7,10,0.1778,0,1,2,0,0.1778,1
3196,3928,1,19,3,1,3,0,3,2,2,0.3333,1,1,2,1,0.3333,2
836,3226,2,36,3,1,11,3,2,1,2,0.3333,0,3,2,2,0.3333,2
1114,2449,4,20,3,1,11,1,5,2,9,0.3444,1,5,3,0,0.4477,2
1668,3103,3,28,0,1,17,5,2,9,12,0.0,0,0,2,1,0.0,1
3825,991,1,12,1,0,4,1,2,12,3,0.5,0,1,2,0,0.5,1
2497,3249,5,21,0,1,13,1,4,8,8,0.5111,0,4,1,0,0.3578,2
2886,1209,1,9,0,0,6,2,3,8,3,0.5,0,0,0,0,0.2,1
2151,1581,1,34,2,1,11,4,3,1,3,0.5,0,3,2,2,0.5,2
1672,3847,2,25,0,0,4,0,2,13,5,0.7556,0,4,2,0,0.7556,2
793,2845,4,25,3,3,15,2,8,4,5,0.7556,1,0,2,1,0.7556,2
2489,927,5,13,3,0,18,4,2,9,5,0.7556,0,4,2,0,0.7556,2
632,2567,1,10,1,1,11,4,2,3,2,0.3333,1,3,2,2,0.3333,2
679,793,3,10,0,1,17,5,3,0,4,0.6667,0,4,2,0,0.6667,2
891,3902,3,10,3,3,17,4,9,8,9,0.3444,0,0,0,0,0.1378,2
954,2193,2,26,2,2,16,5,7,2,4,0.6667,1,1,2,1,0.6667,2
4527,2831,1,15,3,3,13,4,6,10,11,0.0889,0,4,2,0,0.0889,1
3443,2553,4,29,0,3,15,2,9,12,6,0.8444,0,2,2,1,0.8444,2
1170,3604,2,34,0,3,13,3,7,11,5,0.7556,2,5,3,0,0.9823,2
2633,3908,2,33,3,1,11,3,2,10,12,0.0,0,4,2,0,0.0,1
2268,3754,5,23,2,2,18,3,6,11,5,0.7556,2,4,3,0,0.9823,2
4366,730,4,25,2,3,18,5,6,6,5,0.7556,0,0,2,1,0.7556,2
4341,2282,4,15,2,2,14,2,5,13,9,0.3444,0,1,2,0,0.3444,2
3006,3825,1,6,2,1,13,5,4,6,12,0.0,0,2,2,2,0.0,1
4568,3883,3,17,3,1,9,1,5,1,5,0.7556,0,1,2,0,0.7556,2
1334,3916,3,10,2,1,15,4,4,0,2,0.3333,0,2,1,1,0.2333,2
4870,3692,1,31,0,2,6,1,6,9,2,0.3333,0,2,2,1,0.3333,1
1458,3200,4,12,3,2,14,2,6,4,6,0.8444,1,1,2,0,0.8444,2
1420,798,5,26,0,0,12,1,0,6,5,0.7556,0,2,2,2,0.7556,2
1990,1738,2,16,3,3,13,3,7,7,3,0.5,0,0,2,0,0.5,2
1376,2124,3,16,3,0,16,5,1,5,1,0.1667,2,4,3,0,0.2167,2
1546,559,3,17,1,2,12,2,4,12,6,0.8444,0,2,2,1,0.8444,2
1806,1055,1,30,3,2,10,3,4,6,11,0.0889,0,4,2,0,0.0889,0
4471,821,2,7,1,0,10,3,2,2,12,0.0,1,4,2,0,0.0,1
2310,2041,2,7,2,2,16,5,7,6,7,0.6778,0,1,2,0,0.6778,2
3767,3895,3,17,1,2,16,4,7,8,8,0.5111,0,0,0,0,0.2044,2
3146,505,5,11,3,2,14,1,5,9,3,0.5,0,2,2,1,0.5,2
1698,534,1,24,1,1,11,4,2,9,11,0.0889,0,0,2,1,0.0889,0
986,1557,3,25,2,2,14,3,4,12,1,0.1667,0,4,2,0,0.1667,1
2968,1947,3,27,1,1,11,2,4,2,6,0.8444,1,1,2,1,0.8444,2
3551,2092,5,21,1,2,18,5,4,1,5,0.7556,0,3,2,2,0.7556,2
2583,2247,3,10,2,3,11,1,9,10,6,0.8444,0,2,2,1,0.8444,2
1099,551,5,13,3,0,10,0,2,11,7,0.6778,2,5,3,0,0.8811,2
4891,3749,1,18,1,1,13,5,3,2,4,0.6667,1,5,3,0,0.8667,2
2255,1441,4,15,2,3,15,2,6,1,10,0.1778,0,1,2,0,0.1778,1
929,3625,2,18,3,1,5,0,2,10,9,0.3444,0,0,2,0,0.3444,1
4808,941,5,36,0,3,18,4,7,7,11,0.0889,0,1,2,0,0.0889,1
1164,1098,2,18,0,3,9,1,8,10,1,0.1667,0,0,2,0,0.1667,1
3087,2549,5,25,2,2,14,1,6,0,10,0.1778,0,1,1,0,0.1245,1
3509,2802,4,10,0,0,12,2,3,8,2,0.3333,0,0,0,0,0.1333,2
4681,725,3,17,3,2,18,5,4,9,2,0.3333,0,4,2,0,0.3333,2
918,1678,1,30,0,1,9,3,5,4,11,0.0889,1,0,2,1,0.0889,1
4358,1854,1,12,0,2,14,5,7,0,7,0.6778,0,1,1,0,0.4745,2
2472,1956,3,18,0,1,17,5,2,6,1,0.1667,0,1,2,0,0.1667,1
1113,1765,5,30,3,2,18,5,6,7,11,0.0889,0,0,2,0,0.0889,1
3604,3194,4,6,1,0,16,4,0,8,3,0.5,0,1,1,0,0.35,2
1698,1520,1,27,2,2,12,4,7,4,8,0.5111,1,5,3,0,0.6644,2
1361,582,3,15,2,2,16,4,5,6,2,0.3333,0,3,2,2,0.3333,2
3740,760,4,15,3,1,18,5,5,6,3,0.5,0,0,2,1,0.5,2
3227,815,5,3,1,1,18,4,3,3,7,0.6778,1,0,2,1,0.6778,2
1153,886,3,6,2,2,16,4,4,7,6,0.8444,0,4,3,0,1.0,2
1437,2622,5,21,0,2,14,1,6,7,4,0.6667,0,0,2,0,0.6667,2
4389,3665,1,13,3,0,2,0,1,12,5,0.7556,0,4,2,0,0.7556,2
2928,2021,4,16,2,2,18,5,7,0,4,0.6667,0,2,1,1,0.4667,2
1396,3707,2,22,1,3,13,3,8,0,9,0.3444,0,1,1,0,0.2411,1
1048,3629,5,27,1,2,16,2,7,6,4,0.6667,0,2,2,2,0.6667,2
3560,2627,2,24,3,0,12,4,0,7,8,0.5111,0,0,2,0,0.5111,1
1729,3969,3,9,1,0,10,2,3,1,2,0.3333,0,4,2,0,0.3333,2
3025,2624,3,15,3,0,6,0,0,5,9,0.3444,2,5,3,0,0.4477,2
3396,3732,5,4,0,2,16,2,4,4,3,0.5,1,3,2,2,0.5,2
4687,2497,1,18,2,1,7,2,4,11,12,0.0,2,5,3,0,0.0,2
2251,3568,1,27,0,2,12,4,4,12,10,0.1778,0,0,2,0,0.1778,1
1030,3985,3,19,3,0,10,2,1,6,9,0.3444,0,3,2,2,0.3444,2
1007,3124,5,10,2,2,18,5,7,7,10,0.1778,0,1,2,0,0.1778,2
3873,1020,2,28,2,3,7,0,7,12,7,0.6778,0,2,2,1,0.6778,2
3242,481,5,9,3,2,18,5,5,12,1,0.1667,0,0,2,0,0.1667,1
816,2311,1,14,2,0,8,3,1,9,1,0.1667,0,2,2,1,0.1667,1
4178,1088,5,20,3,0,16,3,0,7,9,0.3444,0,1,2,0,0.3444,2
4690,3113,5,19,0,2,18,5,4,2,9,0.3444,1,5,3,0,0.4477,2
2461,3564,5,10,1,1,13,1,2,6,8,0.5111,0,2,2,2,0.5111,2
1485,1829,2,26,2,0,10,3,2,5,7,0.6778,2,5,3,0,0.8811,2
3380,3605,5,23,1,2,12,0,7,4,2,0.3333,1,5,3,0,0.4333,2
1904,3896,5,33,0,3,18,5,8,10,12,0.0,0,4,2,0,0.0,1
2875,3540,5,30,0,0,12,1,2,10,12,0.0,0,1,2,0,0.0,1
1319,3162,4,28,2,3,18,5,8,6,5,0.7556,0,3,2,2,0.7556,2
2587,2871,1,20,2,0,12,5,1,0,9,0.3444,0,1,1,0,0.2411,1
1574,2261,1,24,1,1,3,0,5,6,12,0.0,0,2,2,2,0.0,1
4866,1283,1,16,2,2,10,3,4,5,12,0.0,2,4,3,0,0.0,2
4343,3369,1,34,3,1,11,4,5,8,11,0.0889,0,1,1,0,0.0622,0
3919,2459,3,3,3,1,11,2,4,11,1,0.1667,2,5,3,0,0.2167,2
2360,596,5,18,0,0,12,1,1,0,4,0.6667,0,4,2,0,0.6667,2
3068,2516,3,31,3,2,18,5,7,10,10,0.1778,0,0,2,0,0.1778,1
2874,2627,2,33,3,1,7,1,3,6,6,0.8444,0,1,2,0,0.8444,2
3707,521,1,8,1,3,13,4,9,12,5,0.7556,0,1,2,0,0.7556,2
3898,1127,4,11,0,2,12,1,7,6,11,0.0889,0,0,2,1,0.0889,1
1507,1971,4,28,3,0,12,2,0,4,12,0.0,1,0,2,1,0.0,1
864,1866,5,20,2,1,18,4,2,7,7,0.6778,0,0,2,0,0.6778,2
2917,1913,2,30,1,2,16,5,4,11,2,0.3333,2,5,3,0,0.4333,2
3718,3019,1,7,2,0,2,0,2,10,1,0.1667,0,0,2,0,0.1667,1
4397,2290,2,21,0,0,8,2,1,10,7,0.6778,0,4,2,0,0.6778,2
2443,2972,2,13,3,2,16,5,5,6,5,0.7556,0,4,2,0,0.7556,2
4848,1077,3,26,1,3,13,2,8,6,4,0.6667,0,1,2,0,0.6667,2
3879,1817,4,28,0,1,15,3,3,3,2,0.3333,1,0,2,1,0.3333,2
1354,1690,4,36,2,1,13,2,5,2,2,0.3333,1,0,2,1,0.3333,2
777,1070,4,18,3,2,16,3,6,3,1,0.1667,1,2,2,2,0.1667,2
1198,1968,1,11,1,0,4,1,2,12,1,0.1667,0,2,2,1,0.1667,1
4774,3604,4,17,3,3,17,3,7,0,12,0.0,0,4,2,0,0.0,2
1111,2959,2,20,0,2,12,3,7,1,2,0.3333,0,1,2,0,0.3333,1
3609,804,2,24,3,3,13,3,7,6,1,0.1667,0,4,2,0,0.1667,1
846,2388,1,29,3,0,10,4,1,2,7,0.6778,1,1,2,1,0.6778,2
897,2130,5,28,1,1,11,0,4,7,3,0.5,0,4,3,0,0.65,2
4284,3607,2,6,0,1,9,2,4,7,9,0.3444,0,2,2,1,0.3444,2
2557,1819,3,12,0,2,8,0,7,6,1,0.1667,0,1,2,0,0.1667,1
2861,3239,2,14,0,0,12,4,1,9,3,0.5,0,4,2,0,0.5,2
3632,2653,3,18,2,0,10,2,0,6,7,0.6778,0,2,2,2,0.6778,2
3088,2553,5,17,2,1,18,4,2,6,4,0.6667,0,4,2,0,0.6667,2
655,980,2,28,1,3,7,0,7,10,4,0.6667,0,2,2,1,0.6667,2
4186,2951,4,30,2,0,14,3,3,4,8,0.5111,1,5,3,0,0.6644,2
4365,2701,2,17,2,3,17,5,8,12,10,0.1778,0,2,2,1,0.1778,1
2907,1659,3,15,1,2,8,0,7,7,4,0.6667,0,0,2,0,0.6667,2
4779,2324,2,18,3,1,9,2,2,10,9,0.3444,0,4,2,0,0.3444,1
4691,1590,5,35,1,0,10,0,3,11,11,0.0889,2,5,3,0,0.1156,2
2784,687,5,18,2,3,18,4,6,11,11,0.0889,2,5,3,0,0.1156,2
3343,3801,4,12,3,3,18,4,8,8,4,0.6667,0,0,0,0,0.2667,2
3374,1584,1,16,2,1,7,2,4,12,3,0.5,0,2,2,1,0.5,2
1330,926,5,16,1,0,16,3,2,6,2,0.3333,0,0,2,1,0.3333,1
1054,3121,1,14,3,2,14,5,5,13,11,0.0889,0,2,2,1,0.0889,1
3015,490,2,6,0,2,8,1,5,7,7,0.6778,0,2,2,1,0.6778,2
2105,2987,1,17,1,2,4,0,7,9,3,0.5,0,0,2,1,0.5,2
3884,811,4,21,2,0,18,5,2,9,4,0.6667,0,1,2,0,0.6667,2
4244,3189,4,17,0,0,12,2,3,10,11,0.0889,0,2,2,1,0.0889,1
3896,1471,2,27,0,1,15,5,2,0,8,0.5111,0,2,1,1,0.3578,2
1628,2990,3,12,2,2,18,5,5,11,2,0.3333,2,4,3,0,0.4333,2
884,1363,5,13,0,0,18,4,2,13,6,0.8444,0,0,2,0,0.8444,2
1158,1308,1,12,3,1,9,3,5,3,12,0.0,1,0,2,1,0.0,1
1867,1239,5,34,3,0,14,2,3,7,2,0.3333,0,4,3,0,0.4333,2
726,3772,3,22,2,3,15,3,9,7,2,0.3333,0,0,2,0,0.3333,2
3763,2587,1,12,2,2,12,4,4,6,5,0.7556,0,1,2,0,0.7556,2
1328,2603,4,16,1,3,11,0,6,0,7,0.6778,0,1,1,0,0.4745,2
4342,2138,1,14,2,3,5,0,6,12,6,0.8444,0,1,2,0,0.8444,2
4917,2760,4,15,3,0,12,2,2,13,10,0.1778,0,2,2,1,0.1778,2
4510,430,4,23,1,1,11,1,5,9,3,0.5,0,0,2,1,0.5,2
1313,1009,5,27,0,2,18,3,7,7,2,0.3333,0,0,2,0,0.3333,2
1352,3889,5,35,3,3,17,2,7,7,12,0.0,0,4,3,0,0.0,1
2034,580,5,15,1,1,17,3,4,12,3,0.5,0,0,2,0,0.5,2
4959,568,5,3,3,0,12,1,3,7,7,0.6778,0,2,2,1,0.6778,2
1476,793,5,10,0,3,13,0,6,8,2,0.3333,0,0,0,0,0.1333,1
2508,3140,2,16,0,1,15,5,4,1,11,0.0889,0,1,2,0,0.0889,1
944,2303,1,30,3,1,11,4,2,6,3,0.5,0,0,2,1,0.5,1
2213,774,3,20,0,0,12,3,1,10,10,0.1778,0,4,2,0,0.1778,1
723,3766,3,12,0,2,8,0,4,0,9,0.3444,0,1,1,0,0.2411,2
3884,1926,3,21,0,1,7,0,3,1,7,0.6778,0,4,2,0,0.6778,2
3065,1232,5,22,0,2,16,2,4,12,9,0.3444,0,4,2,0,0.3444,2
2891,679,4,19,3,2,18,4,4,10,8,0.5111,0,2,2,1,0.5111,2
1821,3211,1,6,1,0,2,0,2,8,10,0.1778,0,0,0,0,0.0711,1
4236,2745,4,14,0,2,14,2,6,7,10,0.1778,0,0,2,0,0.1778,1
735,2147,1,21,0,3,13,4,9,8,1,0.1667,0,1,1,0,0.1167,1
1820,1105,2,10,1,3,15,4,9,1,10,0.1778,0,3,2,2,0.1778,2
4685,2682,3,12,1,3,17,4,7,3,11,0.0889,1,3,2,2,0.0889,2
745,3530,1,6,2,0,6,2,0,3,5,0.7556,1,0,2,1,0.7556,2
1673,2769,3,13,2,3,17,4,9,6,4,0.6667,0,0,2,1,0.6667,2
3863,2397,4,22,1,2,16,3,4,3,6,0.8444,1,3,2,2,0.8444,2
1196,2419,4,6,2,1,15,3,3,0,2,0.3333,0,1,1,0,0.2333,2
3909,2791,2,15,1,0,12,4,0,9,12,0.0,0,1,2,0,0.0,1
606,1064,3,26,1,2,12,2,4,0,5,0.7556,0,2,1,1,0.5289,2
4203,2432,5,17,1,3,18,4,6,8,8,0.5111,0,1,1,0,0.3578,2
2847,2502,3,9,2,3,13,2,8,9,5,0.7556,0,2,2,1,0.7556,2
4506,1138,5,11,2,0,10,0,0,9,1,0.1667,0,0,2,1,0.1667,1
1886,1813,2,30,3,3,15,4,6,11,1,0.1667,2,5,3,0,0.2167,2
2961,3293,5,36,2,2,14,1,4,3,6,0.8444,1,3,2,2,0.8444,2
1143,1975,4,26,3,2,12,1,4,6,4,0.6667,0,3,2,2,0.6667,2
3294,1935,1,14,2,1,5,1,5,6,10,0.1778,0,0,2,1,0.1778,0
1003,902,1,28,3,0,4,1,0,9,11,0.0889,0,1,2,0,0.0889,0
3711,3121,4,10,1,0,18,5,1,10,11,0.0889,0,4,2,0,0.0889,2
4145,3937,1,32,3,1,5,1,4,7,11,0.0889,0,0,2,0,0.0889,0
2718,2768,3,27,3,1,9,1,2,10,8,0.5111,0,2,2,1,0.5111,2
4787,3100,5,15,0,2,14,1,6,10,12,0.0,0,0,2,0,0.0,1
1726,679,3,8,2,0,16,5,0,2,2,0.3333,1,0,2,1,0.3333,2
1065,2832,1,21,1,0,12,5,0,3,10,0.1778,1,3,2,2,0.1778,2
3895,2985,2,11,2,3,15,4,8,10,8,0.5111,0,4,2,0,0.5111,2
2082,1795,4,18,2,3,13,1,9,8,12,0.0,0,1,1,0,0.0,1
2189,3191,5,18,3,1,15,2,5,10,12,0.0,0,0,2,0,0.0,1
3569,2407,3,36,0,3,17,4,9,0,5,0.7556,0,2,1,1,0.5289,2
2316,3642,3,12,0,0,10,2,2,13,4,0.6667,0,4,2,0,0.6667,2
4205,2039,4,13,1,3,18,4,8,10,1,0.1667,0,2,2,1,0.1667,2
1156,3875,5,6,3,1,18,4,3,4,2,0.3333,1,0,2,1,0.3333,2
4212,3769,2,18,2,2,8,1,6,0,11,0.0889,0,1,1,0,0.0622,1
3287,3560,3,25,3,1,11,2,5,9,8,0.5111,0,0,2,1,0.5111,2
773,979,1,8,3,1,11,4,2,0,6,0.8444,0,1,1,0,0.5911,1
3722,1168,5,10,0,3,13,0,7,0,1,0.1667,0,1,1,0,0.1167,2
4072,447,1,27,3,0,8,3,2,7,11,0.0889,0,0,2,0,0.0889,0
699,2909,3,25,3,3,11,1,7,6,1,0.1667,0,1,2,0,0.1667,1
1601,3601,1,24,1,0,2,0,2,13,1,0.1667,0,0,2,0,0.1667,0
3915,3832,3,5,3,0,8,1,3,2,7,0.6778,1,0,2,1,0.6778,2
3778,1254,2,25,0,2,8,1,4,11,2,0.3333,2,5,3,0,0.4333,2
3652,1264,3,18,0,2,18,5,7,3,2,0.3333,1,3,2,2,0.3333,2
3196,2246,4,27,1,1,17,4,3,8,8,0.5111,0,5,1,0,0.3578,2
2559,2115,3,21,0,2,14,3,6,10,4,0.6667,0,0,2,0,0.6667,2
4056,2531,4,24,2,0,18,5,0,0,11,0.0889,0,0,1,0,0.0622,1
2313,729,1,10,2,2,8,2,5,4,9,0.3444,1,5,3,0,0.4477,2
4603,3664,1,13,1,1,3,0,4,10,6,0.8444,0,1,2,0,0.8444,2
1175,3875,4,14,2,0,8,0,1,6,5,0.7556,0,0,2,1,0.7556,2
3145,2812,4,16,0,3,18,5,7,6,11,0.0889,0,0,2,1,0.0889,1
1835,2972,5,10,3,2,14,1,7,7,9,0.3444,0,2,2,1,0.3444,2
1538,3741,1,33,3,3,11,3,6,2,9,0.3444,1,4,2,0,0.3444,2
2839,1529,3,10,2,3,11,1,8,0,8,0.5111,0,0,1,0,0.3578,2
4654,3451,1,12,1,0,12,5,3,3,4,0.6667,1,0,2,1,0.6667,2
1397,1303,2,13,3,2,6,0,6,6,10,0.1778,0,0,2,1,0.1778,0
2341,1322,5,24,2,1,18,5,5,1,11,0.0889,0,2,2,1,0.0889,1
4572,2127,1,35,2,3,13,4,8,7,6,0.8444,0,2,2,1,0.8444,2
2901,728,2,29,0,3,9,1,9,11,9,0.3444,2,5,3,0,0.4477,2
4048,3885,4,23,2,1,9,0,5,4,1,0.1667,1,5,3,0,0.2167,2
3776,1315,2,11,3,1,11,3,4,10,8,0.5111,0,4,2,0,0.5111,2
768,2599,2,23,0,0,12,4,1,4,9,0.3444,1,5,3,0,0.4477,2
4385,1202,4,16,0,3,17,3,9,6,2,0.3333,0,3,2,2,0.3333,2
4366,3681,2,8,2,1,13,4,5,4,4,0.6667,1,1,2,0,0.6667,2
3757,2266,2,17,1,2,12,3,5,2,7,0.6778,1,4,2,0,0.6778,2
3464,2303,1,18,3,0,12,5,3,10,12,0.0,0,2,2,1,0.0,1
1211,404,1,11,1,1,5,1,2,9,1,0.1667,0,2,2,1,0.1667,1
4008,3477,5,31,1,2,18,3,4,6,11,0.0889,0,1,2,0,0.0889,1
3289,1012,3,24,1,0,8,1,3,7,10,0.1778,0,4,3,0,0.2311,1
2470,1154,4,29,0,2,10,0,4,10,5,0.7556,0,4,2,0,0.7556,2
1421,472,4,35,2,1,15,3,5,2,9,0.3444,1,4,2,0,0.3444,2
765,833,5,9,3,1,11,0,4,1,12,0.0,0,1,2,0,0.0,1
3635,720,3,27,3,3,18,5,7,5,4,0.6667,2,5,3,0,0.8667,2
2069,1200,2,23,1,0,4,0,0,6,8,0.5111,0,0,2,1,0.5111,1
1363,2615,4,10,3,3,18,4,7,3,4,0.6667,1,0,2,1,0.6667,2
1555,1020,2,28,1,2,14,4,7,6,4,0.6667,0,0,2,1,0.6667,2
3732,1902,4,34,0,0,16,4,3,9,8,0.5111,0,0,2,1,0.5111,2
754,3984,4,33,3,0,14,3,2,9,5,0.7556,0,4,2,0,0.7556,2
1266,1651,3,30,1,1,9,1,4,2,12,0.0,1,0,2,1,0.0,1
2033,1850,1,8,2,3,9,2,8,6,1,0.1667,0,3,2,2,0.1667,1
686,1562,3,16,2,1,15,4,2,1,3,0.5,0,1,2,0,0.5,2
2214,1534,4,26,0,0,14,3,2,6,7,0.6778,0,0,2,1,0.6778,2
4691,1952,1,34,1,2,14,5,4,0,3,0.5,0,1,1,0,0.35,1
2793,2970,2,18,1,3,7,0,6,2,7,0.6778,1,5,3,0,0.8811,2
2287,2877,1,21,3,3,15,5,9,13,4,0.6667,0,0,2,0,0.6667,2
3169,2914,3,10,0,0,12,3,1,11,3,0.5,2,1,2,0,0.5,2
3915,3514,4,10,1,1,13,2,2,0,12,0.0,0,1,1,0,0.0,1
1857,2520,2,16,2,1,9,2,5,9,3,0.5,0,0,2,1,0.5,2
699,3053,5,29,1,1,17,3,2,8,6,0.8444,0,0,0,0,0.3378,2
1590,2874,4,9,2,3,15,2,9,1,9,0.3444,0,1,2,0,0.3444,2
2088,1243,5,10,1,3,18,4,6,8,11,0.0889,0,0,0,0,0.0356,1
3707,3668,2,17,3,2,6,0,6,5,3,0.5,2,5,3,0,0.65,2
2474,1001,4,10,0,1,17,4,2,7,7,0.6778,0,2,2,1,0.6778,2
4815,3948,5,11,2,1,11,0,5,0,8,0.5111,0,1,1,0,0.3578,2
1152,2987,5,18,1,2,18,3,4,12,6,0.8444,0,2,2,1,0.8444,2
3689,2531,1,14,1,3,11,3,9,9,9,0.3444,0,2,2,1,0.3444,2
1371,2018,5,3,1,1,18,5,5,11,8,0.5111,2,5,3,0,0.6644,2
2057,3909,2,15,1,0,12,4,1,1,1,0.1667,0,2,2,1,0.1667,1
4479,958,3,5,1,3,13,2,8,4,4,0.6667,1,3,2,2,0.6667,2
3727,2657,4,7,2,3,17,3,9,6,1,0.1667,0,4,2,0,0.1667,2
3892,2415,1,22,0,3,5,0,6,7,6,0.8444,0,0,2,0,0.8444,2
3097,2355,3,35,1,1,11,2,3,2,10,0.1778,1,1,2,1,0.1778,1
2418,953,5,16,2,0,14,2,3,13,4,0.6667,0,4,2,0,0.6667,2
1774,1559,2,21,3,0,14,5,0,6,9,0.3444,0,2,2,2,0.3444,1
4800,3296,3,12,0,3,17,4,8,3,6,0.8444,1,3,2,2,0.8444,2
2780,1356,4,30,2,1,9,0,3,5,11,0.0889,2,5,3,0,0.1156,2
4648,694,4,6,3,3,15,2,9,4,2,0.3333,1,1,2,0,0.3333,2
3824,743,2,16,3,1,11,3,3,4,12,0.0,1,1,2,0,0.0,1
1304,1248,1,20,0,3,7,1,8,0,12,0.0,0,1,1,0,0.0,0
3195,660,4,15,2,2,16,3,5,6,4,0.6667,0,1,2,0,0.6667,2
4034,3344,5,17,1,1,18,5,5,11,12,0.0,2,5,3,0,0.0,2
1491,3772,1,20,1,1,7,2,2,5,10,0.1778,2,4,3,0,0.2311,2
3376,1006,1,31,2,3,15,5,9,10,9,0.3444,0,2,2,1,0.3444,2
2781,3726,3,18,1,2,8,0,7,3,3,0.5,1,3,2,2,0.5,2
2759,3163,1,14,0,3,13,4,9,6,11,0.0889,0,0,2,1,0.0889,1
4739,2188,1,8,2,2,10,3,5,2,2,0.3333,1,5,3,0,0.4333,2
604,2748,3,6,0,1,9,1,4,9,11,0.0889,0,0,2,1,0.0889,1
831,3934,1,24,2,0,12,5,2,13,1,0.1667,0,2,2,1,0.1667,1
3046,3193,4,16,0,1,17,4,3,6,9,0.3444,0,1,2,0,0.3444,2
3107,3068,3,11,0,3,9,0,9,12,6,0.8444,0,2,2,1,0.8444,2
4402,2032,5,14,3,2,14,1,7,9,6,0.8444,0,2,2,1,0.8444,2
3008,510,4,26,0,0,10,1,2,11,12,0.0,2,5,3,0,0.0,2
1179,3812,4,12,1,0,10,1,3,10,8,0.5111,0,4,2,0,0.5111,2
1801,2390,5,17,0,3,13,0,8,1,3,0.5,0,2,2,1,0.5,2
4235,3931,5,18,3,0,18,5,3,13,1,0.1667,0,0,2,0,0.1667,1
4861,1463,4,28,3,1,11,1,2,0,1,0.1667,0,1,1,0,0.1167,1
4500,1529,3,12,0,3,9,0,6,6,1,0.1667,0,0,2,1,0.1667,1
3568,938,2,9,0,1,13,4,4,2,9,0.3444,1,1,2,1,0.3444,2
4317,3546,3,27,2,3,15,3,7,10,6,0.8444,0,4,2,0,0.8444,2
2617,685,3,36,2,1,13,3,2,4,12,0.0,1,5,3,0,0.0,2
2454,2822,4,16,0,2,16,3,7,8,3,0.5,0,1,1,0,0.35,2
3574,1016,3,28,1,1,17,5,2,10,6,0.8444,0,0,2,0,0.8444,2
1306,1409,5,19,1,0,14,2,3,10,2,0.3333,0,4,2,0,0.3333,2
4990,2927,5,12,3,1,17,3,2,11,3,0.5,2,1,2,0,0.5,2
4618,1258,2,23,3,3,11,2,6,0,12,0.0,0,1,1,0,0.0,0
1881,635,1,14,1,0,10,4,1,9,4,0.6667,0,0,2,1,0.6667,2
4946,1589,5,9,3,1,11,0,4,3,11,0.0889,1,3,2,2,0.0889,2
682,1276,4,32,3,1,9,0,2,7,8,0.5111,0,4,3,0,0.6644,2
3843,3328,3,21,0,2,14,3,7,7,4,0.6667,0,0,2,0,0.6667,2
4148,1278,5,7,3,2,18,4,6,3,6,0.8444,1,3,2,2,0.8444,2
1558,3059,3,28,2,1,13,3,4,8,6,0.8444,0,5,1,0,0.5911,2
3150,2817,3,18,0,2,10,1,5,9,2,0.3333,0,0,2,1,0.3333,1
1190,1062,3,24,2,0,6,0,1,1,3,0.5,0,4,2,0,0.5,2
4608,1144,5,22,3,0,18,5,0,9,6,0.8444,0,0,2,1,0.8444,2
1544,1417,3,28,0,3,15,3,6,0,3,0.5,0,2,1,1,0.35,2
4571,3125,4,17,1,3,11,0,9,4,1,0.1667,1,1,2,0,0.1667,2
4773,833,2,12,1,0,10,3,0,6,10,0.1778,0,0,2,1,0.1778,0
3886,988,5,6,2,0,16,3,3,2,3,0.5,1,1,2,1,0.5,2
2257,3736,5,17,1,0,12,1,1,7,12,0.0,0,2,2,1,0.0,1
4343,1173,1,14,0,1,11,4,4,8,8,0.5111,0,0,0,0,0.2044,1
3158,507,1,19,2,0,6,2,2,6,6,0.8444,0,2,2,2,0.8444,2
2223,652,4,4,1,2,14,2,6,9,10,0.1778,0,4,2,0,0.1778,2
3046,3427,5,7,2,1,18,5,5,7,5,0.7556,0,0,2,0,0.7556,2
4524,1508,1,11,2,1,7,2,4,12,11,0.0889,0,1,2,0,0.0889,0
1429,1092,1,5,0,0,6,2,0,5,11,0.0889,2,5,3,0,0.1156,2
2151,983,5,31,2,1,17,3,4,9,8,0.5111,0,1,2,0,0.5111,2
2090,574,5,33,0,1,15,2,3,3,4,0.6667,1,3,2,2,0.6667,2
4437,3018,2,14,1,3,17,5,8,12,2,0.3333,0,2,2,1,0.3333,2
2773,1533,1,29,1,1,5,1,4,11,8,0.5111,2,5,3,0,0.6644,2
1423,1610,2,27,2,2,8,1,4,2,9,0.3444,1,4,2,0,0.3444,2
2591,2343,5,29,2,2,18,5,6,7,10,0.1778,0,1,2,0,0.1778,1
3064,3678,3,15,3,0,16,5,2,0,1,0.1667,0,1,1,0,0.1167,1
1318,3637,5,32,3,2,12,0,4,12,8,0.5111,0,4,2,0,0.5111,2
4894,1539,1,27,0,3,7,1,7,6,4,0.6667,0,0,2,1,0.6667,2
2873,2434,4,18,1,0,14,3,2,10,11,0.0889,0,0,2,0,0.0889,1
4892,841,2,16,3,1,15,5,5,6,10,0.1778,0,3,2,2,0.1778,1
2117,638,1,30,0,0,2,0,2,13,11,0.0889,0,4,2,0,0.0889,1
4233,684,2,7,3,3,15,4,8,11,1,0.1667,2,5,3,0,0.2167,2
679,771,4,26,0,1,15,3,2,6,6,0.8444,0,2,2,2,0.8444,2
4336,857,2,23,3,2,16,5,4,10,11,0.0889,0,2,2,1,0.0889,1
4124,2383,5,14,3,0,12,1,2,1,4,0.6667,0,3,2,2,0.6667,2
1694,3673,2,29,0,0,14,5,2,11,8,0.5111,2,5,3,0,0.6644,2
1803,3342,1,19,2,3,15,5,9,12,3,0.5,0,2,2,1,0.5,2
4290,3559,3,22,1,3,17,4,7,2,12,0.0,1,4,2,0,0.0,2
3463,3483,1,33,0,1,5,1,4,6,5,0.7556,0,2,2,2,0.7556,2
1062,1312,2,36,3,1,11,3,5,7,4,0.6667,0,1,2,0,0.6667,2
2290,1169,4,20,2,2,10,0,7,9,2,0.3333,0,0,2,1,0.3333,2
2850,2965,4,23,2,0,14,3,1,6,4,0.6667,0,1,2,0,0.6667,2
738,1075,5,22,3,3,17,2,8,7,9,0.3444,0,4,3,0,0.4477,2
4980,1336,1,24,3,2,6,1,4,1,4,0.6667,0,3,2,2,0.6667,2
1993,3302,3,15,1,3,9,0,6,9,3,0.5,0,4,2,0,0.5,2
2529,628,1,18,1,2,8,2,5,0,4,0.6667,0,4,2,0,0.6667,2
2396,712,5,13,2,2,12,0,5,2,2,0.3333,1,4,2,0,0.3333,2
4233,3301,4,14,0,3,17,3,7,2,3,0.5,1,1,2,1,0.5,2
3536,1876,3,12,3,2,18,5,7,0,4,0.6667,0,1,1,0,0.4667,2
2069,3476,1,13,2,2,14,5,5,11,12,0.0,2,5,3,0,0.0,2
3894,3169,4,18,0,1,11,1,3,2,12,0.0,1,4,2,0,0.0,1
1745,2722,5,13,1,2,12,0,7,8,12,0.0,0,0,0,0,0.0,1
1157,3886,4,16,3,1,13,2,2,11,1,0.1667,2,5,3,0,0.2167,2
4477,3152,2,4,2,2,10,2,5,9,1,0.1667,0,2,2,1,0.1667,2
4998,2375,5,17,1,1,15,2,3,4,5,0.7556,1,1,2,0,0.7556,2
4692,829,2,36,0,1,15,5,3,2,3,0.5,1,1,2,1,0.5,2
3511,2197,3,19,1,2,8,0,5,7,6,0.8444,0,0,2,0,0.8444,2
2948,1449,3,26,2,3,18,5,9,1,9,0.3444,0,1,2,0,0.3444,2
3990,1538,4,27,0,2,18,5,4,5,3,0.5,2,4,3,0,0.65,2
4921,428,4,6,3,2,14,2,5,6,12,0.0,0,1,2,0,0.0,1
3858,2631,1,14,3,3,9,2,7,10,4,0.6667,0,0,2,0,0.6667,2
1985,522,2,27,2,0,12,4,1,7,4,0.6667,0,4,3,0,0.8667,2
4783,2907,5,13,1,2,12,0,6,8,5,0.7556,0,5,1,0,0.5289,2
698,3540,5,18,1,3,17,2,9,10,4,0.6667,0,0,2,0,0.6667,2
1453,3581,4,23,1,3,18,5,6,0,3,0.5,0,1,1,0,0.35,2
4973,3662,5,8,3,0,16,3,3,3,6,0.8444,1,3,2,2,0.8444,2
3252,1973,2,13,0,0,6,1,1,1,9,0.3444,0,1,2,0,0.3444,1
2722,3561,1,14,2,0,6,2,0,4,8,0.5111,1,0,2,1,0.5111,2
2167,615,1,28,3,2,8,2,6,6,2,0.3333,0,1,2,0,0.3333,1
2802,3293,2,36,3,1,7,1,5,8,1,0.1667,0,4,1,0,0.1167,1
1888,3579,2,17,1,0,12,4,1,7,12,0.0,0,2,2,1,0.0,1
4017,3566,4,22,2,1,18,5,3,7,2,0.3333,0,2,2,1,0.3333,2
2532,1311,2,10,1,3,9,1,6,8,12,0.0,0,5,1,0,0.0,1
4081,3693,4,22,0,1,17,4,3,2,4,0.6667,1,4,2,0,0.6667,2
1714,1719,3,18,0,0,8,1,3,11,1,0.1667,2,5,3,0,0.2167,2
1587,1836,2,8,0,1,15,5,3,6,1,0.1667,0,2,2,2,0.1667,1
2419,2831,2,14,0,3,15,4,7,6,5,0.7556,0,1,2,0,0.7556,2
3914,1629,3,33,0,1,17,5,5,10,4,0.6667,0,0,2,0,0.6667,2
4061,1805,3,27,1,1,13,3,5,8,4,0.6667,0,0,0,0,0.2667,1
4040,1421,3,31,0,0,10,2,0,5,11,0.0889,2,5,3,0,0.1156,2
4034,3651,4,24,0,3,18,5,7,1,12,0.0,0,1,2,0,0.0,1
617,2290,5,4,0,3,18,5,8,1,5,0.7556,0,2,2,1,0.7556,2
3103,1422,5,18,2,0,14,2,1,4,9,0.3444,1,3,2,2,0.3444,2
3015,2977,5,20,3,0,14,2,2,11,2,0.3333,2,1,2,0,0.3333,2
2055,1170,3,29,3,1,7,0,5,8,12,0.0,0,0,0,0,0.0,0
3111,2988,5,25,0,2,18,5,4,9,4,0.6667,0,1,2,0,0.6667,2
1714,3111,4,15,2,0,10,1,0,6,12,0.0,0,2,2,2,0.0,1
4834,1654,2,34,3,0,14,5,3,0,7,0.6778,0,2,1,1,0.4745,2
1421,2858,5,17,0,1,18,4,3,7,8,0.5111,0,4,3,0,0.6644,2
3531,2145,5,18,3,0,16,3,2,1,2,0.3333,0,1,2,0,0.3333,2
1014,3910,4,24,3,0,10,1,3,0,5,0.7556,0,2,1,1,0.5289,2
3494,513,1,27,3,2,4,0,4,0,4,0.6667,0,2,1,1,0.4667,2
846,2086,1,6,1,1,9,3,2,7,12,0.0,0,4,3,0,0.0,1
3640,3041,4,27,3,2,18,4,6,8,3,0.5,0,0,0,0,0.2,1
2704,470,1,18,3,1,13,5,3,8,6,0.8444,0,5,1,0,0.5911,2
2901,2188,4,29,1,3,15,2,8,1,5,0.7556,0,1,2,0,0.7556,2
3401,3260,1,5,0,1,13,5,4,10,10,0.1778,0,4,2,0,0.1778,2
993,3543,1,21,2,1,5,1,3,11,12,0.0,2,5,3,0,0.0,1
3709,2427,4,27,0,3,13,1,6,7,6,0.8444,0,4,3,0,1.0,2
876,3584,1,9,0,2,6,1,6,12,2,0.3333,0,2,2,1,0.3333,2
4420,3719,1,22,1,2,14,5,7,6,9,0.3444,0,2,2,2,0.3444,2
2614,1347,5,11,1,0,18,4,3,9,1,0.1667,0,0,2,1,0.1667,1
4633,3731,2,23,1,0,12,4,3,4,11,0.0889,1,1,2,0,0.0889,1
2491,1300,5,12,0,3,18,4,7,10,4,0.6667,0,4,2,0,0.6667,2
2434,1548,1,16,2,1,9,3,5,3,2,0.3333,1,3,2,2,0.3333,2
727,2762,5,7,1,2,14,1,7,11,2,0.3333,2,5,3,0,0.4333,2
3158,2919,1,22,1,2,12,4,7,7,6,0.8444,0,0,2,0,0.8444,2
3339,500,5,18,0,1,18,4,3,6,4,0.6667,0,0,2,1,0.6667,2
1326,3676,1,19,0,1,11,4,2,3,11,0.0889,1,3,2,2,0.0889,2
3320,2924,5,15,1,3,13,0,7,9,9,0.3444,0,0,2,1,0.3444,2
1496,2780,1,13,1,0,4,1,1,4,12,0.0,1,4,2,0,0.0,1
3886,2004,2,10,3,2,14,4,5,11,7,0.6778,2,1,2,0,0.6778,2
1375,808,1,27,1,3,9,2,7,2,1,0.1667,1,4,2,0,0.1667,1
964,2226,1,28,2,3,15,5,8,4,10,0.1778,1,3,2,2,0.1778,2
3843,1717,1,19,2,1,3,0,3,12,10,0.1778,0,4,2,0,0.1778,1
3644,2876,3,24,3,0,8,1,0,4,7,0.6778,1,1,2,0,0.6778,2
3161,2238,1,11,2,3,11,3,8,5,12,0.0,2,5,3,0,0.0,2
1769,3390,2,17,1,0,14,5,0,7,2,0.3333,0,1,2,0,0.3333,1
3178,3052,2,25,1,2,8,1,4,12,3,0.5,0,1,2,0,0.5,2
3699,2763,5,8,1,1,18,4,5,6,3,0.5,0,2,2,2,0.5,2
4664,987,1,10,2,2,8,2,4,4,5,0.7556,1,5,3,0,0.9823,2
1788,2718,2,11,1,3,17,5,9,9,12,0.0,0,2,2,1,0.0,1
2193,1750,5,9,2,1,13,1,3,0,10,0.1778,0,1,1,0,0.1245,2
2014,677,4,28,0,3,18,5,9,0,2,0.3333,0,1,1,0,0.2333,2
2724,968,3,17,2,1,11,2,2,1,2,0.3333,0,1,2,0,0.3333,1
3829,3592,2,18,1,1,5,0,3,9,10,0.1778,0,0,2,1,0.1778,1
2470,2890,5,19,0,1,17,3,5,12,4,0.6667,0,0,2,0,0.6667,2
1757,1294,2,10,3,0,12,4,1,8,7,0.6778,0,0,0,0,0.2711,1
2141,2141,4,11,1,0,16,4,0,13,5,0.7556,0,2,2,1,0.7556,2
4120,2957,2,23,0,1,15,5,4,5,10,0.1778,2,5,3,0,0.2311,2
2858,3606,3,6,2,0,12,3,0,0,4,0.6667,0,4,2,0,0.6667,2
4048,3610,3,17,2,0,16,5,2,9,12,0.0,0,0,2,1,0.0,1
4973,2782,2,15,3,0,6,1,3,6,9,0.3444,0,1,2,0,0.3444,1
1861,3827,2,22,1,0,6,1,1,6,6,0.8444,0,2,2,2,0.8444,2
4822,2068,1,28,1,2,8,2,5,13,4,0.6667,0,2,2,1,0.6667,2
4869,1254,1,15,3,2,10,3,5,6,5,0.7556,0,1,2,0,0.7556,2
1707,3944,5,21,3,1,15,2,2,1,7,0.6778,0,2,2,1,0.6778,2
3776,2525,3,21,3,1,17,5,5,8,10,0.1778,0,1,1,0,0.1245,1
2790,2230,4,4,2,1,15,3,4,3,5,0.7556,1,3,2,2,0.7556,2
1274,3173,5,16,3,0,18,5,0,0,4,0.6667,0,0,1,0,0.4667,2
808,3094,3,7,1,3,9,0,8,0,12,0.0,0,1,1,0,0.0,1
3662,2610,4,16,2,1,13,2,4,4,1,0.1667,1,4,2,0,0.1667,2
4472,789,5,12,1,0,12,1,3,9,8,0.5111,0,2,2,1,0.5111,2
2607,1474,1,16,2,2,10,3,5,0,1,0.1667,0,1,1,0,0.1167,0
2970,1766,1,6,3,0,4,1,3,5,7,0.6778,2,1,2,0,0.6778,2
4399,432,1,27,0,0,8,3,2,8,3,0.5,0,0,0,0,0.2,1
3118,942,2,10,0,1,5,0,5,4,12,0.0,1,5,3,0,0.0,1
2083,3970,2,7,0,3,17,5,7,8,5,0.7556,0,0,0,0,0.3022,2
3302,1193,5,26,3,2,18,5,4,6,9,0.3444,0,1,2,0,0.3444,1
2992,693,1,25,3,3,7,1,8,2,2,0.3333,1,4,2,0,0.3333,2
2960,951,1,4,0,2,10,3,7,10,2,0.3333,0,4,2,0,0.3333,2
4636,1978,5,10,2,3,15,1,6,0,2,0.3333,0,1,1,0,0.2333,2
4304,1952,4,31,0,3,18,5,6,0,4,0.6667,0,1,1,0,0.4667,2
2856,473,5,6,0,0,18,4,3,3,3,0.5,1,3,2,2,0.5,2
1700,1800,4,16,3,2,18,5,5,3,9,0.3444,1,2,2,2,0.3444,2
3551,1065,3,23,1,0,10,2,0,8,5,0.7556,0,5,1,0,0.5289,2
4064,1682,5,14,0,0,10,0,1,12,1,0.1667,0,1,2,0,0.1667,1
2548,469,3,28,0,0,8,1,3,2,3,0.5,1,4,2,0,0.5,2
1118,2017,2,31,1,1,9,2,3,3,8,0.5111,1,2,2,2,0.5111,2
3248,2516,4,30,0,2,14,2,7,11,8,0.5111,2,5,3,0,0.6644,2
3091,3400,1,28,2,1,7,2,3,6,3,0.5,0,1,2,0,0.5,1
4767,3800,4,34,0,3,11,0,9,0,5,0.7556,0,2,1,1,0.5289,2
2548,3690,3,34,0,0,8,1,3,7,8,0.5111,0,4,3,0,0.6644,2
3001,475,3,13,3,3,17,4,8,10,5,0.7556,0,1,2,0,0.7556,2
4770,1035,2,19,3,0,8,2,0,1,6,0.8444,0,1,2,0,0.8444,2
2945,3019,3,16,2,1,11,2,5,8,2,0.3333,0,0,0,0,0.1333,1
1539,2204,5,16,1,0,14,2,3,5,10,0.1778,2,5,3,0,0.2311,2
1064,2621,4,27,1,1,9,0,5,1,3,0.5,0,3,2,2,0.5,2
2967,3384,5,16,0,0,10,0,1,8,4,0.6667,0,1,1,0,0.4667,2
4041,1524,4,11,1,2,10,0,7,3,10,0.1778,1,3,2,2,0.1778,2
1169,549,3,6,1,3,15,3,7,11,12,0.0,2,4,3,0,0.0,2
4726,3395,4,21,2,1,9,0,4,4,7,0.6778,1,1,2,0,0.6778,2
4897,1686,5,14,3,2,14,1,6,7,1,0.1667,0,0,2,0,0.1667,1
657,3409,5,15,1,1,15,2,3,6,4,0.6667,0,4,2,0,0.6667,2
2886,3354,1,28,1,3,9,2,8,3,2,0.3333,1,2,2,2,0.3333,2
1556,1605,5,12,3,2,12,0,6,2,5,0.7556,1,1,2,1,0.7556,2
3092,3800,1,12,1,2,14,5,7,0,12,0.0,0,2,1,1,0.0,1
1323,3128,4,10,1,2,10,0,6,1,9,0.3444,0,4,2,0,0.3444,2
4016,1798,3,36,3,2,18,5,5,2,4,0.6667,1,1,2,1,0.6667,2
1777,3983,2,26,0,0,14,5,2,1,6,0.8444,0,2,2,1,0.8444,2
4085,2717,3,10,1,3,17,4,9,13,6,0.8444,0,0,2,0,0.8444,2
707,3612,5,10,0,2,16,2,7,0,7,0.6778,0,0,1,0,0.4745,2
4619,2008,5,29,0,0,14,2,0,8,10,0.1778,0,4,1,0,0.1245,1
3290,1044,1,10,3,3,9,2,6,3,9,0.3444,1,3,2,2,0.3444,2
3350,594,5,35,1,0,10,0,3,12,3,0.5,0,2,2,1,0.5,2
4923,1143,3,14,3,3,13,2,9,10,1,0.1667,0,4,2,0,0.1667,1
4140,3435,4,12,0,1,11,1,2,10,11,0.0889,0,2,2,1,0.0889,2
4136,1811,4,15,2,0,18,5,2,9,1,0.1667,0,2,2,1,0.1667,1
1236,1603,2,27,3,3,15,4,9,5,10,0.1778,2,5,3,0,0.2311,2
2541,1089,5,17,1,1,11,0,2,3,9,0.3444,1,0,2,1,0.3444,2
3689,2859,2,34,0,3,17,5,6,6,7,0.6778,0,1,2,0,0.6778,2
4366,3933,5,26,3,1,11,0,3,4,6,0.8444,1,4,2,0,0.8444,2
2538,2125,2,15,3,1,9,2,5,6,3,0.5,0,0,2,1,0.5,1
1128,2010,1,26,1,2,6,1,6,5,5,0.7556,2,5,3,0,0.9823,2
703,2695,3,17,1,3,15,3,7,4,11,0.0889,1,0,2,1,0.0889,2
1564,2213,5,34,0,2,18,3,4,0,7,0.6778,0,1,1,0,0.4745,2
2397,2182,1,7,0,3,5,0,7,3,12,0.0,1,3,2,2,0.0,2
1810,2354,1,35,2,2,8,2,4,0,10,0.1778,0,1,1,0,0.1245,0
4344,647,4,10,3,1,18,5,3,7,4,0.6667,0,0,2,0,0.6667,2
2610,2128,1,24,3,0,6,2,1,5,4,0.6667,2,5,3,0,0.8667,2
2651,3963,2,6,2,0,6,1,1,0,8,0.5111,0,2,1,1,0.3578,2
3655,1269,2,33,2,1,9,2,3,9,8,0.5111,0,2,2,1,0.5111,2
1389,3325,4,20,1,1,13,2,4,8,4,0.6667,0,0,0,0,0.2667,2
652,2177,3,35,2,2,18,5,6,9,2,0.3333,0,0,2,1,0.3333,1
2953,1694,5,22,0,2,18,4,4,5,12,0.0,2,1,2,0,0.0,2
4033,2932,5,15,0,3,18,3,7,10,5,0.7556,0,4,2,0,0.7556,2
1471,443,2,22,0,0,10,3,0,7,1,0.1667,0,1,2,0,0.1667,1
2389,2184,5,29,2,2,18,3,7,8,2,0.3333,0,0,0,0,0.1333,1
1116,713,1,16,0,3,13,4,9,3,11,0.0889,1,3,2,2,0.0889,2
994,1920,1,31,2,0,2,0,3,4,4,0.6667,1,4,2,0,0.6667,2
4691,844,3,9,1,1,9,1,2,9,11,0.0889,0,1,2,0,0.0889,1
4539,807,5,15,1,3,13,0,7,1,9,0.3444,0,1,2,0,0.3444,2
4237,3267,5,28,1,3,18,4,6,6,3,0.5,0,4,2,0,0.5,2
3714,3288,4,13,3,1,9,0,2,3,12,0.0,1,3,2,2,0.0,2
4985,3889,1,24,2,3,9,2,6,9,12,0.0,0,1,2,0,0.0,0
3590,3887,2,34,2,2,8,1,5,4,2,0.3333,1,4,2,0,0.3333,2
1609,2261,2,18,1,3,9,1,6,12,8,0.5111,0,2,2,1,0.5111,2
4442,2843,4,13,2,0,12,2,3,13,1,0.1667,0,0,2,0,0.1667,1
4589,1799,5,7,0,2,14,1,7,9,5,0.7556,0,1,2,0,0.7556,2
1275,2033,3,17,3,3,13,2,8,6,6,0.8444,0,1,2,0,0.8444,2
4116,955,1,13,1,1,11,4,3,7,12,0.0,0,2,2,1,0.0,0
2868,3606,3,33,2,1,17,5,5,1,5,0.7556,0,4,2,0,0.7556,2
3714,3777,1,30,1,2,4,0,5,2,2,0.3333,1,1,2,1,0.3333,2
3062,2326,5,4,2,1,11,0,2,6,8,0.5111,0,1,2,0,0.5111,2
4852,3904,1,25,3,0,8,3,2,0,10,0.1778,0,4,2,0,0.1778,1
4517,911,2,6,0,0,10,3,1,10,12,0.0,0,4,2,0,0.0,1
3167,3627,1,21,0,1,9,3,5,9,11,0.0889,0,4,2,0,0.0889,1
3659,824,4,25,3,0,8,0,0,10,8,0.5111,0,2,2,1,0.5111,2
1287,1753,1,15,3,3,15,5,6,13,6,0.8444,0,0,2,0,0.8444,2
4420,1452,5,27,1,1,18,4,3,7,9,0.3444,0,0,2,0,0.3444,1
2412,915,1,27,3,3,7,1,7,12,3,0.5,0,1,2,0,0.5,2
2807,3991,1,33,3,0,4,1,3,0,3,0.5,0,1,1,0,0.35,1
1835,3993,1,26,0,1,11,4,4,3,5,0.7556,1,2,2,2,0.7556,2
1915,2584,1,29,3,1,11,4,2,10,12,0.0,0,1,2,0,0.0,0
1426,717,3,11,2,2,12,2,5,7,7,0.6778,0,4,3,0,0.8811,2
3641,1259,2,23,0,3,9,1,8,9,4,0.6667,0,4,2,0,0.6667,2
1759,2064,2,21,2,1,15,5,5,6,8,0.5111,0,4,2,0,0.5111,2
4205,2662,4,36,2,2,18,5,4,4,5,0.7556,1,4,2,0,0.7556,2
3321,902,3,7,0,1,9,1,5,13,5,0.7556,0,0,2,0,0.7556,2
2506,3229,3,10,1,1,11,2,3,0,5,0.7556,0,4,2,0,0.7556,2
1844,3482,3,19,3,1,7,0,3,10,3,0.5,0,2,2,1,0.5,2
4260,3315,2,8,0,2,6,0,6,8,6,0.8444,0,5,1,0,0.5911,2
1889,881,1,6,0,0,12,5,2,7,6,0.8444,0,0,2,0,0.8444,2
3373,2358,4,11,0,1,15,3,5,7,12,0.0,0,2,2,1,0.0,2
4940,1373,1,18,1,3,5,0,8,5,3,0.5,2,1,2,0,0.5,2
3016,3405,1,28,0,3,13,4,8,8,8,0.5111,0,0,0,0,0.2044,1
1131,1865,4,22,0,2,12,1,5,9,12,0.0,0,0,2,1,0.0,1
1999,2959,2,9,1,3,7,0,7,6,8,0.5111,0,1,2,0,0.5111,2
1613,3764,2,24,0,2,12,3,4,9,3,0.5,0,4,2,0,0.5,2
4172,3474,3,16,0,3,17,4,7,1,10,0.1778,0,2,2,1,0.1778,2
3259,1399,1,27,2,1,9,3,3,0,9,0.3444,0,1,1,0,0.2411,1
3737,1693,3,12,1,2,16,4,5,11,12,0.0,2,5,3,0,0.0,2
930,2930,4,12,2,0,18,5,1,11,4,0.6667,2,1,2,0,0.6667,2
1894,3787,3,29,2,0,14,4,2,0,4,0.6667,0,2,1,1,0.4667,2
3383,3765,2,22,2,0,12,4,0,7,9,0.3444,0,0,2,0,0.3444,1
3221,1011,2,6,1,3,15,4,9,7,6,0.8444,0,0,2,0,0.8444,2
4149,1873,5,15,1,3,13,0,6,2,1,0.1667,1,4,2,0,0.1667,2
1556,3834,3,13,3,2,12,2,4,13,4,0.6667,0,2,2,1,0.6667,2
3641,464,5,22,2,1,11,0,2,8,4,0.6667,0,4,1,0,0.4667,2
4923,2547,2,28,0,0,12,4,2,0,1,0.1667,0,2,1,1,0.1167,1
1407,1806,2,18,2,2,16,5,5,7,8,0.5111,0,2,2,1,0.5111,2
2955,3669,2,14,0,0,4,0,2,8,1,0.1667,0,5,1,0,0.1167,1
4655,2110,5,21,1,3,13,0,9,12,6,0.8444,0,0,2,0,0.8444,2
2505,3837,5,24,3,2,18,5,6,6,12,0.0,0,2,2,2,0.0,1
1635,3257,3,32,3,2,8,0,5,10,12,0.0,0,0,2,0,0.0,1
928,1819,3,6,3,2,10,1,4,9,5,0.7556,0,0,2,1,0.7556,2
986,3010,4,15,0,0,10,1,1,7,2,0.3333,0,4,3,0,0.4333,2
4057,565,4,31,3,0,8,0,1,6,4,0.6667,0,2,2,2,0.6667,2
2277,2057,5,28,2,2,12,0,5,0,12,0.0,0,4,2,0,0.0,1
4310,1282,4,35,0,1,17,4,2,10,7,0.6778,0,4,2,0,0.6778,2
1891,3609,1,15,1,3,9,2,8,10,11,0.0889,0,4,2,0,0.0889,1
1402,3708,4,29,0,2,18,5,4,6,11,0.0889,0,1,2,0,0.0889,1
4125,2352,5,17,3,2,14,1,4,1,8,0.5111,0,2,2,1,0.5111,2
2475,1276,4,18,1,2,10,0,4,2,8,0.5111,1,5,3,0,0.6644,2
2910,816,2,17,1,2,6,0,6,2,7,0.6778,1,4,2,0,0.6778,2
3966,931,1,33,2,2,12,4,7,0,2,0.3333,0,4,2,0,0.3333,1
796,511,5,11,2,3,13,0,7,1,11,0.0889,0,3,2,2,0.0889,2
622,735,4,21,0,3,18,4,6,1,5,0.7556,0,2,2,1,0.7556,2
2220,2036,3,5,1,1,13,3,3,13,1,0.1667,0,1,2,0,0.1667,2
4374,1434,3,4,0,3,9,0,9,6,4,0.6667,0,1,2,0,0.6667,2
1667,2388,3,10,0,0,14,4,0,6,10,0.1778,0,0,2,1,0.1778,1
3697,429,3,23,2,1,9,1,5,0,7,0.6778,0,1,1,0,0.4745,2
4159,1034,3,20,0,3,15,3,8,7,1,0.1667,0,0,2,0,0.1667,1
1078,1561,1,5,0,0,12,5,0,6,2,0.3333,0,0,2,1,0.3333,1
2518,1070,4,20,0,3,11,0,9,0,3,0.5,0,4,2,0,0.5,2
2543,3143,2,11,2,0,6,1,0,6,6,0.8444,0,0,2,1,0.8444,2
3884,2626,1,36,1,1,13,5,2,7,1,0.1667,0,0,2,0,0.1667,0
2270,3194,3,27,2,3,11,1,7,9,7,0.6778,0,0,2,1,0.6778,2
1927,1929,5,28,0,3,18,3,7,13,1,0.1667,0,2,2,1,0.1667,2
2300,2321,1,16,0,0,2,0,3,0,12,0.0,0,0,1,0,0.0,0
1178,1118,4,25,3,2,18,5,4,8,9,0.3444,0,4,1,0,0.2411,1
4994,3546,5,29,0,1,11,0,2,10,3,0.5,0,1,2,0,0.5,2
730,1361,4,32,0,2,12,1,4,6,3,0.5,0,1,2,0,0.5,2
1298,2695,3,7,2,0,12,3,1,6,12,0.0,0,1,2,0,0.0,1
1400,3138,3,16,1,3,18,5,9,10,8,0.5111,0,1,2,0,0.5111,2
2215,1832,5,5,1,0,18,4,1,0,1,0.1667,0,1,1,0,0.1167,2
909,3576,1,20,3,3,15,5,9,7,3,0.5,0,0,2,0,0.5,2
4304,2804,5,11,0,1,17,3,3,7,4,0.6667,0,1,2,0,0.6667,2
4688,2494,3,22,1,2,12,2,4,9,8,0.5111,0,1,2,0,0.5111,2
4069,881,2,16,1,0,14,5,0,2,3,0.5,1,0,2,1,0.5,2
1144,3575,2,17,2,2,16,5,4,9,3,0.5,0,1,2,0,0.5,2
857,3734,2,24,0,1,11,3,3,12,5,0.7556,0,0,2,0,0.7556,2
3345,1757,4,10,0,0,10,1,0,5,2,0.3333,2,5,3,0,0.4333,2
787,3747,1,10,1,1,5,1,3,5,9,0.3444,2,1,2,0,0.3444,2
1725,1801,1,8,3,3,5,0,6,4,4,0.6667,1,5,3,0,0.8667,2
4578,2049,2,14,1,0,10,3,0,7,5,0.7556,0,4,3,0,0.9823,2
3804,3956,4,3,2,2,12,1,6,9,6,0.8444,0,0,2,1,0.8444,2
2861,3877,3,3,2,0,16,5,0,5,1,0.1667,2,4,3,0,0.2167,2
3338,1103,3,18,3,1,15,4,2,11,12,0.0,2,4,3,0,0.0,2
4162,613,2,12,3,0,14,5,1,8,8,0.5111,0,5,1,0,0.3578,2
736,2496,4,23,0,3,18,4,6,1,2,0.3333,0,1,2,0,0.3333,2
1404,1762,1,12,3,3,15,5,8,13,6,0.8444,0,2,2,1,0.8444,2
2828,2146,2,20,1,0,14,5,2,3,4,0.6667,1,2,2,2,0.6667,2
4322,431,4,3,1,3,17,3,6,8,4,0.6667,0,0,0,0,0.2667,2
3574,530,2,19,2,0,12,4,3,10,3,0.5,0,1,2,0,0.5,2
1393,3741,1,10,3,2,4,0,7,8,5,0.7556,0,0,0,0,0.3022,2
3010,3960,1,10,3,1,5,1,3,4,9,0.3444,1,0,2,1,0.3444,2
1682,841,2,29,1,2,6,0,7,5,12,0.0,2,1,2,0,0.0,2
1702,833,5,28,0,1,11,0,5,0,7,0.6778,0,1,1,0,0.4745,2
3680,783,3,13,2,3,11,1,6,10,4,0.6667,0,2,2,1,0.6667,2
4589,3573,2,8,3,1,13,4,3,2,5,0.7556,1,0,2,1,0.7556,2
1971,2006,1,14,1,2,14,5,4,6,4,0.6667,0,0,2,1,0.6667,2
1337,1088,1,19,2,1,9,3,4,11,7,0.6778,2,5,3,0,0.8811,2
1324,490,2,18,0,2,12,3,6,3,6,0.8444,1,0,2,1,0.8444,2
1891,670,3,12,2,1,7,0,5,12,1,0.1667,0,4,2,0,0.1667,1
4859,1319,1,32,0,1,13,5,2,11,2,0.3333,2,5,3,0,0.4333,2
1080,2044,4,13,0,3,18,4,7,8,10,0.1778,0,0,0,0,0.0711,1
2718,793,2,16,0,1,13,4,3,8,12,0.0,0,5,1,0,0.0,1
1793,917,1,15,3,2,14,5,7,11,9,0.3444,2,5,3,0,0.4477,2
1249,960,1,6,1,1,13,5,3,0,10,0.1778,0,0,1,0,0.1245,0
4266,3489,2,16,2,0,10,3,3,9,10,0.1778,0,0,2,1,0.1778,1
4524,588,4,10,1,0,8,0,1,7,12,0.0,0,4,3,0,0.0,1
2633,1741,5,10,1,0,10,0,1,11,9,0.3444,2,5,3,0,0.4477,2
2887,905,5,21,1,0,16,3,2,7,7,0.6778,0,1,2,0,0.6778,2
4383,444,1,15,2,2,14,5,6,1,5,0.7556,0,3,2,2,0.7556,2
1227,452,5,31,1,0,10,0,0,8,12,0.0,0,0,0,0,0.0,0
2532,3662,5,25,3,3,15,1,8,0,1,0.1667,0,1,1,0,0.1167,1
3023,963,5,7,0,0,14,2,0,6,11,0.0889,0,0,2,1,0.0889,1
4770,1383,3,24,0,1,13,3,4,11,1,0.1667,2,4,3,0,0.2167,2
4713,3877,1,31,0,0,8,3,0,0,11,0.0889,0,0,1,0,0.0622,0
1248,1380,4,19,3,3,13,1,6,4,8,0.5111,1,3,2,2,0.5111,2
1036,3065,4,20,1,1,13,2,2,9,3,0.5,0,1,2,0,0.5,2
4372,2665,2,8,1,1,9,2,3,7,7,0.6778,0,2,2,1,0.6778,2
1981,1971,4,13,3,0,18,5,3,9,1,0.1667,0,4,2,0,0.1667,2
1326,2866,2,21,0,0,14,5,1,11,1,0.1667,2,5,3,0,0.2167,2
1803,995,4,18,1,2,16,3,5,7,2,0.3333,0,0,2,0,0.3333,1
3932,2802,2,14,2,0,10,3,2,6,12,0.0,0,4,2,0,0.0,0
896,2268,1,33,0,2,10,3,4,0,10,0.1778,0,0,1,0,0.1245,0
2236,1106,3,6,2,2,16,4,6,7,5,0.7556,0,2,2,1,0.7556,2
2398,1233,5,10,1,0,18,4,3,12,12,0.0,0,2,2,1,0.0,1
3287,1774,1,12,2,1,11,4,2,0,1,0.1667,0,4,2,0,0.1667,1
3617,2956,2,15,3,3,13,3,6,4,9,0.3444,1,5,3,0,0.4477,2
3308,1648,2,12,2,3,7,0,9,3,10,0.1778,1,3,2,2,0.1778,2
1606,2600,5,11,0,2,18,5,5,1,8,0.5111,0,1,2,0,0.5111,2
4431,2298,3,24,0,1,17,5,3,6,10,0.1778,0,2,2,2,0.1778,1
2147,664,5,18,0,0,12,1,2,8,9,0.3444,0,4,1,0,0.2411,1
2607,1560,3,18,3,2,14,3,6,11,4,0.6667,2,5,3,0,0.8667,2
3116,1997,4,24,3,0,8,0,0,7,7,0.6778,0,0,2,0,0.6778,2
1149,3619,3,29,2,2,14,3,6,0,3,0.5,0,0,1,0,0.35,2
4036,3560,4,24,2,3,15,2,9,0,1,0.1667,0,2,1,1,0.1167,1
1363,1741,1,8,2,2,4,0,4,4,11,0.0889,1,3,2,2,0.0889,2
4070,3658,3,11,0,2,12,2,7,1,4,0.6667,0,4,2,0,0.6667,2
1039,1430,2,26,3,2,16,5,4,7,4,0.6667,0,0,2,0,0.6667,2
4334,1719,2,11,3,2,12,3,5,12,12,0.0,0,4,2,0,0.0,1
4274,2244,5,28,2,1,18,5,3,7,8,0.5111,0,2,2,1,0.5111,2
4943,3118,4,14,0,2,18,5,6,3,8,0.5111,1,3,2,2,0.5111,2
4808,941,1,10,2,3,11,3,9,9,9,0.3444,0,2,2,1,0.3444,1
2930,3762,2,16,3,1,13,4,2,0,12,0.0,0,0,1,0,0.0,1
4439,2993,2,10,2,2,14,4,7,4,12,0.0,1,4,2,0,0.0,2
1307,3986,5,15,1,1,11,0,4,13,2,0.3333,0,1,2,0,0.3333,2
4052,2807,2,11,2,1,5,0,5,3,1,0.1667,1,3,2,2,0.1667,2
3974,2950,2,33,0,3,15,4,7,2,5,0.7556,1,1,2,1,0.7556,2
1823,1528,1,21,0,3,11,3,9,10,6,0.8444,0,2,2,1,0.8444,2
3543,1121,4,8,0,3,13,1,8,0,12,0.0,0,4,2,0,0.0,2
1652,1938,3,15,0,1,17,5,4,4,10,0.1778,1,1,2,0,0.1778,2
1900,2875,5,20,3,2,18,3,5,0,9,0.3444,0,0,1,0,0.2411,1
3182,1803,5,22,2,2,12,0,4,5,12,0.0,2,5,3,0,0.0,2
833,709,2,30,3,2,14,4,4,7,12,0.0,0,0,2,0,0.0,1
1322,1227,5,12,0,2,18,3,7,1,5,0.7556,0,3,2,2,0.7556,2
4945,2514,3,35,1,2,16,4,7,5,10,0.1778,2,4,3,0,0.2311,2
3471,2602,4,35,1,0,14,3,0,6,11,0.0889,0,0,2,1,0.0889,1
1434,3949,3,29,3,0,14,4,3,7,1,0.1667,0,0,2,0,0.1667,1
2353,1382,4,10,2,3,11,0,6,10,5,0.7556,0,0,2,0,0.7556,2
859,1555,4,36,2,3,18,4,8,9,2,0.3333,0,4,2,0,0.3333,2
844,1177,5,21,0,2,14,1,5,0,12,0.0,0,1,1,0,0.0,1
1203,1132,5,6,1,1,15,2,4,6,4,0.6667,0,0,2,1,0.6667,2
2515,3796,1,8,0,2,14,5,7,6,3,0.5,0,1,2,0,0.5,2
4786,1532,1,3,0,0,6,2,1,12,7,0.6778,0,0,2,0,0.6778,2
643,3943,2,27,0,3,13,3,9,0,12,0.0,0,1,1,0,0.0,1
1606,3006,2,9,3,1,7,1,2,10,1,0.1667,0,2,2,1,0.1667,1
3334,2796,2,10,1,3,17,5,7,6,10,0.1778,0,2,2,2,0.1778,2
3421,1010,5,24,1,2,14,1,6,9,8,0.5111,0,0,2,1,0.5111,2
3722,976,5,28,0,3,18,4,6,2,6,0.8444,1,4,2,0,0.8444,2
3723,2441,3,27,2,1,13,3,3,7,4,0.6667,0,2,2,1,0.6667,2
4884,1997,1,18,3,3,11,3,6,0,5,0.7556,0,4,2,0,0.7556,2
4106,2300,2,13,1,0,6,1,2,13,5,0.7556,0,0,2,0,0.7556,2
3281,636,1,10,1,3,13,4,9,9,12,0.0,0,0,2,1,0.0,1
1034,1850,2,22,1,1,11,3,2,12,11,0.0889,0,2,2,1,0.0889,1
759,1523,4,29,0,1,15,3,5,6,11,0.0889,0,0,2,1,0.0889,1
3384,2246,1,14,3,0,8,3,3,1,12,0.0,0,3,2,2,0.0,1
4199,3322,2,7,1,1,11,3,3,2,4,0.6667,1,1,2,1,0.6667,2
732,682,5,36,3,0,12,1,2,4,11,0.0889,1,4,2,0,0.0889,1
4551,985,1,34,0,3,5,0,9,8,12,0.0,0,0,0,0,0.0,0
4083,1858,3,18,1,1,17,5,5,3,8,0.5111,1,3,2,2,0.5111,2
4184,3365,3,10,3,2,16,4,5,8,3,0.5,0,0,0,0,0.2,2
1602,679,3,13,2,0,12,3,1,12,12,0.0,0,0,2,0,0.0,1
2841,1790,1,25,1,2,6,1,7,3,1,0.1667,1,3,2,2,0.1667,2
2826,3704,1,18,2,0,2,0,3,6,1,0.1667,0,3,2,2,0.1667,1
1688,3477,5,9,2,2,16,2,7,1,3,0.5,0,1,2,0,0.5,2
3137,2532,2,27,3,0,6,1,3,7,5,0.7556,0,0,2,0,0.7556,2
4013,2218,3,18,0,3,17,4,9,9,6,0.8444,0,1,2,0,0.8444,2
3110,2223,2,28,3,1,15,5,2,6,8,0.5111,0,1,2,0,0.5111,1
1891,2430,5,35,3,2,12,0,5,11,11,0.0889,2,1,2,0,0.0889,2
4775,2870,5,19,1,0,12,1,1,8,2,0.3333,0,1,1,0,0.2333,1
3652,1080,3,10,2,1,11,2,4,3,12,0.0,1,3,2,2,0.0,2
4702,1694,1,11,0,0,6,2,3,8,2,0.3333,0,0,0,0,0.1333,0
2874,1667,5,18,1,2,18,3,7,3,1,0.1667,1,3,2,2,0.1667,2
3485,1145,4,14,3,0,10,1,1,4,9,0.3444,1,5,3,0,0.4477,2
4736,2263,1,18,0,1,7,2,2,7,2,0.3333,0,0,2,0,0.3333,1
1514,1497,2,28,3,3,13,3,6,7,6,0.8444,0,2,2,1,0.8444,2
3930,2892,2,32,0,2,6,0,5,4,1,0.1667,1,4,2,0,0.1667,1
3632,3360,4,13,3,2,12,1,7,13,2,0.3333,0,1,2,0,0.3333,2
2366,3816,5,21,1,3,18,5,8,6,12,0.0,0,3,2,2,0.0,2
3201,1567,2,9,0,3,7,0,8,13,11,0.0889,0,0,2,0,0.0889,1
3360,2145,5,21,3,3,17,2,9,3,4,0.6667,1,0,2,1,0.6667,2
4396,1513,2,21,0,1,5,0,4,2,12,0.0,1,5,3,0,0.0,1
871,2415,3,6,2,0,10,2,3,7,10,0.1778,0,2,2,1,0.1778,2
4122,3782,5,18,2,1,18,4,5,1,1,0.1667,0,3,2,2,0.1667,2
3573,516,2,29,1,0,14,5,3,3,12,0.0,1,2,2,2,0.0,2
2372,2144,2,3,1,0,8,2,2,6,2,0.3333,0,1,2,0,0.3333,1
4417,965,4,11,3,0,18,5,2,7,3,0.5,0,0,2,0,0.5,2
1304,981,4,13,2,3,15,2,8,0,1,0.1667,0,4,2,0,0.1667,1
3434,2118,5,9,2,3,18,4,8,0,3,0.5,0,1,1,0,0.35,2
839,3532,3,30,3,3,17,4,6,6,3,0.5,0,1,2,0,0.5,2
3906,1321,1,20,3,2,12,4,4,12,9,0.3444,0,0,2,0,0.3444,1
1777,2227,1,6,2,1,9,3,2,6,1,0.1667,0,1,2,0,0.1667,1
4864,3740,2,11,1,0,6,1,1,9,5,0.7556,0,0,2,1,0.7556,2
3218,2803,3,17,1,2,12,2,6,0,1,0.1667,0,1,1,0,0.1167,1
1256,777,1,13,3,3,15,5,7,8,5,0.7556,0,1,1,0,0.5289,2
3144,2505,5,18,1,3,18,4,8,7,9,0.3444,0,0,2,0,0.3444,2
3057,1792,2,22,3,1,7,1,5,12,3,0.5,0,2,2,1,0.5,2
4099,2830,4,27,2,3,18,5,9,6,6,0.8444,0,2,2,2,0.8444,2
3847,538,3,30,0,3,13,2,9,0,12,0.0,0,4,2,0,0.0,1
1098,2504,2,7,3,2,16,5,4,5,8,0.5111,2,5,3,0,0.6644,2
868,736,4,35,0,1,15,3,5,3,1,0.1667,1,0,2,1,0.1667,2
952,2961,5,14,1,2,18,4,4,0,11,0.0889,0,4,2,0,0.0889,2
3793,3639,2,34,0,1,9,2,2,3,4,0.6667,1,3,2,2,0.6667,2
2537,1297,3,13,1,3,17,4,9,9,3,0.5,0,4,2,0,0.5,2
4936,3488,5,18,2,2,18,4,6,2,5,0.7556,1,5,3,0,0.9823,2
3103,3258,1,19,1,1,9,3,2,2,3,0.5,1,5,3,0,0.65,2
1268,2313,5,11,3,2,18,4,4,6,5,0.7556,0,3,2,2,0.7556,2
1887,2241,4,18,1,0,10,1,3,12,8,0.5111,0,2,2,1,0.5111,2
4484,961,4,25,3,3,11,0,6,2,11,0.0889,1,5,3,0,0.1156,2
824,3660,5,18,1,0,14,2,0,7,6,0.8444,0,0,2,0,0.8444,2
1557,557,5,21,3,0,18,4,3,1,11,0.0889,0,1,2,0,0.0889,1
3938,1785,5,20,3,1,18,4,2,10,7,0.6778,0,4,2,0,0.6778,2
1010,3970,5,16,2,0,18,5,3,12,8,0.5111,0,2,2,1,0.5111,2
3939,2927,5,19,0,0,14,2,2,6,2,0.3333,0,4,2,0,0.3333,1
1629,3001,3,29,2,2,14,3,7,3,2,0.3333,1,0,2,1,0.3333,2
866,3864,1,13,3,2,10,3,6,1,4,0.6667,0,1,2,0,0.6667,2
2670,1096,1,18,0,2,6,1,7,6,4,0.6667,0,1,2,0,0.6667,2
3308,1782,5,25,3,0,16,3,3,0,8,0.5111,0,2,1,1,0.3578,2
3071,1414,3,15,2,2,16,4,6,7,9,0.3444,0,0,2,0,0.3444,1
4483,1086,5,8,3,0,18,4,0,0,11,0.0889,0,4,2,0,0.0889,1
1623,2350,5,14,2,1,18,4,3,6,2,0.3333,0,2,2,2,0.3333,2
4892,2118,1,28,2,3,13,4,8,6,9,0.3444,0,2,2,2,0.3444,2
2129,1117,5,3,3,3,13,0,6,12,8,0.5111,0,2,2,1,0.5111,2
3775,2812,1,10,3,1,5,1,3,6,2,0.3333,0,0,2,1,0.3333,1
1937,2258,3,18,0,3,18,5,6,9,3,0.5,0,2,2,1,0.5,2
3257,2504,2,21,3,1,7,1,5,2,7,0.6778,1,0,2,1,0.6778,2
3062,3648,2,9,3,3,13,3,9,5,10,0.1778,2,5,3,0,0.2311,2
3010,3803,1,15,2,1,7,2,2,0,10,0.1778,0,1,1,0,0.1245,1
3985,2545,4,11,0,2,10,0,5,7,2,0.3333,0,1,2,0,0.3333,2
4188,2754,1,21,1,2,12,4,6,0,12,0.0,0,2,1,1,0.0,1
1131,2066,5,17,2,3,17,2,9,6,5,0.7556,0,3,2,2,0.7556,2
2183,1636,5,13,0,1,17,3,3,6,8,0.5111,0,1,2,0,0.5111,2
4252,2479,2,21,3,0,4,0,1,7,1,0.1667,0,0,2,0,0.1667,0
655,3104,4,27,0,2,12,1,4,0,3,0.5,0,4,2,0,0.5,2
4007,787,3,22,0,3,13,2,7,2,3,0.5,1,0,2,1,0.5,2
3283,2563,3,18,1,1,15,4,4,4,4,0.6667,1,1,2,0,0.6667,2
2722,1928,2,15,0,1,5,0,5,9,8,0.5111,0,4,2,0,0.5111,2
2221,592,3,3,1,0,12,3,3,9,4,0.6667,0,2,2,1,0.6667,2
1371,2046,4,7,0,0,14,3,1,10,12,0.0,0,4,2,0,0.0,2
3291,599,3,10,1,0,16,5,2,6,3,0.5,0,0,2,1,0.5,1
2550,2153,4,15,2,3,17,3,7,9,10,0.1778,0,0,2,1,0.1778,1
2479,2414,2,7,1,1,7,1,4,10,1,0.1667,0,2,2,1,0.1667,2
4232,3989,4,24,0,2,18,4,4,13,11,0.0889,0,4,2,0,0.0889,1
688,1091,2,18,1,3,7,0,9,8,2,0.3333,0,1,1,0,0.2333,1
1605,2317,3,32,3,0,6,0,0,3,2,0.3333,1,2,2,2,0.3333,2
3289,2450,1,34,2,1,9,3,3,2,10,0.1778,1,0,2,1,0.1778,1
1107,2500,1,29,0,2,4,0,7,5,2,0.3333,2,5,3,0,0.4333,2
2238,415,1,32,2,1,5,1,3,7,12,0.0,0,1,2,0,0.0,0
1938,3439,5,13,3,2,18,3,6,10,12,0.0,0,4,2,0,0.0,2
4138,1312,3,36,0,1,11,2,3,4,5,0.7556,1,0,2,1,0.7556,2
4809,2300,3,20,2,2,16,4,6,12,2,0.3333,0,1,2,0,0.3333,1
821,2706,2,13,1,2,8,1,5,7,7,0.6778,0,0,2,0,0.6778,2
4524,1577,5,5,3,0,14,2,1,7,9,0.3444,0,0,2,0,0.3444,2
4639,500,1,3,3,3,13,4,9,8,11,0.0889,0,0,0,0,0.0356,1
2349,2528,4,28,0,0,10,1,2,2,8,0.5111,1,4,2,0,0.5111,2
3064,2229,1,9,2,2,6,1,7,10,5,0.7556,0,4,2,0,0.7556,2
3210,3341,5,35,2,0,14,2,2,0,9,0.3444,0,1,1,0,0.2411,1
4667,2671,5,18,1,3,18,4,8,2,4,0.6667,1,4,2,0,0.6667,2
2033,1925,3,13,0,3,9,0,9,2,9,0.3444,1,1,2,1,0.3444,2
658,2770,5,28,0,0,12,1,0,0,4,0.6667,0,1,1,0,0.4667,2
2322,1005,1,11,2,0,4,1,1,0,1,0.1667,0,1,1,0,0.1167,0
1957,1259,2,34,3,0,4,0,0,4,3,0.5,1,1,2,0,0.5,2
3501,1491,1,28,3,1,7,2,4,9,8,0.5111,0,4,2,0,0.5111,2
2189,558,1,25,0,1,11,4,2,7,8,0.5111,0,4,3,0,0.6644,2
3288,1839,1,25,1,0,10,4,3,1,6,0.8444,0,4,2,0,0.8444,2
1730,954,2,10,1,1,9,2,2,3,4,0.6667,1,3,2,2,0.6667,2
2826,2608,2,10,1,1,13,4,4,5,5,0.7556,2,5,3,0,0.9823,2
799,3113,2,10,3,1,11,3,4,12,1,0.1667,0,4,2,0,0.1667,1
2016,2067,1,18,2,1,9,3,2,11,10,0.1778,2,5,3,0,0.2311,2
2236,753,1,10,1,1,3,0,4,7,5,0.7556,0,1,2,0,0.7556,2
987,433,3,16,3,3,13,2,9,3,9,0.3444,1,1,2,1,0.3444,2
2918,878,4,33,2,1,13,2,4,10,8,0.5111,0,4,2,0,0.5111,2
3159,1993,4,18,3,3,15,2,9,9,9,0.3444,0,2,2,1,0.3444,2
1582,1111,2,34,3,3,7,0,8,13,1,0.1667,0,2,2,1,0.1667,1
3059,1151,4,10,3,1,15,3,3,8,2,0.3333,0,0,0,0,0.1333,1
2604,737,1,31,2,2,6,1,6,7,2,0.3333,0,1,2,0,0.3333,1
4353,2091,3,34,1,3,11,1,9,2,1,0.1667,1,4,2,0,0.1667,2
2825,3490,2,7,2,0,12,4,1,6,1,0.1667,0,2,2,2,0.1667,2
776,3945,4,17,0,1,11,1,5,9,2,0.3333,0,1,2,0,0.3333,2
3369,1053,3,12,1,3,13,2,6,7,3,0.5,0,1,2,0,0.5,2
781,3307,2,7,0,1,7,1,4,3,11,0.0889,1,1,2,1,0.0889,2
1925,3377,2,17,0,3,17,5,8,8,10,0.1778,0,0,0,0,0.0711,1
1339,688,5,22,0,3,18,5,7,9,6,0.8444,0,2,2,1,0.8444,2
1096,3530,4,18,1,0,14,3,3,7,9,0.3444,0,0,2,0,0.3444,2
4973,3954,4,6,0,3,11,0,8,8,12,0.0,0,0,0,0,0.0,1
1993,2214,5,10,2,2,18,5,6,10,7,0.6778,0,0,2,0,0.6778,2
1593,3020,5,27,0,1,11,0,5,12,9,0.3444,0,2,2,1,0.3444,2
2662,2965,5,14,0,1,13,1,4,0,2,0.3333,0,1,1,0,0.2333,2
4292,1983,3,10,3,3,9,0,8,12,10,0.1778,0,0,2,0,0.1778,1
4873,1600,3,34,0,1,15,4,3,0,2,0.3333,0,1,1,0,0.2333,1
2911,2124,3,14,2,3,15,3,8,10,12,0.0,0,2,2,1,0.0,1
1492,2991,5,10,3,3,18,4,7,12,3,0.5,0,2,2,1,0.5,2
2064,3343,5,10,3,1,18,5,3,4,2,0.3333,1,4,2,0,0.3333,2
4160,1450,1,7,0,0,12,5,2,8,5,0.7556,0,1,1,0,0.5289,2
4362,3091,4,18,1,1,15,3,3,4,8,0.5111,1,4,2,0,0.5111,2
4590,2202,5,12,2,0,10,0,1,0,10,0.1778,0,0,1,0,0.1245,1
1458,2180,4,10,1,1,11,1,4,3,1,0.1667,1,2,2,2,0.1667,2
944,1068,2,16,2,1,11,3,4,11,5,0.7556,2,1,2,0,0.7556,2
4124,2219,4,9,3,2,16,3,4,7,1,0.1667,0,1,2,0,0.1667,2
3612,1934,3,28,1,1,15,4,2,1,5,0.7556,0,3,2,2,0.7556,2
4347,1058,1,34,2,3,9,2,8,1,9,0.3444,0,4,2,0,0.3444,1
1986,3021,3,13,2,2,18,5,4,0,5,0.7556,0,0,1,0,0.5289,2
951,2568,5,25,2,0,10,0,0,0,6,0.8444,0,2,1,1,0.5911,2
1655,3138,3,23,1,0,10,2,1,10,11,0.0889,0,0,2,0,0.0889,0
4905,2607,5,12,2,3,13,0,7,3,12,0.0,1,2,2,2,0.0,2
2203,1467,1,8,2,1,5,1,4,2,6,0.8444,1,1,2,1,0.8444,2
4322,2090,4,18,2,2,14,2,4,3,2,0.3333,1,3,2,2,0.3333,2
4300,2350,2,13,1,1,15,5,3,0,2,0.3333,0,2,1,1,0.2333,1
946,3422,4,14,0,2,10,0,5,10,3,0.5,0,0,2,0,0.5,2
4185,2830,2,18,3,0,6,1,2,8,2,0.3333,0,4,1,0,0.2333,1
2588,3051,3,7,2,3,11,1,7,6,3,0.5,0,3,2,2,0.5,2
2848,1785,5,10,2,0,14,2,3,8,2,0.3333,0,0,0,0,0.1333,1
4701,3605,3,22,1,3,11,1,8,11,7,0.6778,2,5,3,0,0.8811,2
2996,2717,5,17,0,2,12,0,4,10,10,0.1778,0,2,2,1,0.1778,2
998,2788,1,29,3,2,4,0,6,13,11,0.0889,0,2,2,1,0.0889,1
2392,3210,4,23,0,1,13,2,3,3,4,0.6667,1,2,2,2,0.6667,2
1135,3720,3,18,3,3,11,1,9,5,12,0.0,2,5,3,0,0.0,2
2450,3105,2,7,2,2,8,1,4,0,10,0.1778,0,4,2,0,0.1778,2
4991,961,1,26,1,1,5,1,3,6,9,0.3444,0,2,2,2,0.3444,1
3960,2976,3,10,3,0,8,1,1,9,12,0.0,0,4,2,0,0.0,1
3038,1230,5,28,1,0,18,4,2,6,8,0.5111,0,1,2,0,0.5111,2
1187,3785,4,21,1,0,18,5,1,12,5,0.7556,0,2,2,1,0.7556,2
1456,2628,5,21,2,0,10,0,2,5,10,0.1778,2,4,3,0,0.2311,2
3652,708,3,17,1,0,8,1,1,9,11,0.0889,0,0,2,1,0.0889,1
2953,709,3,33,3,1,7,0,3,4,11,0.0889,1,1,2,0,0.0889,1
933,3159,1,20,3,3,5,0,8,4,3,0.5,1,4,2,0,0.5,2
2255,2903,4,24,2,3,15,2,9,0,9,0.3444,0,4,2,0,0.3444,2
3978,1904,5,19,1,0,16,3,0,11,2,0.3333,2,5,3,0,0.4333,2
3349,1919,5,24,2,1,11,0,5,13,10,0.1778,0,2,2,1,0.1778,1
2824,2171,4,14,3,2,10,0,6,10,7,0.6778,0,2,2,1,0.6778,2
3606,1568,5,7,3,3,18,4,9,7,1,0.1667,0,4,3,0,0.2167,2
1473,3518,5,12,2,0,10,0,3,6,12,0.0,0,0,2,1,0.0,1
4186,1845,2,36,3,0,14,5,0,10,1,0.1667,0,4,2,0,0.1667,1
2732,3628,1,10,2,3,9,2,6,8,7,0.6778,0,5,1,0,0.4745,2
3709,3633,2,21,3,3,17,5,7,13,7,0.6778,0,0,2,0,0.6778,2
2764,1561,1,19,3,3,15,5,8,10,1,0.1667,0,4,2,0,0.1667,1
1344,2471,2,30,3,2,8,1,7,10,5,0.7556,0,2,2,1,0.7556,2
2446,2165,4,21,0,2,14,2,7,7,12,0.0,0,0,2,0,0.0,1
2639,986,1,17,0,0,8,3,2,5,8,0.5111,2,5,3,0,0.6644,2
1112,1988,5,14,3,2,14,1,6,2,8,0.5111,1,4,2,0,0.5111,2
2715,1677,1,25,3,2,14,5,5,10,1,0.1667,0,2,2,1,0.1667,1
3217,2471,4,33,0,2,18,5,5,1,9,0.3444,0,3,2,2,0.3444,2
2643,3197,3,13,3,3,17,4,9,3,3,0.5,1,3,2,2,0.5,2
2984,1392,3,18,3,0,10,2,1,9,6,0.8444,0,1,2,0,0.8444,2
2444,3245,3,23,3,1,7,0,2,8,12,0.0,0,5,1,0,0.0,1
3590,3789,4,13,1,1,18,5,2,5,6,0.8444,2,4,3,0,1.0,2
2003,3681,5,4,3,0,12,1,0,2,12,0.0,1,5,3,0,0.0,2
4916,2093,2,17,2,0,14,5,3,6,1,0.1667,0,0,2,1,0.1667,0
872,2673,1,24,2,3,9,2,8,11,10,0.1778,2,5,3,0,0.2311,2
4977,2304,1,10,1,3,9,2,7,0,4,0.6667,0,1,1,0,0.4667,2
2383,3871,3,28,0,2,14,3,6,13,3,0.5,0,1,2,0,0.5,2
4396,3153,4,5,2,3,13,1,6,7,8,0.5111,0,0,2,0,0.5111,2
4086,2552,3,6,1,2,10,1,7,10,4,0.6667,0,4,2,0,0.6667,2
907,3323,1,16,2,3,9,2,9,1,5,0.7556,0,2,2,1,0.7556,2
4012,1542,1,36,3,3,13,4,7,10,5,0.7556,0,4,2,0,0.7556,2
3143,3612,5,23,2,1,18,5,5,13,4,0.6667,0,2,2,1,0.6667,2
2403,2226,1,16,1,3,13,4,6,0,11,0.0889,0,4,2,0,0.0889,1
4593,1660,2,35,0,0,12,4,0,2,12,0.0,1,5,3,0,0.0,1
1083,3973,3,20,3,1,15,4,5,7,6,0.8444,0,1,2,0,0.8444,2
4760,2259,2,4,3,1,5,0,5,13,8,0.5111,0,2,2,1,0.5111,2
3583,1471,5,16,1,1,13,1,4,13,9,0.3444,0,1,2,0,0.3444,2
2356,1990,3,17,3,2,12,2,5,6,3,0.5,0,0,2,1,0.5,2
3607,966,1,12,3,1,11,4,4,10,2,0.3333,0,1,2,0,0.3333,1
3911,2248,3,6,3,2,12,2,5,5,2,0.3333,2,5,3,0,0.4333,2
3741,2231,4,17,0,0,16,4,2,7,2,0.3333,0,0,2,0,0.3333,1
1270,3674,4,22,3,1,17,4,3,6,8,0.5111,0,2,2,2,0.5111,2
1411,2435,3,25,2,1,9,1,2,9,12,0.0,0,0,2,1,0.0,1
4741,554,2,22,1,1,5,0,3,9,8,0.5111,0,4,2,0,0.5111,2
3517,1429,5,29,2,0,14,2,2,1,4,0.6667,0,3,2,2,0.6667,2
3870,3892,5,25,2,3,18,3,8,10,7,0.6778,0,4,2,0,0.6778,2
2654,3938,4,12,3,1,13,2,5,6,1,0.1667,0,2,2,2,0.1667,2
2443,3081,1,31,3,1,7,2,2,9,6,0.8444,0,2,2,1,0.8444,2
3767,1684,4,10,2,0,18,5,0,6,7,0.6778,0,3,2,2,0.6778,2
3357,2837,1,13,3,2,4,0,4,9,10,0.1778,0,0,2,1,0.1778,1
4954,692,3,11,3,3,17,4,9,6,10,0.1778,0,3,2,2,0.1778,1
2280,935,5,12,1,3,18,5,7,8,5,0.7556,0,4,1,0,0.5289,2
763,3801,1,16,0,1,11,4,4,1,4,0.6667,0,4,2,0,0.6667,2
2192,1190,4,22,1,1,17,4,5,9,1,0.1667,0,0,2,1,0.1667,1
1066,3680,1,23,0,1,13,5,5,3,1,0.1667,1,3,2,2,0.1667,2
1783,3359,3,20,3,2,18,5,6,1,11,0.0889,0,4,2,0,0.0889,1
1019,661,5,14,0,0,16,3,2,6,4,0.6667,0,4,2,0,0.6667,2
1231,3317,1,9,2,2,12,4,6,7,1,0.1667,0,1,2,0,0.1667,1
2600,2846,1,4,2,0,10,4,3,0,10,0.1778,0,1,1,0,0.1245,1
3452,2268,2,10,2,3,7,0,8,1,3,0.5,0,2,2,1,0.5,2
3901,3114,1,30,1,2,6,1,7,8,5,0.7556,0,4,1,0,0.5289,2
4699,1984,5,10,1,1,15,2,2,6,10,0.1778,0,3,2,2,0.1778,2
1375,801,5,20,2,3,17,2,7,7,9,0.3444,0,1,2,0,0.3444,2
2006,1971,5,24,2,1,17,3,2,10,7,0.6778,0,0,2,0,0.6778,2
2558,1375,3,10,1,0,10,2,3,10,9,0.3444,0,0,2,0,0.3444,1
3476,2704,3,14,1,0,16,5,0,7,6,0.8444,0,0,2,0,0.8444,2
3403,1617,1,7,1,3,7,1,7,13,5,0.7556,0,1,2,0,0.7556,2
4540,1597,5,18,2,0,12,1,0,7,12,0.0,0,1,2,0,0.0,1
4357,2608,5,14,2,1,11,0,4,13,7,0.6778,0,4,2,0,0.6778,2
2277,1627,4,18,0,2,12,1,5,7,10,0.1778,0,2,2,1,0.1778,1
4957,3358,5,30,0,1,11,0,5,12,6,0.8444,0,1,2,0,0.8444,2
2678,3403,4,13,2,3,15,2,7,3,6,0.8444,1,0,2,1,0.8444,2
3475,1304,2,23,0,0,6,1,3,1,3,0.5,0,2,2,1,0.5,2
4054,1447,1,21,2,1,3,0,5,13,11,0.0889,0,2,2,1,0.0889,1
4814,3079,3,7,2,1,9,1,2,10,12,0.0,0,1,2,0,0.0,1
4847,2354,4,6,1,3,18,5,8,8,6,0.8444,0,0,0,0,0.3378,2
4074,2262,1,5,3,2,12,4,4,6,2,0.3333,0,0,2,1,0.3333,2
1289,3098,5,11,0,3,18,5,6,12,10,0.1778,0,1,2,0,0.1778,2
2226,1865,4,18,3,2,16,3,4,6,4,0.6667,0,0,2,1,0.6667,2
2660,2348,3,10,2,0,8,1,0,10,12,0.0,0,2,2,1,0.0,1
2751,554,1,32,2,2,14,5,4,12,3,0.5,0,0,2,0,0.5,1
1189,3110,2,24,2,2,12,3,5,0,4,0.6667,0,1,1,0,0.4667,2
1762,1952,2,18,1,2,16,5,4,6,11,0.0889,0,0,2,1,0.0889,0
2648,2191,2,6,1,3,7,0,9,0,4,0.6667,0,1,1,0,0.4667,2
2891,1492,2,23,2,0,4,0,2,6,7,0.6778,0,1,2,0,0.6778,1
3358,3209,4,8,0,1,13,2,3,1,2,0.3333,0,1,2,0,0.3333,2
3815,642,1,17,3,0,8,3,1,11,8,0.5111,2,4,3,0,0.6644,2
669,1990,5,11,1,2,18,5,4,1,3,0.5,0,2,2,1,0.5,2
4250,681,3,34,3,1,15,4,4,6,3,0.5,0,4,2,0,0.5,2
4665,1481,4,15,1,3,15,2,6,7,7,0.6778,0,1,2,0,0.6778,2
4115,3608,4,20,2,2,18,4,4,1,12,0.0,0,3,2,2,0.0,2
4608,3086,2,25,3,3,15,4,8,5,11,0.0889,2,5,3,0,0.1156,2
3047,940,3,25,0,3,18,5,8,12,11,0.0889,0,0,2,0,0.0889,1
3599,3082,1,28,3,2,14,5,6,10,2,0.3333,0,2,2,1,0.3333,1
4267,2310,3,28,0,1,11,2,4,13,12,0.0,0,2,2,1,0.0,1
2544,1955,4,15,2,1,18,5,3,12,8,0.5111,0,4,2,0,0.5111,2
3395,566,1,31,3,3,13,4,6,6,2,0.3333,0,0,2,1,0.3333,1
1767,799,5,15,3,3,18,5,8,9,1,0.1667,0,2,2,1,0.1667,1
4582,417,4,18,0,3,17,3,6,13,1,0.1667,0,2,2,1,0.1667,1
908,2593,4,22,3,0,12,2,0,2,5,0.7556,1,5,3,0,0.9823,2
1393,2624,4,12,1,0,14,3,0,5,3,0.5,2,5,3,0,0.65,2
3336,447,5,28,1,1,18,5,4,0,3,0.5,0,2,1,1,0.35,2
3419,3130,5,11,0,1,11,0,5,4,5,0.7556,1,0,2,1,0.7556,2
3101,3598,2,10,2,1,9,2,2,9,5,0.7556,0,1,2,0,0.7556,2
3268,1919,2,27,3,3,15,4,9,12,9,0.3444,0,4,2,0,0.3444,2
4540,2685,1,23,3,1,5,1,2,5,1,0.1667,2,5,3,0,0.2167,2
4840,605,2,17,1,2,10,2,5,1,5,0.7556,0,1,2,0,0.7556,2
2956,1114,5,18,0,0,12,1,3,0,2,0.3333,0,1,1,0,0.2333,1
1047,2644,2,8,2,2,12,3,4,11,7,0.6778,2,5,3,0,0.8811,2
1774,3511,3,17,0,0,8,1,3,8,10,0.1778,0,0,0,0,0.0711,1
2348,2102,5,4,0,0,14,2,0,4,9,0.3444,1,3,2,2,0.3444,2
3001,1040,1,28,1,0,12,5,1,6,10,0.1778,0,0,2,1,0.1778,0
2896,1205,2,16,0,1,9,2,2,0,4,0.6667,0,2,1,1,0.4667,2
2871,1926,4,13,2,0,12,2,0,1,1,0.1667,0,1,2,0,0.1667,1
3427,2940,2,18,1,0,14,5,0,0,12,0.0,0,0,1,0,0.0,0
3485,3717,5,10,1,0,18,4,2,0,5,0.7556,0,2,1,1,0.5289,2
3901,2593,5,18,2,1,18,4,2,6,11,0.0889,0,1,2,0,0.0889,1
4917,2498,1,15,1,1,3,0,2,6,2,0.3333,0,0,2,1,0.3333,1
3625,1588,4,13,2,0,10,1,0,8,10,0.1778,0,4,1,0,0.1245,1
2547,1005,1,29,0,2,6,1,6,5,2,0.3333,2,5,3,0,0.4333,2
1329,2394,4,17,3,2,14,2,6,7,4,0.6667,0,0,2,0,0.6667,2
1540,3763,1,13,3,3,5,0,7,4,5,0.7556,1,4,2,0,0.7556,2
1309,2206,5,25,0,0,18,4,3,8,5,0.7556,0,4,1,0,0.5289,2
4633,3850,4,24,2,1,11,1,5,8,1,0.1667,0,0,0,0,0.0667,1
1658,2474,5,18,2,2,18,3,7,9,10,0.1778,0,2,2,1,0.1778,2
4692,2975,5,17,1,3,18,5,9,5,11,0.0889,2,4,3,0,0.1156,2
1817,2173,1,13,2,3,15,5,7,7,12,0.0,0,4,3,0,0.0,1
1360,3550,4,31,0,2,10,0,7,10,11,0.0889,0,0,2,0,0.0889,1
1720,2925,4,12,0,0,8,0,1,0,4,0.6667,0,0,1,0,0.4667,2
2656,3452,3,12,0,1,13,3,5,2,9,0.3444,1,4,2,0,0.3444,2
785,3563,1,23,2,1,5,1,4,4,9,0.3444,1,1,2,0,0.3444,2
1312,430,2,10,3,1,15,5,4,6,3,0.5,0,2,2,2,0.5,2
1484,929,2,18,3,1,7,1,4,2,2,0.3333,1,1,2,1,0.3333,2
1654,2288,1,4,3,1,3,0,3,7,11,0.0889,0,2,2,1,0.0889,1
2301,2567,2,18,3,1,11,3,4,6,2,0.3333,0,1,2,0,0.3333,1
3937,2529,2,19,1,3,9,1,7,6,2,0.3333,0,3,2,2,0.3333,2
2479,2734,5,12,0,1,13,1,4,12,4,0.6667,0,2,2,1,0.6667,2
4715,420,5,17,0,2,18,5,4,9,3,0.5,0,4,2,0,0.5,2
2371,2900,3,28,0,2,10,1,7,2,3,0.5,1,5,3,0,0.65,2
3773,665,3,15,0,1,13,3,3,1,11,0.0889,0,1,2,0,0.0889,1
1306,3845,1,29,2,0,10,4,2,10,9,0.3444,0,0,2,0,0.3444,1
2072,3584,4,25,2,1,9,0,4,6,5,0.7556,0,1,2,0,0.7556,2
3406,856,3,12,1,0,12,3,0,1,9,0.3444,0,4,2,0,0.3444,2
2050,460,5,15,3,3,15,1,7,9,4,0.6667,0,4,2,0,0.6667,2
2253,3839,5,19,2,2,12,0,5,9,2,0.3333,0,0,2,1,0.3333,2
3441,3246,5,36,1,0,12,1,0,2,12,0.0,1,1,2,1,0.0,1
1611,1908,5,17,2,0,16,3,3,4,1,0.1667,1,4,2,0,0.1667,2
1499,1662,3,9,1,2,18,5,7,12,2,0.3333,0,0,2,0,0.3333,2
1809,1087,2,32,1,3,7,0,9,10,5,0.7556,0,4,2,0,0.7556,2
4609,2305,1,5,1,2,4,0,4,3,9,0.3444,1,0,2,1,0.3444,2
2466,455,4,7,1,2,10,0,7,0,3,0.5,0,1,1,0,0.35,2
794,2058,1,29,0,1,5,1,5,7,3,0.5,0,4,3,0,0.65,2
700,1756,2,36,3,3,9,1,7,6,7,0.6778,0,4,2,0,0.6778,2
3450,1832,5,6,3,0,12,1,1,1,10,0.1778,0,4,2,0,0.1778,2
2764,2686,2,14,0,3,9,1,9,9,5,0.7556,0,2,2,1,0.7556,2
2163,411,3,36,1,3,13,2,6,9,9,0.3444,0,1,2,0,0.3444,2
3012,1346,5,18,3,3,18,5,9,10,2,0.3333,0,4,2,0,0.3333,2
3849,1570,1,12,2,3,9,2,7,12,9,0.3444,0,1,2,0,0.3444,1
4981,3319,1,28,2,1,13,5,3,5,2,0.3333,2,4,3,0,0.4333,2
962,1688,5,34,0,3,13,0,9,6,3,0.5,0,2,2,2,0.5,2
3249,2786,1,18,2,0,2,0,0,11,5,0.7556,2,4,3,0,0.9823,2
1279,899,2,3,2,1,15,5,3,0,3,0.5,0,1,1,0,0.35,2
3885,2554,5,28,0,3,18,3,6,6,11,0.0889,0,1,2,0,0.0889,1
2967,2586,1,14,3,0,12,5,1,0,2,0.3333,0,1,1,0,0.2333,1
4642,3524,3,34,1,2,8,0,7,2,3,0.5,1,4,2,0,0.5,2
2093,474,1,14,2,3,5,0,7,6,5,0.7556,0,0,2,1,0.7556,2
3465,3232,3,34,2,1,15,4,4,10,6,0.8444,0,2,2,1,0.8444,2
4602,3690,2,15,3,3,11,2,8,3,8,0.5111,1,3,2,2,0.5111,2
4971,1259,5,7,1,3,17,2,9,1,4,0.6667,0,4,2,0,0.6667,2
2027,520,1,10,1,2,10,3,5,3,5,0.7556,1,2,2,2,0.7556,2
4562,748,3,15,0,2,18,5,6,7,12,0.0,0,4,3,0,0.0,1
2659,2997,5,34,0,2,18,3,7,0,11,0.0889,0,4,2,0,0.0889,1
2858,3111,1,10,2,2,12,4,4,0,1,0.1667,0,1,1,0,0.1167,1
3789,532,3,25,0,1,17,5,2,13,8,0.5111,0,2,2,1,0.5111,2
735,615,5,6,3,2,18,5,6,0,4,0.6667,0,1,1,0,0.4667,2
2662,1928,5,17,3,0,18,5,2,0,8,0.5111,0,1,1,0,0.3578,2
4822,1548,5,6,1,2,18,3,4,0,1,0.1667,0,4,2,0,0.1667,2
4300,2628,4,25,3,2,10,0,5,12,9,0.3444,0,4,2,0,0.3444,2
2293,1227,1,20,0,1,13,5,3,8,7,0.6778,0,1,1,0,0.4745,1
4710,3899,1,15,0,2,14,5,6,9,8,0.5111,0,4,2,0,0.5111,2
4091,3265,1,28,3,3,13,4,6,2,3,0.5,1,1,2,1,0.5,2
3910,2722,2,13,0,2,14,4,4,4,8,0.5111,1,4,2,0,0.5111,2
1223,3130,5,13,3,2,18,4,4,9,8,0.5111,0,1,2,0,0.5111,2
944,1075,2,32,2,2,8,1,4,12,4,0.6667,0,1,2,0,0.6667,2
1589,1839,3,12,2,1,17,5,3,0,5,0.7556,0,2,1,1,0.5289,2
4747,1602,1,18,1,2,10,3,6,1,2,0.3333,0,3,2,2,0.3333,2
3466,1137,5,36,0,1,17,3,5,8,2,0.3333,0,4,1,0,0.2333,1
4998,3597,5,17,1,0,18,4,1,8,2,0.3333,0,4,1,0,0.2333,2
1517,604,1,35,2,0,6,2,2,9,1,0.1667,0,2,2,1,0.1667,1
2443,3076,2,17,1,2,10,2,7,7,9,0.3444,0,4,3,0,0.4477,2
632,476,3,18,0,1,15,4,2,8,8,0.5111,0,4,1,0,0.3578,2
1035,3488,2,18,3,3,7,0,6,1,2,0.3333,0,1,2,0,0.3333,1
4697,3163,5,24,3,3,13,0,9,10,1,0.1667,0,2,2,1,0.1667,2
1200,1631,5,16,1,2,18,4,7,0,3,0.5,0,1,1,0,0.35,2
3443,3558,4,18,1,2,18,5,5,9,11,0.0889,0,4,2,0,0.0889,2
3497,3765,1,17,3,0,10,4,3,7,12,0.0,0,0,2,0,0.0,0
2095,3505,2,8,0,0,8,2,0,1,11,0.0889,0,1,2,0,0.0889,1
1386,3770,3,17,1,0,8,1,2,10,4,0.6667,0,2,2,1,0.6667,2
3774,2400,4,22,0,0,18,5,0,9,5,0.7556,0,2,2,1,0.7556,2
4355,2406,2,21,0,0,12,4,3,3,3,0.5,1,3,2,2,0.5,2
1345,1935,5,13,0,2,18,5,4,0,3,0.5,0,2,1,1,0.35,2
3581,1010,4,17,0,1,13,2,3,2,9,0.3444,1,4,2,0,0.3444,2
1216,3697,1,19,0,1,11,4,2,6,2,0.3333,0,4,2,0,0.3333,1
2986,1604,4,12,2,3,18,5,7,0,4,0.6667,0,2,1,1,0.4667,2
4951,2021,4,21,2,2,12,1,7,7,5,0.7556,0,0,2,0,0.7556,2
2344,2029,3,8,0,2,10,1,6,0,5,0.7556,0,1,1,0,0.5289,2
4533,1203,3,10,3,2,8,0,6,7,7,0.6778,0,0,2,0,0.6778,2
1672,578,2,28,3,0,6,1,0,10,4,0.6667,0,4,2,0,0.6667,2
4215,1017,5,25,0,3,17,2,7,1,10,0.1778,0,1,2,0,0.1778,1
3386,3469,1,12,1,2,10,3,7,10,10,0.1778,0,0,2,0,0.1778,1
2110,3669,3,12,0,0,14,4,1,5,10,0.1778,2,5,3,0,0.2311,2
1482,2834,4,14,2,0,8,0,1,0,9,0.3444,0,1,1,0,0.2411,2
1662,945,3,23,2,1,15,4,2,7,7,0.6778,0,1,2,0,0.6778,2
1198,2032,4,18,1,0,18,5,1,6,5,0.7556,0,2,2,2,0.7556,2
3172,2983,2,31,1,3,9,1,8,2,5,0.7556,1,1,2,1,0.7556,2
2017,3739,5,6,3,0,12,1,2,9,11,0.0889,0,0,2,1,0.0889,2
1023,2850,4,12,2,1,11,1,3,2,12,0.0,1,5,3,0,0.0,2
725,1354,2,27,3,3,11,2,7,1,12,0.0,0,4,2,0,0.0,1
1392,2778,1,17,0,0,8,3,2,4,12,0.0,1,3,2,2,0.0,1
3704,1931,5,36,2,0,14,2,1,4,4,0.6667,1,5,3,0,0.8667,2
2692,1726,2,26,0,3,15,4,7,8,12,0.0,0,4,1,0,0.0,1
899,2824,3,22,2,0,10,2,0,0,4,0.6667,0,2,1,1,0.4667,2
979,3392,5,22,3,0,12,1,2,1,12,0.0,0,3,2,2,0.0,2
2284,618,2,15,0,1,13,4,2,2,6,0.8444,1,1,2,1,0.8444,2
4785,3785,2,22,1,0,6,1,1,4,3,0.5,1,5,3,0,0.65,2
4335,711,1,16,1,2,4,0,5,3,3,0.5,1,2,2,2,0.5,2
1259,3299,5,25,3,1,11,0,4,10,11,0.0889,0,0,2,0,0.0889,1
3015,3542,2,16,3,1,15,5,4,10,5,0.7556,0,2,2,1,0.7556,2
2221,2309,5,28,3,1,18,5,3,6,9,0.3444,0,0,2,1,0.3444,1
2870,3202,2,9,3,1,7,1,4,10,7,0.6778,0,4,2,0,0.6778,2
1557,2749,5,16,3,0,16,3,2,6,10,0.1778,0,3,2,2,0.1778,2
4133,1073,1,27,3,2,8,2,5,6,4,0.6667,0,1,2,0,0.6667,1
2709,2454,5,12,1,3,17,2,7,2,6,0.8444,1,1,2,1,0.8444,2
4557,2042,1,27,2,1,9,3,2,6,7,0.6778,0,1,2,0,0.6778,1
3998,3423,2,10,3,2,10,2,7,6,8,0.5111,0,1,2,0,0.5111,2
3164,2521,2,18,0,3,7,0,8,6,6,0.8444,0,0,2,1,0.8444,2
1190,3216,1,17,0,3,5,0,8,5,6,0.8444,2,5,3,0,1.0,2
3360,3148,1,4,2,0,8,3,0,10,11,0.0889,0,1,2,0,0.0889,1
1589,1135,1,24,0,1,7,2,4,0,6,0.8444,0,1,1,0,0.5911,2
1503,1641,2,10,1,1,15,5,4,4,7,0.6778,1,5,3,0,0.8811,2
4801,2171,2,25,3,2,16,5,5,6,5,0.7556,0,2,2,2,0.7556,2
2275,3208,1,14,0,2,12,4,4,6,5,0.7556,0,3,2,2,0.7556,2
3064,405,4,10,0,2,12,1,5,11,2,0.3333,2,5,3,0,0.4333,2
1584,3944,5,10,0,2,18,4,6,0,5,0.7556,0,2,1,1,0.5289,2
3174,1540,4,28,1,2,14,2,4,8,8,0.5111,0,1,1,0,0.3578,2
4335,3942,1,23,0,0,6,2,0,3,10,0.1778,1,0,2,1,0.1778,1
3639,987,3,15,3,1,7,0,3,10,6,0.8444,0,0,2,0,0.8444,2
650,2100,5,11,0,3,18,3,7,0,2,0.3333,0,4,2,0,0.3333,2
2218,1927,3,12,0,1,7,0,3,1,11,0.0889,0,3,2,2,0.0889,1
2048,533,3,20,3,3,17,4,8,7,3,0.5,0,1,2,0,0.5,2
1313,2640,5,14,2,2,14,1,5,2,3,0.5,1,5,3,0,0.65,2
4996,1027,4,14,0,1,13,2,4,2,5,0.7556,1,4,2,0,0.7556,2
1219,3622,4,18,2,3,15,2,7,4,5,0.7556,1,3,2,2,0.7556,2
3040,500,5,15,2,0,14,2,0,6,3,0.5,0,0,2,1,0.5,2
3879,1237,5,3,2,3,13,0,8,8,5,0.7556,0,0,0,0,0.3022,2
4128,2903,5,12,0,2,12,0,6,8,6,0.8444,0,4,1,0,0.5911,2
2525,3245,5,12,3,2,12,0,4,12,10,0.1778,0,2,2,1,0.1778,2
3868,3131,2,27,2,3,17,5,9,5,2,0.3333,2,5,3,0,0.4333,2
2624,1868,5,18,1,3,18,4,8,7,8,0.5111,0,4,3,0,0.6644,2
3692,1514,1,5,3,3,15,5,9,9,4,0.6667,0,0,2,1,0.6667,2
2657,2477,2,36,2,1,13,4,4,12,9,0.3444,0,0,2,0,0.3444,1
4774,426,3,6,2,2,14,3,6,6,1,0.1667,0,1,2,0,0.1667,1
2441,2073,2,28,3,3,15,4,6,0,12,0.0,0,2,1,1,0.0,1
3552,896,4,15,2,1,9,0,4,8,4,0.6667,0,1,1,0,0.4667,2
1968,2731,1,28,3,3,11,3,9,4,1,0.1667,1,4,2,0,0.1667,1
2724,1773,3,33,2,3,13,2,9,2,10,0.1778,1,4,2,0,0.1778,2
990,2493,3,16,3,1,7,0,5,4,5,0.7556,1,3,2,2,0.7556,2
4399,1285,2,11,2,2,16,5,4,7,4,0.6667,0,4,3,0,0.8667,2
3886,2808,3,18,3,1,9,1,4,7,7,0.6778,0,0,2,0,0.6778,2
2423,505,2,24,3,0,8,2,0,3,2,0.3333,1,3,2,2,0.3333,2
4526,2848,3,10,0,1,9,1,3,8,8,0.5111,0,5,1,0,0.3578,2
4866,3254,2,11,3,2,8,1,4,0,11,0.0889,0,0,1,0,0.0622,1
1187,2985,3,32,0,2,16,4,7,9,3,0.5,0,4,2,0,0.5,2
4409,2588,4,16,0,2,10,0,5,10,4,0.6667,0,1,2,0,0.6667,2
3511,1228,4,19,1,0,12,2,3,9,10,0.1778,0,1,2,0,0.1778,1
4270,1618,5,6,1,0,16,3,3,6,2,0.3333,0,3,2,2,0.3333,2
4095,2177,4,10,3,2,18,4,5,7,5,0.7556,0,0,2,0,0.7556,2
2675,1224,3,15,0,3,15,3,6,4,3,0.5,1,3,2,2,0.5,2
1023,3058,5,36,3,2,14,1,7,3,11,0.0889,1,3,2,2,0.0889,2
1254,1772,4,11,0,3,15,2,9,3,5,0.7556,1,2,2,2,0.7556,2
4424,1539,5,16,3,2,18,3,7,7,11,0.0889,0,1,2,0,0.0889,1
1623,1557,5,34,0,1,18,4,4,6,5,0.7556,0,1,2,0,0.7556,2
4248,3824,4,17,0,2,10,0,6,12,12,0.0,0,2,2,1,0.0,1
2916,914,5,18,2,3,18,5,9,0,4,0.6667,0,0,1,0,0.4667,2
3792,2503,2,35,2,2,12,3,7,11,2,0.3333,2,5,3,0,0.4333,2
4886,3290,1,21,0,2,14,5,6,9,4,0.6667,0,0,2,1,0.6667,2
3410,1470,5,29,1,0,18,4,2,8,2,0.3333,0,0,0,0,0.1333,1
3739,684,3,25,2,1,7,0,4,5,7,0.6778,2,5,3,0,0.8811,2
745,1715,4,20,1,3,18,4,7,4,8,0.5111,1,4,2,0,0.5111,2
2844,789,2,14,0,3,9,1,8,1,1,0.1667,0,2,2,1,0.1667,1
2589,3793,2,17,1,3,17,5,8,10,8,0.5111,0,4,2,0,0.5111,2
796,1690,3,16,0,3,18,5,8,0,5,0.7556,0,4,2,0,0.7556,2
3586,3452,4,10,1,1,18,5,5,7,11,0.0889,0,1,2,0,0.0889,2
4791,3261,2,21,3,1,13,4,2,0,4,0.6667,0,2,1,1,0.4667,2
4661,2283,5,14,3,0,18,5,1,7,1,0.1667,0,0,2,0,0.1667,1
2145,1373,4,11,0,2,14,2,5,3,12,0.0,1,0,2,1,0.0,2
3305,534,5,30,0,3,18,5,9,7,3,0.5,0,2,2,1,0.5,2
1187,3751,3,28,2,3,13,2,7,6,11,0.0889,0,2,2,2,0.0889,1
4221,1314,3,10,0,3,13,2,8,4,9,0.3444,1,3,2,2,0.3444,2
2616,3161,4,33,1,2,18,4,6,7,4,0.6667,0,1,2,0,0.6667,2
998,3489,1,18,1,1,9,3,2,10,10,0.1778,0,0,2,0,0.1778,0
2789,1330,3,18,1,2,10,1,4,6,10,0.1778,0,4,2,0,0.1778,1
3142,723,1,25,2,2,8,2,7,9,11,0.0889,0,0,2,1,0.0889,1
2463,2359,5,20,0,2,16,2,6,0,1,0.1667,0,2,1,1,0.1167,1
3244,809,1,29,0,1,13,5,5,5,4,0.6667,2,4,3,0,0.8667,2
3829,3624,1,16,2,1,13,5,2,7,12,0.0,0,4,3,0,0.0,1
4277,1721,3,14,0,1,7,0,2,4,2,0.3333,1,4,2,0,0.3333,2
1296,572,4,16,3,1,9,0,3,3,2,0.3333,1,2,2,2,0.3333,2
4808,1178,2,10,3,3,9,1,8,4,1,0.1667,1,1,2,0,0.1667,1
2683,2854,3,10,2,2,12,2,7,12,8,0.5111,0,2,2,1,0.5111,2
3965,1575,1,18,2,1,3,0,5,9,1,0.1667,0,4,2,0,0.1667,1
3636,1055,1,20,2,1,13,5,4,1,3,0.5,0,1,2,0,0.5,2
3797,2986,2,15,3,3,15,4,6,7,7,0.6778,0,1,2,0,0.6778,2
1397,3209,4,35,0,1,9,0,5,6,5,0.7556,0,2,2,2,0.7556,2
3603,2113,4,16,0,1,15,3,3,3,5,0.7556,1,1,2,1,0.7556,2
618,2783,3,35,0,3,17,4,6,0,3,0.5,0,2,1,1,0.35,2
2903,944,3,28,2,1,17,5,3,13,2,0.3333,0,4,2,0,0.3333,2
3962,638,1,9,0,1,11,4,5,3,1,0.1667,1,3,2,2,0.1667,2
2699,1794,3,11,0,3,15,3,9,6,12,0.0,0,0,2,1,0.0,1
1565,2302,5,22,2,2,18,3,7,0,9,0.3444,0,0,1,0,0.2411,1
834,1720,3,28,3,3,17,4,6,5,9,0.3444,2,5,3,0,0.4477,2
3071,848,3,22,0,2,18,5,4,7,7,0.6778,0,2,2,1,0.6778,2
2280,2520,5,35,3,2,18,5,7,9,2,0.3333,0,0,2,1,0.3333,2
2882,2025,3,17,1,2,16,4,7,12,11,0.0889,0,2,2,1,0.0889,1
3566,411,1,36,3,1,7,2,4,7,4,0.6667,0,0,2,0,0.6667,2
2246,1036,4,14,0,3,17,3,8,0,1,0.1667,0,1,1,0,0.1167,1
2133,3287,2,16,1,3,7,0,9,8,1,0.1667,0,0,0,0,0.0667,0
2625,741,2,10,3,0,12,4,3,12,2,0.3333,0,2,2,1,0.3333,1
2105,2441,2,20,1,1,7,1,3,0,10,0.1778,0,2,1,1,0.1245,1
4114,1741,5,12,0,2,14,1,5,7,12,0.0,0,1,2,0,0.0,1
1583,2681,1,28,0,0,12,5,0,0,7,0.6778,0,0,1,0,0.4745,1
3817,2019,3,3,0,3,18,5,7,5,10,0.1778,2,4,3,0,0.2311,2
2406,2330,1,36,3,2,12,4,7,0,4,0.6667,0,0,1,0,0.4667,2
3593,2816,5,28,0,0,16,3,0,11,8,0.5111,2,1,2,0,0.5111,2
1903,2412,4,15,2,0,12,2,1,8,3,0.5,0,0,0,0,0.2,2
4121,1379,5,3,0,1,17,3,4,2,5,0.7556,1,5,3,0,0.9823,2
2102,650,2,30,2,0,6,1,2,1,1,0.1667,0,2,2,1,0.1667,1
2195,2914,4,23,1,3,18,4,8,6,11,0.0889,0,4,2,0,0.0889,1
4469,2548,4,13,1,3,18,5,6,6,12,0.0,0,1,2,0,0.0,1
1570,986,3,20,0,1,15,4,4,5,6,0.8444,2,4,3,0,1.0,2
1723,817,4,18,2,1,13,2,5,2,7,0.6778,1,1,2,1,0.6778,2
820,3914,2,21,1,1,15,5,4,10,8,0.5111,0,4,2,0,0.5111,2
3016,2506,4,25,2,3,15,2,6,1,5,0.7556,0,1,2,0,0.7556,2
900,1926,4,35,2,3,15,2,9,8,4,0.6667,0,4,1,0,0.4667,2
3888,698,4,24,3,3,15,2,8,2,11,0.0889,1,0,2,1,0.0889,2
4413,2222,2,15,2,3,9,1,9,0,12,0.0,0,1,1,0,0.0,1
2788,907,4,32,0,1,18,5,2,7,11,0.0889,0,0,2,0,0.0889,1
1662,3618,1,18,0,3,9,2,6,7,5,0.7556,0,2,2,1,0.7556,2
1149,1480,1,15,1,2,14,5,7,12,4,0.6667,0,0,2,0,0.6667,2
3704,831,1,10,0,2,8,2,6,0,2,0.3333,0,0,1,0,0.2333,1
3769,612,1,12,1,2,10,3,7,7,1,0.1667,0,0,2,0,0.1667,1
3423,952,4,16,1,2,10,0,6,4,7,0.6778,1,1,2,0,0.6778,2
3926,1349,2,4,1,0,12,4,1,9,3,0.5,0,0,2,1,0.5,2
1043,745,4,12,0,0,10,1,3,6,6,0.8444,0,3,2,2,0.8444,2
1194,1738,2,16,3,2,8,1,4,8,2,0.3333,0,4,1,0,0.2333,1
3066,830,2,25,2,0,6,1,3,6,6,0.8444,0,4,2,0,0.8444,2
4878,841,2,34,2,0,12,4,1,10,1,0.1667,0,1,2,0,0.1667,1
2976,2444,2,23,2,3,9,1,8,7,11,0.0889,0,4,3,0,0.1156,1
4340,3118,1,10,0,2,8,2,6,4,6,0.8444,1,4,2,0,0.8444,2
1683,995,3,16,1,2,8,0,6,9,12,0.0,0,4,2,0,0.0,1
3594,2770,5,10,1,1,18,4,2,0,10,0.1778,0,2,1,1,0.1245,2
841,2492,4,19,0,1,18,5,2,4,11,0.0889,1,3,2,2,0.0889,2
3672,2865,3,13,2,0,8,1,1,3,5,0.7556,1,3,2,2,0.7556,2
4616,3159,1,18,0,2,8,2,4,10,3,0.5,0,0,2,0,0.5,1
681,1072,5,21,1,2,18,4,4,8,8,0.5111,0,1,1,0,0.3578,2
1688,1495,4,11,0,1,15,3,4,0,8,0.5111,0,1,1,0,0.3578,2
1662,887,4,16,0,3,11,0,8,9,3,0.5,0,0,2,1,0.5,2
4263,3115,3,28,3,2,16,4,4,11,11,0.0889,2,1,2,0,0.0889,2
1841,1115,1,26,0,3,11,3,6,2,1,0.1667,1,5,3,0,0.2167,1
4742,3685,2,15,0,1,9,2,4,11,4,0.6667,2,5,3,0,0.8667,2
3308,1660,1,4,2,0,6,2,1,10,12,0.0,0,1,2,0,0.0,1
3195,3787,4,29,0,1,11,1,4,1,12,0.0,0,1,2,0,0.0,1
912,3636,3,21,3,1,7,0,3,8,2,0.3333,0,0,0,0,0.1333,1
3434,2178,2,18,1,1,5,0,3,5,3,0.5,2,4,3,0,0.65,2
1353,1667,4,7,2,3,17,3,8,6,10,0.1778,0,1,2,0,0.1778,2
4986,3497,2,11,2,0,8,2,1,5,3,0.5,2,5,3,0,0.65,2
4242,3717,2,13,3,3,17,5,9,10,1,0.1667,0,0,2,0,0.1667,1
3646,2044,3,22,1,2,8,0,5,1,2,0.3333,0,1,2,0,0.3333,1
2982,1028,5,17,0,2,18,3,5,5,1,0.1667,2,5,3,0,0.2167,2
4052,1189,4,6,3,2,12,1,5,0,8,0.5111,0,1,1,0,0.3578,2
1865,856,2,8,2,2,10,2,7,6,6,0.8444,0,1,2,0,0.8444,2
3188,2724,1,20,0,0,8,3,1,4,4,0.6667,1,4,2,0,0.6667,2
3657,3226,1,16,0,3,13,4,7,7,12,0.0,0,4,3,0,0.0,1
2550,2385,5,25,1,3,17,2,7,6,11,0.0889,0,2,2,2,0.0889,1
2304,1716,1,18,1,1,7,2,5,11,2,0.3333,2,5,3,0,0.4333,2
800,1871,5,10,1,1,15,2,2,0,12,0.0,0,1,1,0,0.0,1
2168,3144,1,21,1,1,7,2,4,4,12,0.0,1,1,2,0,0.0,1
1769,1849,2,23,2,0,12,4,0,12,9,0.3444,0,2,2,1,0.3444,1
4382,667,1,21,0,0,8,3,3,13,7,0.6778,0,0,2,0,0.6778,2
3794,3285,2,36,3,2,14,4,6,9,8,0.5111,0,1,2,0,0.5111,2
1016,2920,4,12,2,0,12,2,2,1,7,0.6778,0,1,2,0,0.6778,2
2772,3651,1,5,2,3,15,5,8,8,10,0.1778,0,1,1,0,0.1245,1
3093,1538,1,23,0,2,8,2,4,6,12,0.0,0,3,2,2,0.0,1
4783,3536,2,18,2,2,12,3,6,7,11,0.0889,0,0,2,0,0.0889,1
4231,1232,2,17,0,1,7,1,3,5,1,0.1667,2,4,3,0,0.2167,2
3326,2601,4,21,0,3,18,5,7,3,10,0.1778,1,3,2,2,0.1778,2
3872,948,2,11,0,2,6,0,4,12,8,0.5111,0,4,2,0,0.5111,2
4133,614,2,13,1,0,4,0,2,4,4,0.6667,1,1,2,0,0.6667,2
2232,3493,5,20,1,2,12,0,5,6,8,0.5111,0,3,2,2,0.5111,2
1400,2032,4,18,0,3,18,4,6,6,2,0.3333,0,3,2,2,0.3333,2
3135,3506,2,28,0,2,14,4,7,1,4,0.6667,0,3,2,2,0.6667,2
903,1390,1,21,1,3,9,2,9,13,10,0.1778,0,0,2,0,0.1778,1
803,3817,2,13,1,1,13,4,4,9,3,0.5,0,0,2,1,0.5,2
916,3035,3,14,2,2,18,5,5,1,6,0.8444,0,3,2,2,0.8444,2
4506,639,2,27,0,1,15,5,3,7,3,0.5,0,1,2,0,0.5,2
1073,880,4,10,1,3,18,5,7,6,3,0.5,0,2,2,2,0.5,2
2896,1176,4,24,3,1,18,5,2,9,5,0.7556,0,1,2,0,0.7556,2
3709,1289,2,17,3,3,9,1,9,1,5,0.7556,0,3,2,2,0.7556,2
4632,544,2,16,0,3,17,5,8,5,5,0.7556,2,4,3,0,0.9823,2
2820,2922,3,35,0,0,14,4,1,10,2,0.3333,0,4,2,0,0.3333,1
4852,3479,3,17,3,2,8,0,7,6,5,0.7556,0,0,2,1,0.7556,2
2060,1979,5,16,2,2,16,2,5,6,7,0.6778,0,0,2,1,0.6778,2
2100,2762,5,18,1,1,18,5,2,4,11,0.0889,1,4,2,0,0.0889,2
4261,2853,5,7,0,0,18,4,3,9,11,0.0889,0,1,2,0,0.0889,2
2567,474,5,15,1,3,17,2,7,0,4,0.6667,0,1,1,0,0.4667,2
4573,3279,1,35,2,1,13,5,3,8,5,0.7556,0,0,0,0,0.3022,1
4710,2733,4,9,2,3,18,5,8,13,8,0.5111,0,0,2,0,0.5111,2
2342,1961,5,12,1,0,12,1,3,13,12,0.0,0,2,2,1,0.0,2
939,2736,2,21,0,1,15,5,5,6,1,0.1667,0,1,2,0,0.1667,1
1205,2934,1,17,2,0,10,4,2,5,11,0.0889,2,5,3,0,0.1156,2
793,2985,4,13,1,1,17,4,5,4,8,0.5111,1,3,2,2,0.5111,2
4552,1220,4,25,1,2,12,1,4,0,8,0.5111,0,4,2,0,0.5111,2
2706,2395,4,12,0,0,8,0,0,9,1,0.1667,0,4,2,0,0.1667,1
873,1074,1,28,1,2,10,3,6,9,5,0.7556,0,1,2,0,0.7556,2
1452,704,3,8,1,1,7,0,3,13,4,0.6667,0,0,2,0,0.6667,2
1262,2143,4,11,0,2,12,1,5,7,11,0.0889,0,4,3,0,0.1156,2
3515,3206,1,31,3,0,6,2,1,4,11,0.0889,1,5,3,0,0.1156,1
1665,3779,4,8,2,3,18,5,8,9,1,0.1667,0,0,2,1,0.1667,2
4385,2556,3,26,0,1,9,1,3,12,7,0.6778,0,0,2,0,0.6778,2
4142,2437,5,33,1,3,13,0,6,6,5,0.7556,0,3,2,2,0.7556,2
2416,2077,3,34,1,1,7,0,2,12,3,0.5,0,2,2,1,0.5,2
3798,1157,5,16,2,0,18,4,3,4,6,0.8444,1,4,2,0,0.8444,2
2991,3015,5,16,2,1,17,3,2,13,2,0.3333,0,4,2,0,0.3333,2
3117,2637,3,8,1,2,16,4,4,3,8,0.5111,1,2,2,2,0.5111,2
2371,3880,3,21,1,3,9,0,7,7,1,0.1667,0,1,2,0,0.1667,1
3957,1612,2,6,3,1,15,5,5,13,10,0.1778,0,0,2,0,0.1778,2
1519,3465,5,22,1,1,13,1,3,6,4,0.6667,0,1,2,0,0.6667,2
2124,459,2,20,1,3,13,3,8,7,2,0.3333,0,0,2,0,0.3333,1
2576,1976,5,22,1,2,16,2,5,4,1,0.1667,1,3,2,2,0.1667,2
4957,1859,2,12,2,2,10,2,7,11,3,0.5,2,5,3,0,0.65,2
2089,2090,1,8,3,2,14,5,7,7,9,0.3444,0,2,2,1,0.3444,2
4746,3765,3,13,3,3,15,3,6,12,3,0.5,0,2,2,1,0.5,2
686,1471,3,25,0,0,16,5,0,3,11,0.0889,1,3,2,2,0.0889,2
4848,2946,5,23,1,2,18,5,7,6,2,0.3333,0,3,2,2,0.3333,2
2522,1512,3,18,0,3,15,3,8,0,12,0.0,0,1,1,0,0.0,1
910,2982,3,35,1,0,10,2,2,7,12,0.0,0,0,2,0,0.0,0
3269,1432,2,11,2,0,8,2,0,0,8,0.5111,0,0,1,0,0.3578,1
3354,3859,5,16,1,3,13,0,9,0,6,0.8444,0,1,1,0,0.5911,2
2203,3214,5,30,1,0,10,0,3,0,4,0.6667,0,1,1,0,0.4667,2
1990,3645,3,26,2,2,12,2,5,1,10,0.1778,0,2,2,1,0.1778,1
2701,2868,2,24,1,3,11,2,7,5,8,0.5111,2,4,3,0,0.6644,2
4573,2659,5,13,0,1,17,3,5,13,4,0.6667,0,2,2,1,0.6667,2
2707,2920,5,14,3,1,18,5,2,11,2,0.3333,2,5,3,0,0.4333,2
4209,1011,3,31,1,2,18,5,5,10,2,0.3333,0,2,2,1,0.3333,2
1777,1414,5,6,1,0,10,0,0,6,6,0.8444,0,0,2,1,0.8444,2
4759,2092,2,30,2,0,4,0,2,10,11,0.0889,0,2,2,1,0.0889,1
2635,1791,4,33,1,2,16,3,7,2,3,0.5,1,5,3,0,0.65,2
4581,2039,2,30,0,2,12,3,6,0,2,0.3333,0,2,1,1,0.2333,1
4431,3398,5,13,3,1,18,5,4,7,12,0.0,0,1,2,0,0.0,2
1532,1743,3,11,0,0,6,0,3,3,5,0.7556,1,2,2,2,0.7556,2
4441,3280,1,20,3,1,3,0,3,0,12,0.0,0,4,2,0,0.0,0
4667,2591,3,11,2,3,18,5,9,6,5,0.7556,0,0,2,1,0.7556,2
1793,2411,3,26,3,0,6,0,1,5,6,0.8444,2,5,3,0,1.0,2
965,2074,1,31,3,0,4,1,2,7,3,0.5,0,2,2,1,0.5,1
1392,1902,2,28,3,0,12,4,3,0,6,0.8444,0,4,2,0,0.8444,2
1710,894,2,16,0,0,6,1,2,0,6,0.8444,0,1,1,0,0.5911,2
4283,2483,5,14,0,2,14,1,6,13,4,0.6667,0,1,2,0,0.6667,2
4372,682,3,18,1,2,12,2,4,5,4,0.6667,2,5,3,0,0.8667,2
902,3734,5,30,2,2,16,2,4,2,12,0.0,1,4,2,0,0.0,2
4012,1005,2,8,0,3,15,4,9,6,3,0.5,0,1,2,0,0.5,2
4521,1521,2,26,0,3,17,5,9,11,11,0.0889,2,5,3,0,0.1156,2
3564,3370,3,7,2,1,13,3,5,6,1,0.1667,0,3,2,2,0.1667,2
4179,3052,4,16,2,0,8,0,2,6,11,0.0889,0,0,2,1,0.0889,1
3254,2487,5,19,3,1,13,1,4,6,12,0.0,0,2,2,2,0.0,1
1216,2252,3,14,2,2,12,2,4,6,11,0.0889,0,2,2,2,0.0889,1
2842,3702,3,16,2,2,14,3,4,12,4,0.6667,0,2,2,1,0.6667,2
3910,1755,1,20,1,0,6,2,1,4,4,0.6667,1,3,2,2,0.6667,2
4777,1031,1,26,3,1,13,5,5,6,11,0.0889,0,2,2,2,0.0889,1
1189,2868,5,27,1,0,12,1,1,13,4,0.6667,0,2,2,1,0.6667,2
4867,2767,3,20,3,3,18,5,9,5,4,0.6667,2,4,3,0,0.8667,2
4182,773,3,23,2,3,13,2,8,12,7,0.6778,0,0,2,0,0.6778,2
4812,1927,1,11,3,1,3,0,4,10,2,0.3333,0,4,2,0,0.3333,1
4935,2703,4,27,0,1,13,2,4,2,5,0.7556,1,1,2,1,0.7556,2
1198,2986,4,18,3,1,15,3,3,1,11,0.0889,0,2,2,1,0.0889,1
2244,1340,2,36,3,0,12,4,2,11,11,0.0889,2,5,3,0,0.1156,2
1384,908,5,28,3,1,15,2,3,3,7,0.6778,1,2,2,2,0.6778,2
3090,2649,3,13,0,0,8,1,3,10,1,0.1667,0,4,2,0,0.1667,1
3035,560,1,16,3,3,15,5,6,12,12,0.0,0,4,2,0,0.0,1
1195,490,2,31,0,3,9,1,7,1,10,0.1778,0,4,2,0,0.1778,1
4489,2430,1,18,0,3,7,1,8,3,9,0.3444,1,2,2,2,0.3444,2
871,2469,4,23,1,0,12,2,0,3,9,0.3444,1,1,2,1,0.3444,2
1229,3476,2,26,1,0,12,4,1,7,1,0.1667,0,2,2,1,0.1667,1
946,1340,2,25,1,3,17,5,6,0,10,0.1778,0,0,1,0,0.1245,1
3199,1594,4,12,1,3,11,0,6,6,5,0.7556,0,0,2,1,0.7556,2
2123,1613,1,20,0,1,13,5,5,12,9,0.3444,0,1,2,0,0.3444,1
2105,737,2,18,3,2,16,5,7,9,7,0.6778,0,2,2,1,0.6778,2
3480,3677,1,28,3,1,3,0,5,8,1,0.1667,0,1,1,0,0.1167,0
4213,2728,1,11,2,0,4,1,1,2,2,0.3333,1,0,2,1,0.3333,2
1383,3655,2,28,2,2,12,3,4,1,10,0.1778,0,1,2,0,0.1778,1
3840,1223,5,12,1,3,13,0,8,6,12,0.0,0,0,2,1,0.0,1
3802,649,1,35,3,2,6,1,7,3,5,0.7556,1,2,2,2,0.7556,2
2025,1206,3,7,3,0,10,2,0,10,10,0.1778,0,1,2,0,0.1778,1
3150,577,1,23,1,3,7,1,9,10,11,0.0889,0,0,2,0,0.0889,0
2507,477,3,34,2,3,13,2,9,12,2,0.3333,0,4,2,0,0.3333,2
4391,2707,1,13,3,2,6,1,6,6,7,0.6778,0,4,2,0,0.6778,2
2614,2495,3,14,3,1,13,3,4,4,12,0.0,1,1,2,0,0.0,1
841,3981,5,17,3,1,15,2,2,6,12,0.0,0,0,2,1,0.0,1
3176,2223,2,15,1,2,10,2,5,12,4,0.6667,0,2,2,1,0.6667,2
1177,2498,4,12,3,0,10,1,2,0,12,0.0,0,2,1,1,0.0,1
3843,3660,5,9,2,0,12,1,1,1,10,0.1778,0,3,2,2,0.1778,2
2498,3771,3,13,0,0,8,1,3,10,1,0.1667,0,2,2,1,0.1667,1
1291,2739,5,11,0,0,16,3,2,2,10,0.1778,1,5,3,0,0.2311,2
4705,2430,5,33,3,0,12,1,2,1,11,0.0889,0,4,2,0,0.0889,1
3450,2910,2,26,2,1,9,2,2,7,7,0.6778,0,0,2,0,0.6778,2
1712,1019,3,11,1,1,15,4,3,7,1,0.1667,0,0,2,0,0.1667,1
768,3417,4,10,2,2,10,0,4,6,2,0.3333,0,0,2,1,0.3333,2
4267,3052,3,22,2,3,15,3,6,0,4,0.6667,0,2,1,1,0.4667,2
1877,1419,2,19,2,3,11,2,9,12,5,0.7556,0,1,2,0,0.7556,2
1153,1646,1,17,0,1,5,1,2,3,10,0.1778,1,3,2,2,0.1778,2
1933,1469,4,12,2,0,18,5,1,3,10,0.1778,1,0,2,1,0.1778,2
743,2173,4,5,2,0,10,1,1,8,7,0.6778,0,0,0,0,0.2711,2
3938,2510,3,20,2,2,8,0,6,6,2,0.3333,0,0,2,1,0.3333,1
1008,530,3,6,1,0,10,2,0,5,4,0.6667,2,4,3,0,0.8667,2
1201,3280,1,7,3,3,9,2,7,7,4,0.6667,0,1,2,0,0.6667,2
2153,3038,3,19,0,3,11,1,6,7,5,0.7556,0,0,2,0,0.7556,2
2547,3568,1,16,2,0,8,3,2,9,6,0.8444,0,1,2,0,0.8444,2
1780,3953,4,14,1,3,17,3,6,2,8,0.5111,1,1,2,1,0.5111,2
4216,598,4,32,1,0,10,1,2,8,7,0.6778,0,1,1,0,0.4745,2
2168,1025,2,5,0,0,6,1,0,6,12,0.0,0,1,2,0,0.0,1
1936,584,5,25,0,1,18,5,4,7,12,0.0,0,0,2,0,0.0,1
2971,1384,3,7,2,3,17,4,7,6,3,0.5,0,2,2,2,0.5,2
3200,2419,5,24,3,1,11,0,3,0,12,0.0,0,0,1,0,0.0,0
1194,409,4,17,2,3,18,5,8,11,10,0.1778,2,4,3,0,0.2311,2
4567,3831,1,21,3,0,8,3,3,12,4,0.6667,0,4,2,0,0.6667,2
2834,1985,5,5,0,2,12,0,6,10,3,0.5,0,4,2,0,0.5,2
3465,3609,1,16,2,0,10,4,1,2,5,0.7556,1,4,2,0,0.7556,2
3667,3231,4,28,1,3,18,5,7,6,1,0.1667,0,3,2,2,0.1667,2
1929,3512,4,9,0,3,18,5,9,8,10,0.1778,0,1,1,0,0.1245,2
4912,408,1,11,0,0,12,5,3,6,8,0.5111,0,1,2,0,0.5111,1
3037,1170,1,14,1,1,9,3,2,3,1,0.1667,1,3,2,2,0.1667,2
1513,537,5,16,2,1,18,5,5,8,3,0.5,0,1,1,0,0.35,2
1491,2594,5,34,1,1,15,2,4,7,10,0.1778,0,4,3,0,0.2311,1
2068,1681,5,21,2,1,17,3,4,7,8,0.5111,0,0,2,0,0.5111,2
2989,3144,5,17,3,2,18,3,5,3,3,0.5,1,1,2,1,0.5,2
1904,1410,4,18,1,2,10,0,6,3,6,0.8444,1,2,2,2,0.8444,2
1913,2576,1,36,3,3,13,4,9,0,11,0.0889,0,1,1,0,0.0622,1
2664,2963,1,29,1,2,10,3,7,6,12,0.0,0,2,2,2,0.0,1
1420,1035,2,17,1,3,9,1,9,6,3,0.5,0,3,2,2,0.5,2
2555,1587,3,29,2,1,11,2,2,8,9,0.3444,0,4,1,0,0.2411,1
3535,3054,2,22,3,1,15,5,3,3,4,0.6667,1,3,2,2,0.6667,2
4184,3089,1,12,2,1,5,1,2,0,2,0.3333,0,2,1,1,0.2333,1
3030,3921,5,11,0,2,14,1,5,0,11,0.0889,0,2,1,1,0.0622,2
3784,949,2,6,3,3,13,3,9,6,9,0.3444,0,0,2,1,0.3444,2
3218,3262,2,10,3,3,13,3,7,3,5,0.7556,1,3,2,2,0.7556,2
3801,1658,4,31,3,0,8,0,0,0,5,0.7556,0,1,1,0,0.5289,2
1270,2061,1,13,3,2,10,3,6,2,12,0.0,1,5,3,0,0.0,1
718,1728,1,17,1,3,5,0,6,8,4,0.6667,0,0,0,0,0.2667,1
4940,569,2,6,1,2,12,3,6,10,12,0.0,0,4,2,0,0.0,1
3635,1230,4,27,3,1,11,1,3,9,7,0.6778,0,4,2,0,0.6778,2
3825,2495,1,10,0,1,3,0,4,13,5,0.7556,0,4,2,0,0.7556,2
2638,1325,1,31,1,0,8,3,3,8,5,0.7556,0,0,0,0,0.3022,1
2468,2926,4,34,1,3,13,1,6,4,3,0.5,1,5,3,0,0.65,2
3952,2992,3,4,3,2,10,1,4,7,9,0.3444,0,0,2,0,0.3444,2
1898,3696,2,18,2,3,13,3,8,4,7,0.6778,1,1,2,0,0.6778,2
2631,2138,4,18,0,2,14,2,6,3,9,0.3444,1,2,2,2,0.3444,2
3495,2005,1,17,1,2,10,3,7,5,1,0.1667,2,1,2,0,0.1667,2
4722,3572,2,26,0,1,9,2,4,0,2,0.3333,0,2,1,1,0.2333,1
2048,2024,2,24,2,2,8,1,6,4,11,0.0889,1,0,2,1,0.0889,1
2247,1010,3,29,2,0,16,5,3,3,2,0.3333,1,3,2,2,0.3333,2
4622,1035,3,4,2,2,10,1,6,9,2,0.3333,0,0,2,1,0.3333,2
2916,2309,3,12,0,2,12,2,7,8,4,0.6667,0,1,1,0,0.4667,2
1246,1418,4,6,3,2,18,4,6,6,5,0.7556,0,3,2,2,0.7556,2
3956,3161,1,15,1,2,8,2,6,8,12,0.0,0,1,1,0,0.0,0
4033,2598,4,4,0,0,18,5,2,1,11,0.0889,0,3,2,2,0.0889,2
1776,1598,3,3,3,3,11,1,9,1,7,0.6778,0,2,2,1,0.6778,2
3313,1359,1,12,2,0,12,5,2,10,11,0.0889,0,2,2,1,0.0889,1
2280,1094,4,28,1,2,18,5,7,11,12,0.0,2,5,3,0,0.0,2
2846,3799,5,11,1,2,18,5,6,4,2,0.3333,1,4,2,0,0.3333,2
4183,1005,1,18,0,0,8,3,0,0,2,0.3333,0,1,1,0,0.2333,1
921,3296,1,18,0,2,10,3,6,6,6,0.8444,0,2,2,2,0.8444,2
798,3553,2,3,0,3,15,4,9,1,7,0.6778,0,2,2,1,0.6778,2
1921,3787,4,34,3,0,16,4,2,0,9,0.3444,0,4,2,0,0.3444,2
2945,2005,2,21,2,0,6,1,2,1,10,0.1778,0,3,2,2,0.1778,1
4885,1991,2,22,1,0,14,5,3,0,12,0.0,0,4,2,0,0.0,1
3115,689,2,30,1,1,11,3,4,6,8,0.5111,0,2,2,2,0.5111,2
4807,956,3,10,0,1,7,0,5,11,12,0.0,2,5,3,0,0.0,2
1921,2477,5,14,2,1,15,2,3,0,6,0.8444,0,1,1,0,0.5911,2
4603,3175,5,26,2,3,15,1,8,9,10,0.1778,0,4,2,0,0.1778,1
3143,2872,4,27,2,3,11,0,6,0,5,0.7556,0,2,1,1,0.5289,2
4006,1600,5,29,1,0,16,3,2,7,5,0.7556,0,4,3,0,0.9823,2
1277,1433,3,28,1,3,11,1,8,6,8,0.5111,0,0,2,1,0.5111,2
3843,2335,3,18,1,1,17,5,3,12,9,0.3444,0,0,2,0,0.3444,1
3862,2306,1,29,2,1,3,0,5,10,2,0.3333,0,2,2,1,0.3333,1
4614,3952,4,34,3,1,18,5,2,6,9,0.3444,0,1,2,0,0.3444,1
2842,603,1,9,0,3,7,1,6,0,1,0.1667,0,4,2,0,0.1667,1
3621,2879,4,36,3,0,12,2,0,10,11,0.0889,0,0,2,0,0.0889,1
4879,2806,5,10,2,1,11,0,4,0,11,0.0889,0,1,1,0,0.0622,1
1567,2719,3,12,2,3,18,5,6,0,4,0.6667,0,0,1,0,0.4667,2
2998,1947,3,25,1,2,14,3,4,3,4,0.6667,1,3,2,2,0.6667,2
619,2178,4,4,1,3,18,5,6,7,3,0.5,0,2,2,1,0.5,2
3945,1864,3,12,1,0,8,1,2,8,12,0.0,0,4,1,0,0.0,1
1842,467,1,23,1,0,6,2,0,11,3,0.5,2,1,2,0,0.5,2
3637,3941,5,12,0,2,18,4,7,0,7,0.6778,0,1,1,0,0.4745,2
2079,2266,1,26,3,0,8,3,3,4,5,0.7556,1,1,2,0,0.7556,2
2671,1509,2,14,2,2,10,2,6,6,12,0.0,0,3,2,2,0.0,1
1633,1336,4,14,3,2,16,3,5,5,8,0.5111,2,5,3,0,0.6644,2
4356,1280,1,12,1,0,12,5,2,12,5,0.7556,0,0,2,0,0.7556,2
4694,3478,4,27,1,1,9,0,4,3,1,0.1667,1,2,2,2,0.1667,2
3894,3247,3,6,1,2,8,0,6,10,12,0.0,0,2,2,1,0.0,2
775,1586,3,18,3,1,11,2,3,12,7,0.6778,0,2,2,1,0.6778,2
2696,3386,2,20,3,0,8,2,1,6,7,0.6778,0,2,2,2,0.6778,2
3965,3106,2,27,1,0,6,1,2,10,1,0.1667,0,0,2,0,0.1667,0
3203,2310,4,26,3,3,17,3,7,3,6,0.8444,1,3,2,2,0.8444,2
3201,1166,2,31,1,1,15,5,5,1,3,0.5,0,2,2,1,0.5,2
2736,1907,3,21,2,2,12,2,7,8,8,0.5111,0,1,1,0,0.3578,2
2931,2018,3,35,1,2,16,4,6,8,9,0.3444,0,4,1,0,0.2411,1
4128,3758,1,18,2,1,3,0,4,8,3,0.5,0,0,0,0,0.2,1
1809,3035,4,18,3,0,8,0,1,6,10,0.1778,0,1,2,0,0.1778,1
1741,2833,4,14,0,3,11,0,8,5,12,0.0,2,4,3,0,0.0,2
2890,2681,3,29,3,0,12,3,3,0,12,0.0,0,1,1,0,0.0,1
4473,420,2,16,0,2,6,0,7,0,5,0.7556,0,1,1,0,0.5289,2
4195,3402,4,28,2,2,12,1,5,13,1,0.1667,0,2,2,1,0.1667,1
3814,2966,5,30,1,0,10,0,0,0,2,0.3333,0,4,2,0,0.3333,1
1019,531,3,19,1,3,18,5,7,8,2,0.3333,0,4,1,0,0.2333,1
4962,1645,5,11,2,2,14,1,6,10,5,0.7556,0,4,2,0,0.7556,2
2502,3568,5,10,3,2,12,0,7,8,1,0.1667,0,0,0,0,0.0667,1
1463,2791,3,10,3,1,17,5,5,0,11,0.0889,0,4,2,0,0.0889,1
3346,3301,5,17,2,0,18,4,2,10,11,0.0889,0,4,2,0,0.0889,1
3579,2630,5,36,1,2,16,2,6,13,6,0.8444,0,4,2,0,0.8444,2
2470,2742,5,32,2,1,13,1,2,9,5,0.7556,0,1,2,0,0.7556,2
3422,2790,2,32,3,0,6,1,0,10,10,0.1778,0,0,2,0,0.1778,0
2636,656,3,18,2,0,6,0,3,11,12,0.0,2,1,2,0,0.0,1
4864,2994,2,21,3,3,17,5,9,6,9,0.3444,0,3,2,2,0.3444,2
2656,1190,5,12,0,3,13,0,7,5,11,0.0889,2,4,3,0,0.1156,2
3155,3206,3,23,1,0,16,5,2,2,3,0.5,1,0,2,1,0.5,2
2821,644,1,5,2,1,11,4,2,10,12,0.0,0,1,2,0,0.0,0
2606,1505,3,33,2,0,10,2,3,6,5,0.7556,0,0,2,1,0.7556,2
4702,829,3,14,2,2,16,4,4,8,10,0.1778,0,1,1,0,0.1245,1
4578,3847,3,27,0,1,9,1,3,12,2,0.3333,0,2,2,1,0.3333,1
1807,721,1,23,2,0,12,5,0,9,1,0.1667,0,1,2,0,0.1667,1
2362,3323,3,31,2,1,11,2,2,11,11,0.0889,2,5,3,0,0.1156,2
1928,1522,1,10,3,1,11,4,4,2,3,0.5,1,1,2,1,0.5,2
2301,2256,1,6,0,3,7,1,6,5,2,0.3333,2,5,3,0,0.4333,2
4342,1009,4,4,3,3,15,2,6,0,12,0.0,0,4,2,0,0.0,2
1480,1516,5,18,0,0,18,5,3,6,4,0.6667,0,4,2,0,0.6667,2
3687,663,5,12,1,3,18,3,9,7,2,0.3333,0,0,2,0,0.3333,2
4718,1061,5,18,2,1,17,3,4,0,1,0.1667,0,1,1,0,0.1167,1
4927,1197,4,17,2,0,16,4,3,5,1,0.1667,2,4,3,0,0.2167,2
4635,3800,2,29,2,3,9,1,7,6,8,0.5111,0,0,2,1,0.5111,1
2144,2893,5,15,2,3,18,4,6,4,6,0.8444,1,1,2,0,0.8444,2
603,2866,5,8,2,3,18,3,7,1,12,0.0,0,4,2,0,0.0,2
939,2461,3,17,3,2,16,4,5,3,6,0.8444,1,0,2,1,0.8444,2
3321,913,2,22,0,3,11,2,9,3,3,0.5,1,0,2,1,0.5,2
3901,3996,1,14,2,1,13,5,3,4,1,0.1667,1,1,2,0,0.1667,1
4076,1103,3,28,3,1,9,1,5,3,9,0.3444,1,3,2,2,0.3444,2
1983,3213,3,20,3,1,11,2,4,7,4,0.6667,0,0,2,0,0.6667,2
4849,752,1,18,2,1,3,0,5,1,8,0.5111,0,2,2,1,0.5111,2
4330,2099,1,14,0,1,3,0,2,10,5,0.7556,0,0,2,0,0.7556,2
779,578,2,5,3,0,10,3,1,6,10,0.1778,0,4,2,0,0.1778,1
4440,2482,1,14,0,0,2,0,3,12,2,0.3333,0,0,2,0,0.3333,1
1385,2698,5,3,0,2,16,2,7,12,4,0.6667,0,1,2,0,0.6667,2
4973,2994,2,6,0,3,11,2,7,6,11,0.0889,0,0,2,1,0.0889,1
4085,806,4,29,2,2,16,3,6,0,3,0.5,0,2,1,1,0.35,2
3304,1727,4,29,3,3,15,2,8,0,1,0.1667,0,2,1,1,0.1167,1
3938,1648,4,29,3,2,10,0,4,1,12,0.0,0,1,2,0,0.0,1
2111,3030,3,6,0,0,14,4,2,2,2,0.3333,1,5,3,0,0.4333,2
2204,1394,3,18,2,3,15,3,9,11,2,0.3333,2,5,3,0,0.4333,2
4288,807,1,15,0,3,11,3,6,5,12,0.0,2,4,3,0,0.0,2
1699,1614,2,17,3,0,10,3,1,4,2,0.3333,1,5,3,0,0.4333,2
4812,3168,4,21,0,1,13,2,2,5,8,0.5111,2,4,3,0,0.6644,2
4806,3306,4,31,2,2,18,4,7,7,12,0.0,0,0,2,0,0.0,1
3299,3281,4,10,0,3,15,2,8,2,6,0.8444,1,1,2,1,0.8444,2
1109,1760,4,16,2,2,16,3,7,1,6,0.8444,0,2,2,1,0.8444,2
2801,3117,2,8,2,1,15,5,4,6,1,0.1667,0,0,2,1,0.1667,1
1754,1608,4,17,3,0,10,1,3,10,4,0.6667,0,4,2,0,0.6667,2
4696,1548,4,15,0,0,18,5,3,11,4,0.6667,2,5,3,0,0.8667,2
4854,1311,2,14,2,3,15,4,9,6,2,0.3333,0,0,2,1,0.3333,1
4270,813,5,14,3,0,14,2,2,11,5,0.7556,2,5,3,0,0.9823,2
1647,613,2,15,0,0,10,3,0,2,6,0.8444,1,1,2,1,0.8444,2
4132,3350,4,14,3,1,17,4,2,0,1,0.1667,0,0,1,0,0.1167,1
4887,928,1,33,1,1,7,2,5,9,12,0.0,0,2,2,1,0.0,1
4953,2715,1,11,1,3,11,3,9,3,4,0.6667,1,0,2,1,0.6667,2
2882,1353,1,14,1,3,15,5,9,4,12,0.0,1,4,2,0,0.0,1
3636,1297,2,19,1,3,17,5,9,8,4,0.6667,0,0,0,0,0.2667,1
3984,2049,1,27,3,3,7,1,6,12,4,0.6667,0,4,2,0,0.6667,2
4843,1008,2,10,1,3,7,0,7,3,9,0.3444,1,3,2,2,0.3444,2
3420,3429,5,10,1,2,16,2,5,3,4,0.6667,1,2,2,2,0.6667,2
1046,2068,3,4,0,3,18,5,9,10,2,0.3333,0,4,2,0,0.3333,2
681,2146,4,8,0,1,11,1,4,13,5,0.7556,0,1,2,0,0.7556,2
3136,3669,2,10,3,0,12,4,3,1,4,0.6667,0,1,2,0,0.6667,2
4537,497,1,10,1,0,8,3,0,7,7,0.6778,0,2,2,1,0.6778,2
4659,2547,2,18,1,0,12,4,2,7,9,0.3444,0,0,2,0,0.3444,1
4030,1606,5,14,0,3,18,4,9,6,1,0.1667,0,0,2,1,0.1667,1
3477,2682,2,7,1,3,17,5,9,10,10,0.1778,0,1,2,0,0.1778,2
711,1277,3,9,2,3,18,5,9,6,2,0.3333,0,2,2,2,0.3333,2
4262,2816,4,33,3,1,9,0,2,7,3,0.5,0,0,2,0,0.5,2
1004,3680,3,36,0,0,6,0,1,7,11,0.0889,0,0,2,0,0.0889,0
2739,3758,4,14,3,1,18,5,3,6,2,0.3333,0,3,2,2,0.3333,2
3964,1170,4,28,1,3,18,4,6,7,11,0.0889,0,0,2,0,0.0889,1
1516,1683,1,28,0,2,10,3,6,0,4,0.6667,0,2,1,1,0.4667,2
4569,3792,4,30,2,2,18,5,5,1,6,0.8444,0,1,2,0,0.8444,2
658,2546,2,7,3,2,6,0,6,2,2,0.3333,1,4,2,0,0.3333,2
3956,716,3,26,1,0,10,2,1,0,11,0.0889,0,2,1,1,0.0622,1
4218,2332,3,17,1,0,8,1,3,6,11,0.0889,0,1,2,0,0.0889,0
1686,2391,1,7,1,3,15,5,6,13,9,0.3444,0,0,2,0,0.3444,2
665,2619,5,12,1,1,17,3,5,6,8,0.5111,0,4,2,0,0.5111,2
2173,3559,4,27,0,0,14,3,1,12,10,0.1778,0,1,2,0,0.1778,1
1407,2101,3,18,1,1,9,1,5,10,4,0.6667,0,4,2,0,0.6667,2
964,3890,4,18,0,1,13,2,3,7,7,0.6778,0,2,2,1,0.6778,2
4272,2920,4,17,3,2,18,5,5,3,3,0.5,1,3,2,2,0.5,2
1410,3752,5,12,3,1,13,1,2,6,5,0.7556,0,1,2,0,0.7556,2
1813,2892,5,14,1,2,14,1,6,13,12,0.0,0,4,2,0,0.0,2
2902,3194,4,21,3,3,13,1,6,9,5,0.7556,0,2,2,1,0.7556,2
3129,3081,5,13,0,0,12,1,3,10,12,0.0,0,1,2,0,0.0,1
4059,733,3,27,2,1,13,3,5,11,6,0.8444,2,5,3,0,1.0,2
1502,2065,2,10,1,3,11,2,9,3,7,0.6778,1,3,2,2,0.6778,2
2786,3405,3,27,1,1,9,1,3,1,12,0.0,0,3,2,2,0.0,1
2400,3220,4,23,1,0,18,5,2,7,4,0.6667,0,2,2,1,0.6667,2
1869,1821,5,36,3,2,18,4,4,2,9,0.3444,1,1,2,1,0.3444,2
1007,2211,5,5,2,3,17,2,6,9,6,0.8444,0,2,2,1,0.8444,2
900,3967,1,21,1,1,7,2,5,9,10,0.1778,0,4,2,0,0.1778,1
3421,2751,2,5,2,3,17,5,7,10,2,0.3333,0,2,2,1,0.3333,2
4132,3077,1,20,1,2,14,5,4,8,6,0.8444,0,1,1,0,0.5911,2
4190,1831,5,15,3,0,18,5,2,4,4,0.6667,1,5,3,0,0.8667,2
2148,3060,3,12,2,3,9,0,7,6,2,0.3333,0,4,2,0,0.3333,2
4809,974,3,18,1,1,15,4,5,1,4,0.6667,0,1,2,0,0.6667,2
718,3889,1,28,3,1,3,0,3,0,2,0.3333,0,1,1,0,0.2333,1
4239,1153,1,17,2,0,10,4,0,4,3,0.5,1,4,2,0,0.5,2
2824,2993,4,8,0,2,12,1,5,8,12,0.0,0,0,0,0,0.0,1
4599,2634,5,35,0,1,11,0,2,11,1,0.1667,2,5,3,0,0.2167,2
1330,3527,1,35,2,2,10,3,4,1,7,0.6778,0,1,2,0,0.6778,2
2018,3315,3,13,3,0,12,3,3,7,12,0.0,0,1,2,0,0.0,1
937,3972,4,8,1,2,16,3,7,10,9,0.3444,0,2,2,1,0.3444,2
2134,3442,2,10,1,2,6,0,6,6,5,0.7556,0,3,2,2,0.7556,2
3129,2432,5,16,1,0,18,5,0,1,4,0.6667,0,1,2,0,0.6667,2
4014,2830,2,28,3,0,8,2,1,0,12,0.0,0,2,1,1,0.0,0
1789,1324,2,24,3,1,7,1,2,4,3,0.5,1,1,2,0,0.5,2
3195,683,1,17,3,0,10,4,3,13,3,0.5,0,2,2,1,0.5,2
3540,870,4,6,1,3,15,2,9,7,2,0.3333,0,4,3,0,0.4333,2
3152,646,4,34,1,2,10,0,4,0,7,0.6778,0,1,1,0,0.4745,2
4284,2488,3,25,2,1,7,0,2,9,12,0.0,0,0,2,1,0.0,1
4208,2703,5,12,2,3,18,3,6,12,1,0.1667,0,4,2,0,0.1667,2
832,724,5,22,1,0,10,0,0,4,11,0.0889,1,4,2,0,0.0889,1
3219,1981,3,10,0,2,10,1,6,5,3,0.5,2,5,3,0,0.65,2
4443,3550,1,18,0,1,11,4,3,4,5,0.7556,1,1,2,0,0.7556,2
4771,1834,2,17,1,2,14,4,5,6,8,0.5111,0,4,2,0,0.5111,2
3185,2281,1,28,3,3,9,2,6,7,5,0.7556,0,0,2,0,0.7556,2
4626,2220,1,18,3,2,8,2,4,11,2,0.3333,2,5,3,0,0.4333,2
913,2526,5,17,2,3,15,1,8,0,2,0.3333,0,2,1,1,0.2333,2
3942,1964,3,34,3,3,18,5,6,8,9,0.3444,0,1,1,0,0.2411,1
1116,1405,1,16,2,0,10,4,0,0,10,0.1778,0,2,1,1,0.1245,0
2875,3420,5,14,1,1,13,1,4,0,3,0.5,0,4,2,0,0.5,2
4895,1891,3,33,1,0,8,1,2,2,6,0.8444,1,4,2,0,0.8444,2
4932,3893,5,22,0,0,10,0,1,7,1,0.1667,0,4,3,0,0.2167,2
4202,2919,3,17,1,0,16,5,1,1,7,0.6778,0,4,2,0,0.6778,2
4338,1131,2,14,0,0,4,0,2,6,8,0.5111,0,2,2,2,0.5111,2
3237,700,4,15,3,0,12,2,1,0,7,0.6778,0,4,2,0,0.6778,2
3192,2853,4,22,3,2,14,2,6,9,10,0.1778,0,0,2,1,0.1778,1
1278,478,5,23,0,2,18,4,5,6,9,0.3444,0,0,2,1,0.3444,1
3078,1168,2,16,3,1,15,5,5,3,9,0.3444,1,3,2,2,0.3444,2
1350,3913,4,7,1,1,15,3,5,3,5,0.7556,1,3,2,2,0.7556,2
3290,1998,1,9,1,0,6,2,0,4,1,0.1667,1,5,3,0,0.2167,1
1350,940,1,18,2,2,12,4,4,5,10,0.1778,2,4,3,0,0.2311,2
3904,3036,4,15,1,1,9,0,5,6,11,0.0889,0,1,2,0,0.0889,1
2614,2335,3,13,3,1,17,5,2,3,1,0.1667,1,3,2,2,0.1667,2
1374,1386,1,17,1,2,10,3,6,10,11,0.0889,0,0,2,0,0.0889,0
3577,2881,3,29,3,0,14,4,2,0,2,0.3333,0,1,1,0,0.2333,1
4232,3540,2,29,3,2,14,4,4,0,10,0.1778,0,2,1,1,0.1245,1
4608,893,4,25,3,0,10,1,3,4,6,0.8444,1,0,2,1,0.8444,2
4047,819,1,10,1,3,5,0,8,1,2,0.3333,0,4,2,0,0.3333,1
4445,3051,1,14,1,2,4,0,6,12,11,0.0889,0,2,2,1,0.0889,1
3783,2758,4,18,3,2,16,3,5,6,9,0.3444,0,1,2,0,0.3444,2
3876,2104,3,17,2,0,8,1,3,5,3,0.5,2,5,3,0,0.65,2
3353,2295,1,15,0,2,12,4,4,11,4,0.6667,2,4,3,0,0.8667,2
1838,2793,2,16,0,0,6,1,1,6,6,0.8444,0,1,2,0,0.8444,2
4484,1768,5,11,2,2,18,5,6,1,3,0.5,0,3,2,2,0.5,2
942,3774,1,10,1,2,10,3,6,0,7,0.6778,0,1,1,0,0.4745,2
3974,3095,5,20,0,2,12,0,6,3,6,0.8444,1,3,2,2,0.8444,2
865,1833,5,20,2,0,10,0,1,7,11,0.0889,0,2,2,1,0.0889,1
4214,2142,5,18,1,0,10,0,1,9,10,0.1778,0,0,2,1,0.1778,1
861,1832,3,34,2,1,13,3,3,2,5,0.7556,1,5,3,0,0.9823,2
4605,1841,1,29,0,3,5,0,9,0,10,0.1778,0,1,1,0,0.1245,1
2247,2893,4,17,0,2,14,2,6,8,11,0.0889,0,5,1,0,0.0622,1
3150,2798,3,21,2,3,17,4,6,8,6,0.8444,0,1,1,0,0.5911,2
3860,409,2,21,0,2,8,1,7,9,11,0.0889,0,0,2,1,0.0889,1
1434,1699,3,30,1,2,14,3,4,1,12,0.0,0,4,2,0,0.0,1
1938,999,1,18,0,3,15,5,7,10,10,0.1778,0,0,2,0,0.1778,1
1044,2880,5,24,0,3,18,5,8,6,9,0.3444,0,0,2,1,0.3444,2
4055,910,1,17,1,0,8,3,3,9,11,0.0889,0,0,2,1,0.0889,0
4274,974,5,11,3,3,18,4,8,0,5,0.7556,0,1,1,0,0.5289,2
1189,1564,2,14,3,1,9,2,2,7,5,0.7556,0,0,2,0,0.7556,2
1825,1045,1,25,1,1,11,4,3,6,4,0.6667,0,2,2,2,0.6667,2
2548,3734,2,19,0,0,14,5,3,7,2,0.3333,0,0,2,0,0.3333,1
2789,2340,2,26,2,0,12,4,2,4,9,0.3444,1,5,3,0,0.4477,2
2820,1404,5,19,0,2,18,3,4,0,9,0.3444,0,4,2,0,0.3444,2
1305,1072,2,15,1,3,15,4,6,3,9,0.3444,1,3,2,2,0.3444,2
4358,3529,5,14,3,2,18,3,4,2,4,0.6667,1,0,2,1,0.6667,2
4570,3587,2,22,1,1,15,5,2,12,8,0.5111,0,2,2,1,0.5111,2
4004,1486,4,15,2,3,15,2,7,12,10,0.1778,0,0,2,0,0.1778,1
3639,3448,3,25,2,3,18,5,6,4,9,0.3444,1,4,2,0,0.3444,2
2175,1661,5,7,2,1,17,3,5,8,5,0.7556,0,1,1,0,0.5289,2
3977,964,4,20,2,2,10,0,5,4,11,0.0889,1,5,3,0,0.1156,2
1482,959,1,24,1,3,11,3,8,4,3,0.5,1,1,2,0,0.5,2
1295,921,1,5,1,3,13,4,8,11,4,0.6667,2,4,3,0,0.8667,2
1443,3661,4,27,3,0,12,2,2,8,12,0.0,0,0,0,0,0.0,0
3114,970,5,5,3,3,18,5,6,3,12,0.0,1,0,2,1,0.0,2
646,3945,4,21,0,0,18,5,3,3,4,0.6667,1,3,2,2,0.6667,2
2604,3015,5,7,1,3,15,1,7,11,9,0.3444,2,5,3,0,0.4477,2
1835,3129,5,12,1,0,12,1,3,2,1,0.1667,1,4,2,0,0.1667,2
2385,2555,1,11,2,2,10,3,5,10,9,0.3444,0,4,2,0,0.3444,2
2431,2994,3,32,3,3,17,4,8,1,2,0.3333,0,1,2,0,0.3333,2
3675,550,2,19,1,3,9,1,9,6,1,0.1667,0,1,2,0,0.1667,1
4819,2960,3,20,2,3,18,5,6,6,4,0.6667,0,2,2,2,0.6667,2
3683,3689,2,10,3,3,9,1,7,4,2,0.3333,1,5,3,0,0.4333,2
2593,1547,5,20,0,2,18,4,5,3,9,0.3444,1,2,2,2,0.3444,2
1358,754,5,11,2,0,10,0,1,6,11,0.0889,0,2,2,2,0.0889,1
4217,3718,4,25,2,1,11,1,2,6,10,0.1778,0,0,2,1,0.1778,1
2676,1364,2,32,3,2,10,2,7,2,10,0.1778,1,1,2,1,0.1778,1
1926,1176,1,12,2,2,8,2,6,7,1,0.1667,0,4,3,0,0.2167,1
1553,3539,3,22,3,1,15,4,2,10,11,0.0889,0,0,2,0,0.0889,1
1388,3858,3,11,3,2,8,0,5,10,11,0.0889,0,0,2,0,0.0889,1
725,1822,4,24,0,1,17,4,2,0,2,0.3333,0,2,1,1,0.2333,1
4902,1327,5,25,2,2,18,4,5,0,8,0.5111,0,2,1,1,0.3578,2
1055,2560,1,15,2,1,7,2,3,6,6,0.8444,0,3,2,2,0.8444,2
625,3040,2,13,1,2,8,1,6,10,5,0.7556,0,2,2,1,0.7556,2
1166,2707,1,29,0,2,12,4,7,4,3,0.5,1,4,2,0,0.5,2
3405,3714,1,33,3,3,5,0,7,10,2,0.3333,0,2,2,1,0.3333,1
4197,1813,2,36,2,2,8,1,7,6,11,0.0889,0,0,2,1,0.0889,0
4967,2523,2,4,0,1,15,5,5,2,2,0.3333,1,4,2,0,0.3333,2
654,706,5,15,0,3,13,0,6,8,5,0.7556,0,0,0,0,0.3022,2
1899,2082,5,6,0,0,12,1,1,8,1,0.1667,0,4,1,0,0.1167,2
4512,442,2,17,2,2,12,3,5,0,9,0.3444,0,2,1,1,0.2411,1
4784,1506,2,10,1,1,11,3,4,6,5,0.7556,0,3,2,2,0.7556,2
3138,2064,3,18,3,2,14,3,6,13,12,0.0,0,0,2,0,0.0,1
3736,1631,1,16,0,3,11,3,9,2,1,0.1667,1,5,3,0,0.2167,2
2042,3861,5,23,1,0,14,2,3,8,8,0.5111,0,0,0,0,0.2044,1
4158,2941,3,28,2,0,12,3,0,0,1,0.1667,0,2,1,1,0.1167,1
2004,2729,1,11,1,3,15,5,6,0,11,0.0889,0,0,1,0,0.0622,1
2244,3216,3,17,1,1,15,4,5,0,9,0.3444,0,1,1,0,0.2411,1
3524,2431,2,15,2,0,6,1,0,1,12,0.0,0,3,2,2,0.0,1
4332,1362,3,25,3,1,15,4,4,10,8,0.5111,0,2,2,1,0.5111,2
3210,886,3,20,0,1,9,1,3,10,4,0.6667,0,4,2,0,0.6667,2
2575,2684,4,27,1,2,12,1,4,2,6,0.8444,1,0,2,1,0.8444,2
2969,1362,3,3,3,0,6,0,2,0,2,0.3333,0,2,1,1,0.2333,2
2238,3629,1,33,0,0,10,4,0,9,12,0.0,0,4,2,0,0.0,0
2321,2378,1,18,0,0,6,2,0,0,8,0.5111,0,1,1,0,0.3578,1
3874,402,1,24,1,0,4,1,2,1,10,0.1778,0,1,2,0,0.1778,0
2378,730,5,29,1,2,12,0,4,8,8,0.5111,0,0,0,0,0.2044,1
1068,1240,2,7,0,2,14,4,4,3,5,0.7556,1,3,2,2,0.7556,2
1485,3711,1,26,2,1,11,4,4,10,12,0.0,0,0,2,0,0.0,0
3873,2259,5,17,2,2,18,4,4,0,1,0.1667,0,1,1,0,0.1167,1
4672,1626,3,14,3,0,6,0,0,13,3,0.5,0,4,2,0,0.5,2
3196,1821,4,33,2,0,10,1,3,0,4,0.6667,0,1,1,0,0.4667,2
2328,3092,3,27,3,2,12,2,5,9,2,0.3333,0,0,2,1,0.3333,1
3039,1749,3,10,0,2,10,1,7,6,3,0.5,0,0,2,1,0.5,2
4439,977,3,26,1,2,10,1,5,0,1,0.1667,0,4,2,0,0.1667,1
2938,1640,5,8,0,0,18,4,0,10,9,0.3444,0,2,2,1,0.3444,2
4689,3070,4,11,2,2,14,2,5,13,4,0.6667,0,2,2,1,0.6667,2
3302,2657,4,13,2,0,12,2,2,6,3,0.5,0,0,2,1,0.5,2
4928,1192,1,28,1,2,12,4,4,11,4,0.6667,2,1,2,0,0.6667,2
2914,3849,4,21,3,0,14,3,3,6,9,0.3444,0,1,2,0,0.3444,1
1029,2734,3,10,3,3,13,2,8,2,12,0.0,1,0,2,1,0.0,2
1816,2974,2,24,2,0,4,0,2,13,3,0.5,0,0,2,0,0.5,1
1689,687,3,24,1,0,12,3,3,12,10,0.1778,0,2,2,1,0.1778,1
4025,609,1,14,3,2,14,5,4,6,3,0.5,0,2,2,2,0.5,2
2401,3718,2,13,2,0,4,0,1,0,6,0.8444,0,1,1,0,0.5911,2
2427,3217,1,36,3,3,13,4,9,8,10,0.1778,0,5,1,0,0.1245,1
3163,2876,2,15,0,2,8,1,4,6,5,0.7556,0,1,2,0,0.7556,2
4021,3093,5,20,1,3,18,3,6,4,1,0.1667,1,1,2,0,0.1667,2
4088,3310,5,28,0,2,12,0,4,9,3,0.5,0,0,2,1,0.5,2
2782,2889,4,16,1,1,11,1,2,1,9,0.3444,0,4,2,0,0.3444,2
3093,3755,4,14,3,0,8,0,2,6,3,0.5,0,1,2,0,0.5,2
2804,564,5,15,3,0,14,2,1,2,9,0.3444,1,1,2,1,0.3444,2
2570,1624,1,6,3,0,10,4,1,4,2,0.3333,1,3,2,2,0.3333,2
3338,599,1,6,0,2,14,5,4,6,6,0.8444,0,1,2,0,0.8444,2
2850,3185,3,19,0,0,8,1,0,5,10,0.1778,2,5,3,0,0.2311,2
2335,2617,2,22,3,2,16,5,7,1,3,0.5,0,1,2,0,0.5,2
730,3494,3,23,1,3,13,2,6,4,5,0.7556,1,3,2,2,0.7556,2
4645,3794,4,10,2,1,15,3,4,1,1,0.1667,0,4,2,0,0.1667,2
1699,2993,5,30,3,0,18,5,0,6,2,0.3333,0,3,2,2,0.3333,2
3651,1977,3,35,3,3,15,3,6,3,5,0.7556,1,3,2,2,0.7556,2
4632,2103,3,31,3,2,14,3,4,10,5,0.7556,0,4,2,0,0.7556,2
4537,2435,4,24,2,2,14,2,7,8,5,0.7556,0,0,0,0,0.3022,2
4284,3025,5,10,1,1,18,4,5,0,6,0.8444,0,0,1,0,0.5911,2
1648,1767,4,6,2,1,15,3,3,7,5,0.7556,0,2,2,1,0.7556,2
2468,3715,3,15,1,2,10,1,4,11,10,0.1778,2,5,3,0,0.2311,2
614,3043,1,32,0,3,9,2,7,9,10,0.1778,0,4,2,0,0.1778,1
2319,2018,4,17,1,0,8,0,0,12,12,0.0,0,0,2,0,0.0,1
4559,2242,5,31,0,0,10,0,3,4,2,0.3333,1,4,2,0,0.3333,2
3315,3843,2,20,0,3,15,4,9,3,1,0.1667,1,3,2,2,0.1667,2
2802,1912,5,12,3,3,15,1,7,8,2,0.3333,0,1,1,0,0.2333,2
1722,3097,2,12,3,0,12,4,1,3,9,0.3444,1,2,2,2,0.3444,2
4646,3589,5,15,2,1,17,3,3,4,3,0.5,1,3,2,2,0.5,2
1379,727,1,35,0,0,4,1,2,11,2,0.3333,2,5,3,0,0.4333,2
1051,3231,1,18,3,2,4,0,5,12,8,0.5111,0,2,2,1,0.5111,2
4898,1005,4,11,3,2,12,1,7,10,1,0.1667,0,2,2,1,0.1667,2
2326,3835,3,28,2,1,17,5,5,1,5,0.7556,0,3,2,2,0.7556,2
2902,1087,4,35,3,0,16,4,2,10,5,0.7556,0,0,2,0,0.7556,2
2069,1865,2,11,1,2,10,2,4,10,11,0.0889,0,2,2,1,0.0889,1
725,2492,1,7,1,2,12,4,4,3,3,0.5,1,3,2,2,0.5,2
4884,1509,3,26,2,1,9,1,2,7,5,0.7556,0,0,2,0,0.7556,2
861,2184,2,14,1,2,6,0,5,10,2,0.3333,0,0,2,0,0.3333,1
3429,1940,4,19,1,1,18,5,2,11,7,0.6778,2,5,3,0,0.8811,2
2473,2166,3,24,2,2,10,1,7,10,4,0.6667,0,4,2,0,0.6667,2
1387,3277,5,18,3,0,18,5,1,10,11,0.0889,0,0,2,0,0.0889,1
3374,2617,2,18,3,2,8,1,6,2,5,0.7556,1,5,3,0,0.9823,2
1468,927,2,6,0,2,8,1,7,4,8,0.5111,1,4,2,0,0.5111,2
3637,3533,4,20,2,0,12,2,2,6,9,0.3444,0,2,2,2,0.3444,2
1538,3328,3,23,1,3,15,3,9,10,7,0.6778,0,0,2,0,0.6778,2
956,522,2,28,2,1,9,2,3,1,7,0.6778,0,1,2,0,0.6778,2
1157,3202,2,25,0,2,12,3,4,3,12,0.0,1,3,2,2,0.0,2
3982,1803,1,23,1,3,9,2,7,10,4,0.6667,0,2,2,1,0.6667,2
1863,3543,4,10,0,3,18,4,8,1,9,0.3444,0,1,2,0,0.3444,2
2882,3891,1,24,0,1,5,1,4,6,11,0.0889,0,1,2,0,0.0889,0
4696,2540,1,12,1,1,13,5,3,5,6,0.8444,2,5,3,0,1.0,2
3778,3856,5,8,0,1,13,1,3,9,4,0.6667,0,4,2,0,0.6667,2
2863,2879,5,13,1,2,18,3,5,12,7,0.6778,0,4,2,0,0.6778,2
2324,1485,5,24,3,2,18,4,6,9,1,0.1667,0,4,2,0,0.1667,1
1989,2855,2,17,3,3,13,3,9,7,10,0.1778,0,0,2,0,0.1778,1
2176,3193,4,12,1,3,15,2,8,5,9,0.3444,2,4,3,0,0.4477,2
3149,1600,1,12,1,1,13,5,2,7,7,0.6778,0,2,2,1,0.6778,2
4953,2122,4,11,0,3,18,4,6,0,3,0.5,0,1,1,0,0.35,2
2171,2570,1,24,1,3,5,0,9,11,11,0.0889,2,4,3,0,0.1156,2
3528,598,1,18,1,0,4,1,3,8,3,0.5,0,0,0,0,0.2,1
1982,2135,1,34,2,1,11,4,3,10,11,0.0889,0,0,2,0,0.0889,0
4345,1472,5,27,0,2,12,0,5,4,8,0.5111,1,4,2,0,0.5111,2
1723,1898,1,32,1,3,9,2,9,6,2,0.3333,0,1,2,0,0.3333,1
2238,2284,1,16,0,1,5,1,2,6,5,0.7556,0,0,2,1,0.7556,1
1480,3652,5,24,2,3,18,5,9,5,11,0.0889,2,5,3,0,0.1156,2
1352,2031,3,18,1,1,15,4,3,6,10,0.1778,0,0,2,1,0.1778,1
3364,1325,5,17,2,2,18,5,6,3,12,0.0,1,0,2,1,0.0,2
1552,1304,2,26,2,1,15,5,2,9,12,0.0,0,4,2,0,0.0,1
3043,616,1,32,3,3,13,4,9,2,8,0.5111,1,5,3,0,0.6644,2
2208,412,3,25,3,1,7,0,5,9,12,0.0,0,4,2,0,0.0,1
2225,2534,1,14,1,2,4,0,4,6,5,0.7556,0,2,2,2,0.7556,2
2124,2088,3,32,1,3,11,1,6,0,2,0.3333,0,2,1,1,0.2333,1
3527,1154,2,4,1,3,13,3,6,3,1,0.1667,1,1,2,1,0.1667,2
2984,839,5,10,0,1,15,2,5,3,11,0.0889,1,3,2,2,0.0889,2
2938,701,5,22,1,3,18,3,7,2,12,0.0,1,0,2,1,0.0,2
2619,3375,3,11,0,3,9,0,9,3,5,0.7556,1,3,2,2,0.7556,2
1336,1720,2,6,3,2,12,3,4,6,5,0.7556,0,3,2,2,0.7556,2
1190,3412,2,21,1,2,10,2,7,0,12,0.0,0,1,1,0,0.0,1
4576,2659,1,28,1,2,12,4,5,6,5,0.7556,0,2,2,2,0.7556,2
2243,1454,2,17,3,2,6,0,6,4,4,0.6667,1,1,2,0,0.6667,2
2286,2399,5,20,0,3,13,0,9,6,6,0.8444,0,0,2,1,0.8444,2
1065,2113,3,30,2,2,16,4,4,1,3,0.5,0,1,2,0,0.5,2
762,2588,2,19,0,2,12,3,4,6,9,0.3444,0,0,2,1,0.3444,1
4662,3347,3,10,0,1,17,5,5,8,9,0.3444,0,0,0,0,0.1378,2
3377,1523,3,18,2,3,18,5,8,9,12,0.0,0,2,2,1,0.0,1
1812,3447,3,13,3,3,15,3,7,0,3,0.5,0,1,1,0,0.35,2
4163,656,2,8,0,1,13,4,2,0,4,0.6667,0,4,2,0,0.6667,2
4448,519,1,15,2,2,4,0,7,6,5,0.7556,0,2,2,2,0.7556,2
859,3023,1,19,3,3,9,2,7,0,4,0.6667,0,1,1,0,0.4667,2
1524,2155,1,20,3,0,2,0,0,10,3,0.5,0,4,2,0,0.5,1
3018,1590,4,27,0,0,10,1,3,7,11,0.0889,0,1,2,0,0.0889,1
3093,1622,5,31,0,1,18,4,4,0,7,0.6778,0,1,1,0,0.4745,2
2312,3908,2,28,1,3,17,5,7,0,5,0.7556,0,4,2,0,0.7556,2
4126,3617,2,18,2,2,12,3,6,7,8,0.5111,0,0,2,0,0.5111,2
3420,1208,3,10,3,1,7,0,5,4,12,0.0,1,0,2,1,0.0,1
1865,3528,5,14,2,0,10,0,2,6,9,0.3444,0,4,2,0,0.3444,2
4344,2861,2,27,2,2,12,3,5,10,7,0.6778,0,0,2,0,0.6778,2
3899,3641,2,26,1,1,11,3,3,0,2,0.3333,0,1,1,0,0.2333,1
2417,3563,5,28,1,2,14,1,5,6,11,0.0889,0,2,2,2,0.0889,1
3885,1786,2,22,3,3,9,1,9,11,9,0.3444,2,5,3,0,0.4477,2
4867,1421,2,10,0,0,4,0,1,0,3,0.5,0,1,1,0,0.35,1
815,2090,3,33,1,2,12,2,4,9,12,0.0,0,0,2,1,0.0,1
4602,1693,2,20,2,0,12,4,1,9,12,0.0,0,1,2,0,0.0,1
3803,665,5,27,2,0,18,4,1,5,8,0.5111,2,5,3,0,0.6644,2
2024,1783,5,26,0,1,11,0,2,0,8,0.5111,0,2,1,1,0.3578,2
4042,3045,2,15,1,0,12,4,3,6,11,0.0889,0,0,2,1,0.0889,0
3426,3847,1,20,0,3,5,0,6,9,5,0.7556,0,4,2,0,0.7556,2
3630,1643,4,14,2,2,14,2,4,12,1,0.1667,0,4,2,0,0.1667,1
3897,2935,1,7,0,2,6,1,4,0,9,0.3444,0,4,2,0,0.3444,2
3267,2721,5,23,2,2,18,3,4,6,4,0.6667,0,0,2,1,0.6667,2
3021,3447,4,10,0,2,18,5,6,1,7,0.6778,0,4,2,0,0.6778,2
2272,2130,4,7,1,1,13,2,2,3,12,0.0,1,3,2,2,0.0,2
2001,3654,1,29,2,3,5,0,6,6,8,0.5111,0,2,2,2,0.5111,2
814,1073,1,23,0,1,7,2,5,6,4,0.6667,0,2,2,2,0.6667,2
3936,569,2,21,1,0,8,2,3,4,1,0.1667,1,5,3,0,0.2167,1
2127,2650,5,6,1,3,18,5,9,1,1,0.1667,0,4,2,0,0.1667,2
3686,2105,5,10,2,3,15,1,8,1,9,0.3444,0,1,2,0,0.3444,2
4331,855,5,8,0,2,12,0,5,8,4,0.6667,0,0,0,0,0.2667,2
2115,3484,5,31,0,3,13,0,6,0,12,0.0,0,1,1,0,0.0,1
3197,1576,5,32,0,2,12,0,4,9,1,0.1667,0,2,2,1,0.1667,1
1550,1217,2,14,0,1,11,3,4,7,3,0.5,0,0,2,0,0.5,1
3705,2402,2,25,3,1,7,1,4,11,9,0.3444,2,5,3,0,0.4477,2
4832,580,1,12,1,0,12,5,3,2,6,0.8444,1,4,2,0,0.8444,2
1186,3650,3,18,0,3,17,4,9,4,5,0.7556,1,1,2,0,0.7556,2
2574,1458,5,14,3,1,15,2,2,6,11,0.0889,0,4,2,0,0.0889,1
2768,3329,2,24,2,0,12,4,2,11,4,0.6667,2,5,3,0,0.8667,2
1030,3136,2,12,2,3,13,3,7,0,9,0.3444,0,1,1,0,0.2411,2
1874,3637,5,14,2,3,15,1,8,0,1,0.1667,0,1,1,0,0.1167,2
4469,1947,4,16,3,0,14,3,3,9,1,0.1667,0,0,2,1,0.1667,1
2208,3668,2,32,1,3,15,4,8,3,7,0.6778,1,0,2,1,0.6778,2
1821,2339,3,18,3,2,14,3,4,12,8,0.5111,0,4,2,0,0.5111,2
4011,3982,3,18,3,2,18,5,5,0,8,0.5111,0,4,2,0,0.5111,2
3038,2343,2,23,3,0,14,5,0,0,11,0.0889,0,1,1,0,0.0622,0
1452,1509,1,6,2,0,2,0,1,4,8,0.5111,1,5,3,0,0.6644,2
2147,2017,4,26,0,1,13,2,3,11,4,0.6667,2,5,3,0,0.8667,2
967,637,3,14,2,1,13,3,3,9,1,0.1667,0,0,2,1,0.1667,1
2066,1411,5,24,1,2,18,4,6,0,3,0.5,0,4,2,0,0.5,2
3016,2576,3,30,1,3,13,2,7,9,4,0.6667,0,0,2,1,0.6667,2
2887,3628,5,12,0,3,17,2,6,4,8,0.5111,1,5,3,0,0.6644,2
2061,1173,5,4,0,3,18,4,7,5,1,0.1667,2,5,3,0,0.2167,2
3349,2201,4,17,2,0,10,1,3,0,1,0.1667,0,0,1,0,0.1167,1
3552,714,1,20,1,2,12,4,6,9,6,0.8444,0,2,2,1,0.8444,2
685,2906,1,6,2,3,13,4,6,3,11,0.0889,1,1,2,1,0.0889,2
4092,2510,1,25,1,0,8,3,2,0,7,0.6778,0,2,1,1,0.4745,1
1423,2374,3,12,3,0,12,3,1,12,5,0.7556,0,4,2,0,0.7556,2
2809,3522,4,28,2,2,12,1,7,0,11,0.0889,0,2,1,1,0.0622,1
2004,431,3,6,3,1,11,2,5,6,10,0.1778,0,1,2,0,0.1778,1
1962,2828,3,14,0,0,6,0,0,8,7,0.6778,0,0,0,0,0.2711,1
1493,3810,3,20,2,1,11,2,3,0,2,0.3333,0,2,1,1,0.2333,1
3674,1819,3,25,0,1,15,4,5,6,12,0.0,0,0,2,1,0.0,1
4939,3573,2,18,2,3,13,3,8,6,8,0.5111,0,2,2,2,0.5111,2
2286,3273,3,17,0,1,15,4,2,8,4,0.6667,0,0,0,0,0.2667,1
1670,3044,5,35,2,2,16,2,5,7,4,0.6667,0,0,2,0,0.6667,2
4028,1116,1,18,2,2,6,1,4,4,2,0.3333,1,4,2,0,0.3333,2
1538,521,2,18,1,3,17,5,6,4,11,0.0889,1,1,2,0,0.0889,1
1077,3045,4,17,0,1,18,5,2,9,1,0.1667,0,2,2,1,0.1667,2
634,3945,3,36,0,0,10,2,2,5,12,0.0,2,5,3,0,0.0,2
3548,2859,2,36,2,2,14,4,6,11,3,0.5,2,1,2,0,0.5,2
2948,3627,4,36,1,0,10,1,2,0,7,0.6778,0,1,1,0,0.4745,2
3948,1825,4,12,1,3,18,4,8,2,2,0.3333,1,5,3,0,0.4333,2
3371,919,5,7,3,2,18,5,4,3,1,0.1667,1,3,2,2,0.1667,2
1815,1581,3,11,0,0,16,5,2,10,11,0.0889,0,4,2,0,0.0889,1
3860,2443,2,10,2,1,5,0,3,8,3,0.5,0,0,0,0,0.2,1
783,2942,3,18,0,3,9,0,8,11,9,0.3444,2,5,3,0,0.4477,2
3960,2578,1,17,1,1,11,4,3,11,1,0.1667,2,5,3,0,0.2167,2
1733,3116,5,11,1,3,15,1,9,0,7,0.6778,0,2,1,1,0.4745,2
979,634,5,18,0,2,18,3,6,0,9,0.3444,0,2,1,1,0.2411,2
3959,3041,5,15,0,0,18,4,3,6,1,0.1667,0,2,2,2,0.1667,2
2224,1272,4,17,1,3,18,5,8,6,11,0.0889,0,4,2,0,0.0889,1
3389,2411,2,10,0,3,17,5,7,12,8,0.5111,0,2,2,1,0.5111,2
2483,2229,4,9,3,0,14,3,2,13,9,0.3444,0,2,2,1,0.3444,2
4689,1948,3,18,2,2,8,0,7,4,11,0.0889,1,3,2,2,0.0889,2
1802,3913,3,7,3,0,16,5,2,10,3,0.5,0,0,2,0,0.5,2
643,2693,4,21,1,3,17,3,8,1,5,0.7556,0,1,2,0,0.7556,2
1068,2391,3,11,3,0,6,0,1,5,4,0.6667,2,5,3,0,0.8667,2
2125,1451,2,18,1,1,7,1,4,4,12,0.0,1,5,3,0,0.0,1
4457,3136,2,24,3,2,8,1,5,0,7,0.6778,0,1,1,0,0.4745,2
810,868,3,18,1,3,18,5,8,8,9,0.3444,0,4,1,0,0.2411,1
2310,2719,2,32,0,1,11,3,2,10,10,0.1778,0,0,2,0,0.1778,0
1100,2258,1,3,1,2,14,5,5,6,4,0.6667,0,1,2,0,0.6667,2
1726,1515,5,15,2,1,17,3,5,9,8,0.5111,0,4,2,0,0.5111,2
4218,2540,1,9,1,3,9,2,7,1,3,0.5,0,1,2,0,0.5,2
4383,3111,2,29,2,2,14,4,6,8,8,0.5111,0,1,1,0,0.3578,1
4082,1174,1,17,1,1,7,2,5,0,6,0.8444,0,1,1,0,0.5911,2
3286,2214,1,7,2,2,4,0,6,1,9,0.3444,0,3,2,2,0.3444,2
2821,632,3,13,2,0,16,5,1,0,2,0.3333,0,2,1,1,0.2333,1
3815,3923,3,11,1,3,17,4,9,7,5,0.7556,0,1,2,0,0.7556,2
4867,1655,2,26,2,3,11,2,9,5,10,0.1778,2,5,3,0,0.2311,2
3549,640,1,10,1,2,6,1,6,9,11,0.0889,0,1,2,0,0.0889,0
1882,3870,3,24,0,2,12,2,7,1,2,0.3333,0,1,2,0,0.3333,2
3197,3275,5,32,3,3,15,1,7,0,12,0.0,0,0,1,0,0.0,1
2049,3081,5,11,0,3,18,5,6,7,7,0.6778,0,0,2,0,0.6778,2
4530,1160,4,23,0,0,8,0,1,8,10,0.1778,0,0,0,0,0.0711,0
2990,3170,3,20,1,2,8,0,5,6,9,0.3444,0,1,2,0,0.3444,1
1579,1553,5,20,0,1,17,3,5,7,12,0.0,0,0,2,0,0.0,1
2376,2638,2,36,1,1,11,3,4,10,11,0.0889,0,4,2,0,0.0889,1
4888,1324,1,13,2,3,13,4,7,7,3,0.5,0,0,2,0,0.5,2
4118,3881,4,35,1,3,18,4,8,5,5,0.7556,2,4,3,0,0.9823,2
4160,1631,1,27,2,2,10,3,7,6,5,0.7556,0,1,2,0,0.7556,2
623,3484,5,27,0,1,17,3,4,2,1,0.1667,1,0,2,1,0.1667,2
3514,1502,3,5,2,2,8,0,7,8,9,0.3444,0,0,0,0,0.1378,2
2770,1891,4,10,0,0,14,3,3,0,3,0.5,0,1,1,0,0.35,2
4332,3855,3,10,2,0,16,5,1,5,12,0.0,2,4,3,0,0.0,2
1382,1741,3,10,3,3,17,4,9,6,5,0.7556,0,4,2,0,0.7556,2
3901,3249,2,18,0,3,13,3,9,7,5,0.7556,0,1,2,0,0.7556,2
4285,1740,4,18,2,3,18,4,9,6,3,0.5,0,0,2,1,0.5,2
2819,2078,4,9,3,1,18,5,5,2,4,0.6667,1,1,2,1,0.6667,2
3721,1164,3,23,2,2,14,3,4,1,2,0.3333,0,4,2,0,0.3333,2
2696,1417,4,32,0,2,18,5,6,6,7,0.6778,0,2,2,2,0.6778,2
1074,2140,5,14,3,3,15,1,9,10,11,0.0889,0,2,2,1,0.0889,2
2986,1729,1,11,1,0,4,1,0,0,12,0.0,0,2,1,1,0.0,0
3589,631,2,17,0,0,14,5,1,4,7,0.6778,1,3,2,2,0.6778,2
3817,2300,5,18,2,2,18,3,6,5,4,0.6667,2,4,3,0,0.8667,2
3005,2045,5,28,3,0,12,1,0,7,8,0.5111,0,2,2,1,0.5111,2
3277,2843,3,31,2,0,14,4,0,11,2,0.3333,2,5,3,0,0.4333,2
3822,1716,2,14,1,3,13,3,8,7,9,0.3444,0,2,2,1,0.3444,2
4280,1026,1,8,0,0,2,0,1,11,6,0.8444,2,5,3,0,1.0,2
713,3689,4,28,1,0,16,4,2,1,9,0.3444,0,4,2,0,0.3444,2
1144,3577,3,25,2,0,16,5,0,2,1,0.1667,1,4,2,0,0.1667,1
4147,3110,5,18,0,2,12,0,4,7,8,0.5111,0,2,2,1,0.5111,2
3417,507,1,12,1,2,10,3,7,9,10,0.1778,0,0,2,1,0.1778,1
2999,2621,2,28,3,3,7,0,6,10,5,0.7556,0,4,2,0,0.7556,2
1723,2481,3,10,1,3,11,1,7,0,3,0.5,0,2,1,1,0.35,2
4160,3793,4,25,1,0,12,2,1,4,2,0.3333,1,1,2,0,0.3333,2
4459,2115,2,28,0,0,4,0,2,5,5,0.7556,2,4,3,0,0.9823,2
919,3559,5,28,0,3,15,1,8,12,11,0.0889,0,4,2,0,0.0889,1
4041,3218,4,35,1,1,17,4,4,0,5,0.7556,0,1,1,0,0.5289,2
2138,835,3,13,1,1,9,1,2,7,1,0.1667,0,4,3,0,0.2167,1
1875,2881,1,8,1,3,15,5,7,11,3,0.5,2,5,3,0,0.65,2
2602,576,2,36,2,1,11,3,4,0,4,0.6667,0,1,1,0,0.4667,2
2959,2613,2,17,0,0,10,3,2,11,12,0.0,2,5,3,0,0.0,2
2261,1387,2,36,3,2,16,5,6,4,2,0.3333,1,4,2,0,0.3333,2
1174,3660,3,12,1,2,12,2,5,12,7,0.6778,0,0,2,0,0.6778,2
4619,2111,2,14,0,3,15,4,7,0,9,0.3444,0,1,1,0,0.2411,1
3220,3864,1,10,0,1,7,2,3,6,11,0.0889,0,1,2,0,0.0889,1
845,2968,4,13,0,3,18,4,7,9,9,0.3444,0,2,2,1,0.3444,2
4364,3660,1,3,2,2,10,3,6,7,9,0.3444,0,0,2,0,0.3444,2
4578,2900,3,27,2,3,11,1,6,12,5,0.7556,0,0,2,0,0.7556,2
1341,1184,2,14,0,3,13,3,6,10,12,0.0,0,4,2,0,0.0,1
3945,2263,1,30,3,2,6,1,6,5,5,0.7556,2,4,3,0,0.9823,2
1846,1549,3,21,2,2,8,0,5,9,5,0.7556,0,4,2,0,0.7556,2
3583,1841,3,18,3,0,16,5,0,7,2,0.3333,0,2,2,1,0.3333,1
1822,526,5,18,1,3,15,1,6,6,11,0.0889,0,0,2,1,0.0889,1
3333,3799,4,15,2,3,11,0,7,8,8,0.5111,0,0,0,0,0.2044,2
4013,2599,3,21,2,0,8,1,2,1,6,0.8444,0,1,2,0,0.8444,2
2150,1594,4,13,2,1,11,1,4,4,5,0.7556,1,5,3,0,0.9823,2
901,3417,1,34,0,3,5,0,8,6,4,0.6667,0,1,2,0,0.6667,2
1288,3654,4,7,0,2,12,1,5,8,3,0.5,0,0,0,0,0.2,2
3612,3143,3,29,0,3,11,1,6,7,11,0.0889,0,4,3,0,0.1156,1
2974,2671,1,21,2,3,7,1,7,0,12,0.0,0,1,1,0,0.0,0
3703,3456,1,6,0,3,5,0,8,10,8,0.5111,0,4,2,0,0.5111,2
3190,3027,2,30,1,0,6,1,2,9,1,0.1667,0,4,2,0,0.1667,1
2677,1110,5,31,2,3,17,2,8,3,4,0.6667,1,3,2,2,0.6667,2
1259,3668,5,14,2,1,18,5,5,3,12,0.0,1,3,2,2,0.0,2
663,3935,4,36,2,2,10,0,4,3,6,0.8444,1,3,2,2,0.8444,2
1857,1588,3,28,1,2,10,1,5,9,1,0.1667,0,0,2,1,0.1667,1
2043,845,4,14,1,1,15,3,2,0,3,0.5,0,0,1,0,0.35,2
1874,2508,2,4,1,1,7,1,3,6,8,0.5111,0,4,2,0,0.5111,2
1833,3823,5,25,2,1,17,3,4,4,8,0.5111,1,1,2,0,0.5111,2
792,424,5,20,2,1,18,4,5,0,2,0.3333,0,2,1,1,0.2333,2
2158,2138,5,14,0,2,18,5,6,8,1,0.1667,0,4,1,0,0.1167,1
2059,3894,2,15,0,3,15,4,9,4,7,0.6778,1,4,2,0,0.6778,2
4307,3206,3,11,3,3,17,4,8,0,12,0.0,0,1,1,0,0.0,2
1812,982,5,17,3,0,18,5,0,4,12,0.0,1,3,2,2,0.0,2
3329,1005,5,17,0,2,16,2,6,10,4,0.6667,0,4,2,0,0.6667,2
1466,3244,3,16,1,3,18,5,9,6,11,0.0889,0,2,2,2,0.0889,2
3847,1858,4,13,1,2,16,3,4,12,3,0.5,0,2,2,1,0.5,2
1045,1736,4,34,1,2,18,4,5,7,3,0.5,0,0,2,0,0.5,2
856,2204,1,21,1,3,15,5,6,6,10,0.1778,0,2,2,2,0.1778,1
1568,924,4,28,0,0,14,3,1,9,7,0.6778,0,0,2,1,0.6778,2
1133,2817,5,18,0,2,12,0,4,6,5,0.7556,0,0,2,1,0.7556,2
3039,1714,5,7,2,2,16,2,5,9,10,0.1778,0,2,2,1,0.1778,2
1014,2134,4,7,2,1,9,0,5,3,12,0.0,1,3,2,2,0.0,2
2156,2092,4,10,3,1,9,0,4,1,11,0.0889,0,4,2,0,0.0889,1
1976,2186,2,31,2,3,11,2,8,7,8,0.5111,0,2,2,1,0.5111,2
1883,667,5,14,2,3,13,0,9,0,2,0.3333,0,0,1,0,0.2333,1
1273,901,5,13,0,0,10,0,3,6,7,0.6778,0,0,2,1,0.6778,2
4931,2828,3,16,2,3,17,4,9,5,3,0.5,2,5,3,0,0.65,2
3231,2732,3,11,0,2,16,4,6,2,7,0.6778,1,4,2,0,0.6778,2
633,3305,2,29,1,2,16,5,6,9,1,0.1667,0,0,2,1,0.1667,1
1300,1090,4,28,3,0,12,2,0,10,6,0.8444,0,2,2,1,0.8444,2
1283,1612,1,36,3,1,5,1,3,6,3,0.5,0,2,2,2,0.5,1
2400,1873,2,11,1,3,11,2,6,6,11,0.0889,0,0,2,1,0.0889,0
3424,913,1,28,2,1,13,5,2,9,11,0.0889,0,2,2,1,0.0889,1
3974,2995,2,28,3,3,7,0,9,13,2,0.3333,0,1,2,0,0.3333,1
4661,2243,5,8,3,2,16,2,4,4,2,0.3333,1,3,2,2,0.3333,2
744,3039,4,28,2,3,18,5,7,1,10,0.1778,0,3,2,2,0.1778,2
2895,2899,5,10,0,0,10,0,0,13,9,0.3444,0,4,2,0,0.3444,2
1516,1581,3,6,1,0,6,0,3,8,1,0.1667,0,0,0,0,0.0667,1
1963,2436,5,33,3,1,15,2,5,7,12,0.0,0,2,2,1,0.0,1
4144,2947,3,7,0,0,8,1,0,6,4,0.6667,0,4,2,0,0.6667,2
2849,2230,3,16,0,0,12,3,2,6,3,0.5,0,1,2,0,0.5,2
2636,3201,1,18,3,0,10,4,0,4,12,0.0,1,0,2,1,0.0,1
1232,810,1,31,1,1,3,0,3,4,7,0.6778,1,4,2,0,0.6778,2
4752,3533,3,12,1,2,12,2,6,3,8,0.5111,1,2,2,2,0.5111,2
1199,1585,3,28,2,0,12,3,3,11,10,0.1778,2,5,3,0,0.2311,2
4534,758,5,11,3,0,16,3,1,6,12,0.0,0,1,2,0,0.0,1
2097,1780,3,28,3,3,9,0,9,8,9,0.3444,0,4,1,0,0.2411,1
4452,1876,4,30,0,3,15,2,9,0,12,0.0,0,2,1,1,0.0,1
716,980,2,18,1,2,10,2,5,5,3,0.5,2,5,3,0,0.65,2
4625,1834,2,18,0,3,15,4,9,11,9,0.3444,2,4,3,0,0.4477,2
4685,2624,2,30,2,0,6,1,2,0,3,0.5,0,2,1,1,0.35,1
4386,3995,1,13,2,3,7,1,7,8,8,0.5111,0,0,0,0,0.2044,1
3755,1565,2,10,2,1,7,1,3,9,12,0.0,0,0,2,1,0.0,1
3655,1666,1,16,1,3,5,0,6,1,2,0.3333,0,1,2,0,0.3333,1
3385,2441,2,20,1,0,6,1,1,5,3,0.5,2,5,3,0,0.65,2
3512,2391,5,16,0,3,15,1,8,6,12,0.0,0,1,2,0,0.0,1
1557,3437,5,24,3,1,13,1,3,1,4,0.6667,0,1,2,0,0.6667,2
3305,1422,4,21,0,0,10,1,1,6,9,0.3444,0,3,2,2,0.3444,2
1185,3660,5,20,2,1,18,5,5,8,1,0.1667,0,0,0,0,0.0667,1
3745,783,5,6,1,1,17,3,3,0,1,0.1667,0,1,1,0,0.1167,2
1615,690,3,10,1,1,15,4,5,10,6,0.8444,0,1,2,0,0.8444,2
2666,1087,1,35,0,1,7,2,3,8,5,0.7556,0,0,0,0,0.3022,1
788,1454,2,22,1,0,10,3,2,6,3,0.5,0,1,2,0,0.5,1
1244,2967,2,31,1,1,15,5,2,7,6,0.8444,0,0,2,0,0.8444,2
661,507,2,10,2,1,13,4,4,13,2,0.3333,0,2,2,1,0.3333,2
2732,629,3,4,3,2,16,4,4,6,4,0.6667,0,2,2,2,0.6667,2
1570,2516,3,10,0,1,13,3,2,7,2,0.3333,0,0,2,0,0.3333,2
1014,3456,2,15,1,2,16,5,6,0,1,0.1667,0,4,2,0,0.1667,1
3966,2661,2,22,1,1,11,3,3,12,9,0.3444,0,4,2,0,0.3444,1
4329,974,3,10,1,0,16,5,1,3,1,0.1667,1,1,2,1,0.1667,2
4661,598,2,5,1,1,13,4,4,6,4,0.6667,0,0,2,1,0.6667,2
3507,2066,2,18,3,0,8,2,2,1,6,0.8444,0,2,2,1,0.8444,2
2371,691,1,16,3,2,6,1,7,2,11,0.0889,1,5,3,0,0.1156,1
819,1575,2,14,3,0,4,0,0,3,7,0.6778,1,3,2,2,0.6778,2
3620,3328,1,14,2,2,12,4,4,6,7,0.6778,0,0,2,1,0.6778,2
3038,784,5,19,0,3,18,3,7,7,7,0.6778,0,2,2,1,0.6778,2
4013,1281,1,26,0,3,13,4,7,6,3,0.5,0,0,2,1,0.5,1
1038,2225,5,19,3,2,12,0,5,7,11,0.0889,0,2,2,1,0.0889,1
2240,2441,4,23,0,3,17,3,6,7,6,0.8444,0,2,2,1,0.8444,2
3096,2000,1,21,2,0,12,5,3,4,9,0.3444,1,1,2,0,0.3444,2
4041,616,3,16,2,0,10,2,0,6,4,0.6667,0,1,2,0,0.6667,2
2386,1169,1,5,0,0,4,1,1,11,11,0.0889,2,5,3,0,0.1156,2
4229,1494,2,23,3,1,15,5,3,4,11,0.0889,1,4,2,0,0.0889,1
4707,687,2,6,1,0,14,5,0,3,3,0.5,1,3,2,2,0.5,2
4574,3928,2,6,1,3,15,4,6,6,12,0.0,0,1,2,0,0.0,1
2593,2096,5,6,3,3,13,0,8,10,11,0.0889,0,0,2,0,0.0889,2
2330,3552,4,25,2,3,13,1,9,1,10,0.1778,0,1,2,0,0.1778,1
3940,1471,2,15,3,0,14,5,3,3,12,0.0,1,3,2,2,0.0,2
2458,2550,5,11,2,3,18,5,8,1,8,0.5111,0,1,2,0,0.5111,2
3817,2457,4,29,3,1,18,5,5,10,9,0.3444,0,4,2,0,0.3444,2
4133,1292,2,10,1,0,8,2,1,11,1,0.1667,2,5,3,0,0.2167,2
879,1069,3,27,3,2,12,2,7,0,7,0.6778,0,1,1,0,0.4745,2
1470,3666,4,6,0,1,17,4,2,10,9,0.3444,0,0,2,0,0.3444,2
3816,566,1,16,2,1,5,1,5,7,1,0.1667,0,0,2,0,0.1667,0
4674,3092,5,18,1,1,11,0,5,6,10,0.1778,0,2,2,2,0.1778,2
3170,1014,1,22,3,0,8,3,2,3,3,0.5,1,3,2,2,0.5,2
3804,408,1,28,2,3,15,5,9,6,4,0.6667,0,0,2,1,0.6667,2
2317,3737,1,20,2,3,9,2,9,7,1,0.1667,0,2,2,1,0.1667,1
1972,805,2,22,1,0,12,4,3,10,6,0.8444,0,0,2,0,0.8444,2
1428,1519,5,18,0,2,12,0,6,7,12,0.0,0,1,2,0,0.0,1
3408,3442,5,14,0,3,18,3,7,10,9,0.3444,0,0,2,0,0.3444,2
4687,2316,4,12,0,2,16,3,4,6,11,0.0889,0,2,2,2,0.0889,2
1529,3238,2,18,1,2,12,3,4,7,9,0.3444,0,0,2,0,0.3444,1
2256,3744,2,21,0,0,14,5,1,12,8,0.5111,0,0,2,0,0.5111,2
3489,3585,4,6,1,1,17,4,2,6,5,0.7556,0,4,2,0,0.7556,2
1462,571,3,8,0,3,13,2,6,7,8,0.5111,0,1,2,0,0.5111,2
2492,2091,2,11,3,2,6,0,6,1,7,0.6778,0,2,2,1,0.6778,2
4097,3153,3,14,2,0,14,4,3,2,1,0.1667,1,1,2,1,0.1667,2
2295,1887,4,19,3,1,17,4,2,0,7,0.6778,0,1,1,0,0.4745,2
1503,3947,2,19,2,2,16,5,7,13,12,0.0,0,2,2,1,0.0,1
1796,692,1,27,1,2,14,5,6,9,12,0.0,0,0,2,1,0.0,1
3804,2484,5,24,0,3,13,0,6,12,4,0.6667,0,2,2,1,0.6667,2
2849,3838,2,18,2,3,11,2,6,7,4,0.6667,0,0,2,0,0.6667,2
828,527,5,31,3,1,18,4,4,7,12,0.0,0,0,2,0,0.0,1
2133,1405,2,24,3,3,7,0,8,6,2,0.3333,0,1,2,0,0.3333,1
4738,788,5,18,3,0,18,5,3,0,7,0.6778,0,4,2,0,0.6778,2
4497,1610,4,11,0,2,14,2,7,9,1,0.1667,0,2,2,1,0.1667,2
2536,3005,2,7,1,0,4,0,2,6,1,0.1667,0,2,2,2,0.1667,1
3875,1193,2,21,3,1,7,1,3,1,11,0.0889,0,2,2,1,0.0889,1
2585,3078,3,14,0,1,11,2,5,1,8,0.5111,0,4,2,0,0.5111,2
610,659,2,17,0,3,9,1,9,12,7,0.6778,0,4,2,0,0.6778,2
3205,3601,2,4,0,0,10,3,3,0,9,0.3444,0,1,1,0,0.2411,2
3908,1727,5,14,0,1,18,5,2,0,9,0.3444,0,0,1,0,0.2411,1
2445,495,4,25,3,2,10,0,7,6,6,0.8444,0,0,2,1,0.8444,2
4477,3062,1,32,3,3,15,5,7,0,4,0.6667,0,4,2,0,0.6667,2
2497,2404,4,16,3,0,10,1,1,1,2,0.3333,0,1,2,0,0.3333,1
4024,1098,3,7,2,1,7,0,4,8,2,0.3333,0,1,1,0,0.2333,1
2694,2777,1,20,2,1,13,5,3,1,2,0.3333,0,1,2,0,0.3333,1
4244,1517,3,32,0,0,10,2,2,11,2,0.3333,2,5,3,0,0.4333,2
3837,3553,1,22,2,1,5,1,4,13,5,0.7556,0,0,2,0,0.7556,2
813,1698,5,15,0,1,15,2,4,0,1,0.1667,0,1,1,0,0.1167,1
3813,1836,2,9,2,0,8,2,3,8,6,0.8444,0,0,0,0,0.3378,2
1377,1132,2,26,3,3,9,1,8,0,1,0.1667,0,4,2,0,0.1667,1
4420,2091,5,10,1,3,13,0,7,10,2,0.3333,0,1,2,0,0.3333,2
3170,2457,1,18,0,3,7,1,6,1,8,0.5111,0,3,2,2,0.5111,2
3885,1372,3,30,0,2,18,5,7,4,10,0.1778,1,0,2,1,0.1778,2
1721,1145,2,28,3,3,7,0,8,6,1,0.1667,0,2,2,2,0.1667,1
2751,3994,5,14,1,0,16,3,0,9,10,0.1778,0,0,2,1,0.1778,2
3612,3907,1,13,1,0,12,5,3,10,8,0.5111,0,0,2,0,0.5111,2
2038,1176,3,8,1,1,11,2,4,0,10,0.1778,0,0,1,0,0.1245,1
4733,636,5,18,0,3,18,5,8,12,12,0.0,0,4,2,0,0.0,1
1411,2548,1,12,0,3,15,5,8,10,7,0.6778,0,2,2,1,0.6778,2
4234,3588,1,20,1,1,9,3,2,9,10,0.1778,0,4,2,0,0.1778,1
4043,1993,5,17,0,3,15,1,8,4,9,0.3444,1,1,2,0,0.3444,2
1788,1850,1,7,0,3,11,3,8,0,4,0.6667,0,4,2,0,0.6667,2
4789,1416,4,29,2,3,18,4,8,12,9,0.3444,0,0,2,0,0.3444,2
3581,3976,4,36,1,2,12,1,6,7,1,0.1667,0,1,2,0,0.1667,1
1159,1630,3,14,0,1,7,0,2,5,12,0.0,2,4,3,0,0.0,2
4589,723,5,15,3,3,17,2,6,13,12,0.0,0,2,2,1,0.0,1
835,655,1,21,0,0,4,1,0,7,10,0.1778,0,0,2,0,0.1778,0
3683,3053,1,10,1,3,7,1,8,5,3,0.5,2,4,3,0,0.65,2
3818,3431,5,19,3,0,18,5,2,7,9,0.3444,0,4,3,0,0.4477,2
3499,3023,2,10,2,2,10,2,5,8,3,0.5,0,1,1,0,0.35,2
3091,2027,5,14,3,0,16,3,2,9,11,0.0889,0,4,2,0,0.0889,1
3399,2151,4,22,2,1,17,4,3,7,9,0.3444,0,1,2,0,0.3444,2
1099,3379,1,22,3,2,4,0,5,7,3,0.5,0,4,3,0,0.65,2
4349,1802,3,15,2,0,12,3,2,6,2,0.3333,0,2,2,2,0.3333,2
2741,3276,2,11,3,3,7,0,9,11,3,0.5,2,4,3,0,0.65,2
4939,2235,1,25,3,3,7,1,6,3,8,0.5111,1,3,2,2,0.5111,2
2955,2152,2,21,3,1,7,1,5,0,10,0.1778,0,4,2,0,0.1778,1
1988,3025,3,25,3,1,17,5,3,6,4,0.6667,0,4,2,0,0.6667,2
2050,769,2,18,3,3,11,2,9,1,12,0.0,0,3,2,2,0.0,1
1395,2010,1,27,3,1,3,0,2,0,11,0.0889,0,2,1,1,0.0622,0
3339,3006,2,29,2,2,12,3,5,6,5,0.7556,0,2,2,2,0.7556,2
1946,1532,3,23,0,2,12,2,6,4,1,0.1667,1,1,2,0,0.1667,1
4530,2200,5,20,3,3,18,5,9,4,2,0.3333,1,1,2,0,0.3333,2
1412,683,5,12,2,1,18,5,3,7,9,0.3444,0,0,2,0,0.3444,2
4673,1254,5,12,3,1,18,4,4,10,4,0.6667,0,2,2,1,0.6667,2
1670,1915,1,22,2,1,7,2,2,7,2,0.3333,0,2,2,1,0.3333,1
3364,2886,4,27,2,1,17,4,4,7,3,0.5,0,1,2,0,0.5,2
1351,669,2,16,2,2,16,5,6,6,3,0.5,0,1,2,0,0.5,1
4812,3464,3,16,3,0,10,2,1,2,2,0.3333,1,4,2,0,0.3333,2
2962,3166,5,15,2,0,18,5,3,2,2,0.3333,1,1,2,1,0.3333,2
4933,1474,3,32,0,3,9,0,7,9,12,0.0,0,1,2,0,0.0,1
4760,1056,5,28,3,1,17,3,4,10,2,0.3333,0,4,2,0,0.3333,2
3567,2284,1,29,3,1,3,0,4,0,7,0.6778,0,0,1,0,0.4745,1
1896,3129,2,25,0,2,6,0,5,8,2,0.3333,0,0,0,0,0.1333,1
3400,564,4,24,0,3,18,5,9,12,10,0.1778,0,2,2,1,0.1778,1
4281,2394,2,29,3,3,15,4,9,6,3,0.5,0,0,2,1,0.5,2
3669,1943,3,10,0,2,14,3,7,4,7,0.6778,1,4,2,0,0.6778,2
2835,3544,1,6,1,3,5,0,9,7,2,0.3333,0,1,2,0,0.3333,2
3395,576,3,27,2,1,15,4,5,7,4,0.6667,0,4,3,0,0.8667,2
1874,2689,3,18,0,2,16,4,7,12,5,0.7556,0,0,2,0,0.7556,2
2576,1178,3,13,1,1,13,3,2,12,11,0.0889,0,1,2,0,0.0889,1
3940,1729,1,14,1,1,3,0,4,12,5,0.7556,0,4,2,0,0.7556,2
1188,1462,1,33,0,0,6,2,0,4,2,0.3333,1,1,2,0,0.3333,1
4057,764,2,15,3,2,12,3,6,12,10,0.1778,0,1,2,0,0.1778,1
1278,2918,3,13,3,2,18,5,5,8,5,0.7556,0,4,1,0,0.5289,2
2877,3173,2,12,3,3,17,5,8,7,4,0.6667,0,2,2,1,0.6667,2
4848,3988,3,22,3,3,11,1,7,4,12,0.0,1,4,2,0,0.0,2
1107,1576,4,32,3,1,13,2,5,4,8,0.5111,1,1,2,0,0.5111,2
1158,3924,2,27,3,1,7,1,4,0,4,0.6667,0,0,1,0,0.4667,1
2010,1342,1,15,2,2,12,4,6,11,1,0.1667,2,5,3,0,0.2167,2
968,3539,1,13,1,2,12,4,4,1,12,0.0,0,2,2,1,0.0,1
614,3665,5,35,1,3,17,2,7,0,3,0.5,0,2,1,1,0.35,2
3491,2709,2,26,1,3,15,4,9,1,4,0.6667,0,2,2,1,0.6667,2
3270,2049,3,20,2,3,15,3,9,1,3,0.5,0,1,2,0,0.5,2
3634,3428,5,32,2,2,18,3,6,7,4,0.6667,0,0,2,0,0.6667,2
1922,3704,3,36,3,2,8,0,5,8,6,0.8444,0,0,0,0,0.3378,1
3715,2621,5,17,3,2,12,0,7,7,9,0.3444,0,4,3,0,0.4477,2
2063,583,5,13,1,3,18,5,6,0,3,0.5,0,1,1,0,0.35,2
4332,1329,1,17,0,0,10,4,3,3,8,0.5111,1,3,2,2,0.5111,2
4972,3121,3,18,1,3,17,4,7,6,2,0.3333,0,0,2,1,0.3333,1
3526,3032,2,28,1,3,17,5,7,11,2,0.3333,2,5,3,0,0.4333,2
3399,3537,1,18,2,0,10,4,1,0,12,0.0,0,1,1,0,0.0,0
3185,2680,2,17,2,1,7,1,3,2,6,0.8444,1,0,2,1,0.8444,2
1392,706,1,11,1,1,7,2,4,12,5,0.7556,0,1,2,0,0.7556,2
4377,1756,4,26,2,0,12,2,1,12,9,0.3444,0,1,2,0,0.3444,2
4424,1644,4,11,0,3,15,2,9,6,6,0.8444,0,1,2,0,0.8444,2
1942,2346,1,8,1,2,12,4,5,10,5,0.7556,0,1,2,0,0.7556,2
4154,3862,3,10,1,0,12,3,1,0,7,0.6778,0,2,1,1,0.4745,2
1027,743,5,28,3,2,18,3,7,4,7,0.6778,1,5,3,0,0.8811,2
3246,3340,5,18,3,3,18,4,9,7,11,0.0889,0,1,2,0,0.0889,2
1833,2524,1,23,0,2,4,0,4,6,11,0.0889,0,1,2,0,0.0889,0
4975,1655,3,32,3,3,15,3,8,2,9,0.3444,1,0,2,1,0.3444,2
2514,2223,1,20,3,2,8,2,7,1,5,0.7556,0,2,2,1,0.7556,2
2971,1021,2,18,3,0,14,5,2,0,1,0.1667,0,2,1,1,0.1167,1
3019,3846,3,23,1,1,11,2,2,6,1,0.1667,0,0,2,1,0.1667,1
1247,1682,1,30,3,2,8,2,4,3,3,0.5,1,2,2,2,0.5,2
3447,3353,5,30,2,2,14,1,6,9,5,0.7556,0,1,2,0,0.7556,2
835,3947,2,25,1,0,4,0,1,12,10,0.1778,0,2,2,1,0.1778,1
3413,3273,2,17,3,3,11,2,6,3,2,0.3333,1,3,2,2,0.3333,2
4438,2902,4,18,1,0,18,5,3,6,12,0.0,0,4,2,0,0.0,1
4780,1987,3,36,1,1,7,0,4,9,9,0.3444,0,1,2,0,0.3444,1
1912,1139,2,18,1,0,12,4,3,7,12,0.0,0,0,2,0,0.0,0
3644,2194,2,34,1,3,9,1,6,7,1,0.1667,0,1,2,0,0.1667,1
4424,2364,4,15,2,3,13,1,7,1,4,0.6667,0,3,2,2,0.6667,2
3832,1343,5,10,3,1,11,0,3,6,9,0.3444,0,3,2,2,0.3444,2
2824,3941,1,18,2,0,2,0,0,3,4,0.6667,1,2,2,2,0.6667,2
1176,3214,4,27,2,0,14,3,3,10,9,0.3444,0,1,2,0,0.3444,2
1520,3579,3,19,1,1,7,0,3,1,3,0.5,0,4,2,0,0.5,2
2694,572,1,15,1,3,11,3,9,7,1,0.1667,0,0,2,0,0.1667,1
1094,822,4,25,0,1,9,0,2,9,9,0.3444,0,0,2,1,0.3444,1
1708,1712,1,11,2,2,8,2,7,0,8,0.5111,0,0,1,0,0.3578,1
3775,443,3,10,0,1,13,3,3,9,9,0.3444,0,0,2,1,0.3444,1
2567,1766,4,15,3,2,10,0,6,1,11,0.0889,0,4,2,0,0.0889,1
4681,1395,5,14,1,3,15,1,9,6,6,0.8444,0,3,2,2,0.8444,2
3424,1053,4,19,0,3,18,5,8,6,10,0.1778,0,3,2,2,0.1778,2
4742,1081,2,14,3,0,12,4,1,13,12,0.0,0,2,2,1,0.0,1
2641,1812,4,30,0,2,18,5,6,5,12,0.0,2,5,3,0,0.0,2
2459,3328,1,32,1,2,10,3,4,6,3,0.5,0,3,2,2,0.5,2
3570,480,5,3,0,3,18,5,8,0,5,0.7556,0,1,1,0,0.5289,2
3023,2568,3,24,0,1,9,1,4,6,2,0.3333,0,2,2,2,0.3333,1
3027,3277,5,20,0,2,18,3,6,0,5,0.7556,0,0,1,0,0.5289,2
1116,3791,1,15,3,0,2,0,3,2,5,0.7556,1,4,2,0,0.7556,2
4327,1508,4,20,0,3,11,0,8,11,4,0.6667,2,5,3,0,0.8667,2
3762,3724,2,18,3,2,6,0,4,8,2,0.3333,0,0,0,0,0.1333,1
4842,1078,4,18,2,0,12,2,3,0,8,0.5111,0,0,1,0,0.3578,2
1839,2963,2,20,0,2,6,0,6,3,8,0.5111,1,3,2,2,0.5111,2
3998,3494,2,3,1,0,4,0,0,0,9,0.3444,0,2,1,1,0.2411,2
4704,2446,5,29,0,0,10,0,3,0,1,0.1667,0,4,2,0,0.1667,1
2109,3206,2,15,1,1,9,2,3,6,1,0.1667,0,4,2,0,0.1667,1
2638,430,3,12,3,2,18,5,7,6,6,0.8444,0,0,2,1,0.8444,2
4122,2051,2,21,1,2,12,3,5,6,6,0.8444,0,4,2,0,0.8444,2
1809,981,5,17,2,1,17,3,5,6,12,0.0,0,0,2,1,0.0,1
1152,2308,3,18,2,0,12,3,3,7,9,0.3444,0,2,2,1,0.3444,2
3741,1559,4,15,1,3,17,3,7,6,8,0.5111,0,2,2,2,0.5111,2
2158,1004,1,15,0,3,5,0,7,10,4,0.6667,0,0,2,0,0.6667,2
2669,1080,2,31,0,1,9,2,5,9,1,0.1667,0,1,2,0,0.1667,1
787,3238,1,29,1,3,13,4,8,1,11,0.0889,0,2,2,1,0.0889,1
1123,490,3,13,1,2,16,4,7,6,9,0.3444,0,1,2,0,0.3444,1
2690,981,5,35,2,1,18,5,4,6,11,0.0889,0,1,2,0,0.0889,1
2479,568,5,13,0,3,17,2,7,10,11,0.0889,0,4,2,0,0.0889,1
4024,3579,1,10,2,0,6,2,0,7,9,0.3444,0,4,3,0,0.4477,2
3637,3858,3,15,0,0,6,0,1,7,9,0.3444,0,1,2,0,0.3444,2
4450,2266,3,35,3,1,13,3,5,6,3,0.5,0,4,2,0,0.5,2
1136,409,5,12,0,2,16,2,7,9,12,0.0,0,0,2,1,0.0,1
2115,693,4,32,1,0,12,2,3,12,4,0.6667,0,0,2,0,0.6667,2
3542,2563,4,21,0,1,13,2,2,12,1,0.1667,0,0,2,0,0.1667,1
1854,1786,1,16,2,3,11,3,7,5,5,0.7556,2,5,3,0,0.9823,2
637,2616,3,12,2,3,11,1,8,6,4,0.6667,0,0,2,1,0.6667,2
1194,1741,3,25,3,1,11,2,4,4,5,0.7556,1,0,2,1,0.7556,2
1007,2361,1,28,3,3,5,0,9,0,3,0.5,0,1,1,0,0.35,1
3681,981,4,18,0,3,18,4,9,0,9,0.3444,0,4,2,0,0.3444,2
4313,774,4,24,2,3,13,1,7,3,11,0.0889,1,3,2,2,0.0889,2
2090,1875,2,25,3,0,8,2,3,12,8,0.5111,0,2,2,1,0.5111,2
2970,2704,1,33,3,1,5,1,4,4,1,0.1667,1,0,2,1,0.1667,1
2283,2799,3,27,0,2,8,0,5,6,10,0.1778,0,1,2,0,0.1778,1
2926,743,4,28,2,2,10,0,7,0,6,0.8444,0,1,1,0,0.5911,2
1156,457,3,7,0,1,7,0,5,7,12,0.0,0,4,3,0,0.0,1
3454,2000,1,7,1,3,13,4,9,4,8,0.5111,1,3,2,2,0.5111,2
628,2113,1,13,3,0,12,5,3,3,11,0.0889,1,3,2,2,0.0889,2
4153,2439,3,33,0,1,17,5,2,6,9,0.3444,0,0,2,1,0.3444,1
3552,535,5,28,2,2,18,3,6,3,9,0.3444,1,3,2,2,0.3444,2
2622,2255,3,24,0,1,11,2,4,13,11,0.0889,0,2,2,1,0.0889,1
2273,2279,4,9,2,1,17,4,4,8,10,0.1778,0,0,0,0,0.0711,1
4122,2132,1,24,0,3,7,1,9,11,2,0.3333,2,5,3,0,0.4333,2
3637,2052,2,5,1,3,9,1,9,2,9,0.3444,1,4,2,0,0.3444,2
1134,2890,3,32,0,2,18,5,6,0,9,0.3444,0,1,1,0,0.2411,1
2249,790,2,11,2,0,14,5,2,0,12,0.0,0,1,1,0,0.0,0
3599,1993,2,11,1,0,14,5,2,2,2,0.3333,1,4,2,0,0.3333,2
3508,3970,1,30,3,1,11,4,4,9,4,0.6667,0,0,2,1,0.6667,2
4068,3390,5,11,0,1,11,0,3,8,3,0.5,0,0,0,0,0.2,2
2036,1464,1,18,1,3,7,1,6,9,12,0.0,0,0,2,1,0.0,0
3099,3614,4,26,2,1,11,1,5,1,7,0.6778,0,2,2,1,0.6778,2
1096,3341,4,34,2,2,16,3,7,0,12,0.0,0,1,1,0,0.0,1
3587,2633,5,28,1,3,18,3,7,12,11,0.0889,0,1,2,0,0.0889,1
946,3206,5,21,1,1,13,1,2,12,5,0.7556,0,0,2,0,0.7556,2
1029,1788,4,22,0,0,18,5,1,5,1,0.1667,2,5,3,0,0.2167,2
2928,2958,1,28,2,2,12,4,7,4,11,0.0889,1,1,2,0,0.0889,1
4163,1311,3,17,0,0,8,1,3,10,1,0.1667,0,4,2,0,0.1667,1
3401,1218,4,17,3,1,17,4,5,7,1,0.1667,0,4,3,0,0.2167,1
1345,1370,1,18,2,2,12,4,6,7,2,0.3333,0,2,2,1,0.3333,1
1324,1872,2,30,2,0,14,5,1,4,10,0.1778,1,3,2,2,0.1778,2
1873,1868,1,11,1,1,11,4,3,0,11,0.0889,0,1,1,0,0.0622,0
1683,3014,3,7,3,1,7,0,4,1,7,0.6778,0,3,2,2,0.6778,2
3791,2820,3,28,3,3,11,1,7,5,9,0.3444,2,5,3,0,0.4477,2
3609,1199,5,7,2,1,17,3,2,6,2,0.3333,0,1,2,0,0.3333,2
4428,578,5,16,2,2,12,0,5,4,12,0.0,1,1,2,0,0.0,1
4138,1969,3,17,2,2,18,5,7,0,1,0.1667,0,0,1,0,0.1167,1
2661,2175,2,12,1,2,10,2,5,3,9,0.3444,1,3,2,2,0.3444,2
4549,2981,5,4,2,0,18,4,3,1,5,0.7556,0,4,2,0,0.7556,2
1727,1585,3,19,1,2,12,2,7,7,2,0.3333,0,1,2,0,0.3333,2
2650,886,1,15,0,1,3,0,5,8,10,0.1778,0,1,1,0,0.1245,0
3300,2011,2,28,1,2,8,1,6,1,5,0.7556,0,3,2,2,0.7556,2
1378,3085,1,14,1,0,4,1,1,9,5,0.7556,0,0,2,1,0.7556,2
4895,1886,4,26,1,3,18,4,8,9,4,0.6667,0,4,2,0,0.6667,2
3189,470,2,20,1,2,10,2,6,7,2,0.3333,0,1,2,0,0.3333,1
4618,3115,5,16,3,2,14,1,6,2,11,0.0889,1,5,3,0,0.1156,2
1169,3045,3,17,3,1,13,3,2,8,1,0.1667,0,0,0,0,0.0667,0
4853,1084,3,4,0,1,7,0,4,3,1,0.1667,1,3,2,2,0.1667,2
621,1616,4,16,0,2,10,0,6,6,12,0.0,0,2,2,2,0.0,1
4099,1112,5,13,0,2,14,1,5,0,7,0.6778,0,4,2,0,0.6778,2
4879,3889,4,18,0,1,15,3,4,13,4,0.6667,0,0,2,0,0.6667,2
3356,2235,5,19,3,1,11,0,5,11,6,0.8444,2,5,3,0,1.0,2
2762,3852,5,7,0,3,13,0,9,3,11,0.0889,1,0,2,1,0.0889,2
1996,2913,1,28,0,1,9,3,3,6,9,0.3444,0,0,2,1,0.3444,1
4345,3009,4,30,1,2,18,4,5,2,11,0.0889,1,1,2,1,0.0889,2
1435,2844,2,12,0,3,11,2,6,1,7,0.6778,0,1,2,0,0.6778,2
2030,2093,5,35,1,2,14,1,7,6,3,0.5,0,2,2,2,0.5,2
3248,1383,1,28,0,0,6,2,2,8,4,0.6667,0,5,1,0,0.4667,1
1311,3058,5,15,2,3,15,1,9,10,6,0.8444,0,0,2,0,0.8444,2
3720,2608,3,24,0,2,18,5,4,9,4,0.6667,0,4,2,0,0.6667,2
4681,3450,2,15,2,3,13,3,7,7,2,0.3333,0,2,2,1,0.3333,2
977,3435,1,18,3,0,10,4,2,5,2,0.3333,2,5,3,0,0.4333,2
2887,1869,4,17,0,0,14,3,0,11,5,0.7556,2,4,3,0,0.9823,2
2933,2652,5,17,2,0,18,4,0,6,10,0.1778,0,0,2,1,0.1778,1
1713,2867,4,18,2,2,10,0,7,1,3,0.5,0,4,2,0,0.5,2
4800,1322,1,16,1,1,7,2,2,7,9,0.3444,0,0,2,0,0.3444,1
2908,1799,5,17,1,2,18,3,5,3,12,0.0,1,2,2,2,0.0,2
4847,2667,5,14,2,3,13,0,8,0,1,0.1667,0,0,1,0,0.1167,1
684,2662,4,28,3,0,12,2,0,6,1,0.1667,0,0,2,1,0.1667,1
4116,2541,3,25,2,2,14,3,5,10,6,0.8444,0,4,2,0,0.8444,2
4817,1297,2,18,1,3,7,0,9,8,10,0.1778,0,4,1,0,0.1245,1
3798,2541,4,6,2,1,11,1,4,5,1,0.1667,2,4,3,0,0.2167,2
4648,1056,2,12,0,1,15,5,2,7,9,0.3444,0,4,3,0,0.4477,2
613,887,2,23,3,1,7,1,4,7,11,0.0889,0,2,2,1,0.0889,1
4799,2953,5,6,1,1,13,1,4,12,9,0.3444,0,0,2,0,0.3444,2
2142,495,3,6,2,2,18,5,7,8,6,0.8444,0,0,0,0,0.3378,2
797,1854,4,18,1,2,14,2,6,8,10,0.1778,0,5,1,0,0.1245,1
1784,1084,3,18,0,2,18,5,4,11,11,0.0889,2,5,3,0,0.1156,2
3834,2169,1,26,2,1,5,1,3,7,12,0.0,0,4,3,0,0.0,1
1973,2420,3,18,2,3,13,2,6,6,5,0.7556,0,4,2,0,0.7556,2
4223,3456,3,9,2,2,18,5,5,6,3,0.5,0,2,2,2,0.5,2
1738,3274,1,34,0,0,12,5,3,10,1,0.1667,0,4,2,0,0.1667,1
2840,3153,5,15,3,0,12,1,1,9,11,0.0889,0,2,2,1,0.0889,1
3099,2391,5,24,0,3,18,3,9,11,6,0.8444,2,5,3,0,1.0,2
1505,1244,1,31,3,0,12,5,1,8,2,0.3333,0,0,0,0,0.1333,0
2979,2679,1,14,0,2,6,1,4,10,2,0.3333,0,2,2,1,0.3333,1
4453,665,4,6,0,1,9,0,2,10,7,0.6778,0,2,2,1,0.6778,2
4881,3150,3,26,2,0,6,0,3,1,11,0.0889,0,1,2,0,0.0889,1
4332,3803,3,16,3,1,15,4,3,4,2,0.3333,1,4,2,0,0.3333,2
1079,1227,5,12,3,0,16,3,0,2,1,0.1667,1,4,2,0,0.1667,2
2938,2638,3,35,0,2,10,1,7,3,3,0.5,1,3,2,2,0.5,2
830,3603,5,16,3,0,14,2,2,7,5,0.7556,0,0,2,0,0.7556,2
661,2878,2,31,3,1,5,0,3,3,1,0.1667,1,1,2,1,0.1667,1
693,591,4,13,2,0,18,5,1,9,5,0.7556,0,0,2,1,0.7556,2
1841,2786,4,28,1,0,10,1,0,6,3,0.5,0,0,2,1,0.5,1
2632,719,5,16,3,0,10,0,1,6,5,0.7556,0,1,2,0,0.7556,2
3790,836,2,12,1,0,4,0,2,13,8,0.5111,0,2,2,1,0.5111,2
2552,968,4,20,2,3,18,5,8,7,11,0.0889,0,2,2,1,0.0889,1
1136,2525,2,13,0,2,8,1,4,4,9,0.3444,1,0,2,1,0.3444,2
1298,3633,5,35,1,0,12,1,2,7,5,0.7556,0,0,2,0,0.7556,2
768,1343,3,15,0,1,7,0,3,9,2,0.3333,0,2,2,1,0.3333,1
3196,636,1,25,2,0,6,2,2,4,1,0.1667,1,1,2,0,0.1667,1
2856,508,4,6,0,2,18,5,5,0,1,0.1667,0,2,1,1,0.1167,2
2842,3166,4,28,2,3,18,5,6,2,1,0.1667,1,1,2,1,0.1667,2
2782,3942,4,20,3,2,12,1,5,1,5,0.7556,0,1,2,0,0.7556,2
4574,1965,4,17,2,3,18,5,7,4,2,0.3333,1,1,2,0,0.3333,2
2710,575,5,28,1,1,15,2,4,5,9,0.3444,2,5,3,0,0.4477,2
4815,1386,1,18,3,3,9,2,7,1,1,0.1667,0,2,2,1,0.1667,1
646,1629,4,20,3,3,18,4,6,0,2,0.3333,0,4,2,0,0.3333,2
2913,3961,5,17,2,2,18,5,5,5,6,0.8444,2,4,3,0,1.0,2
1469,500,1,18,2,1,7,2,3,11,2,0.3333,2,1,2,0,0.3333,2
4174,1356,1,15,2,2,10,3,6,6,5,0.7556,0,1,2,0,0.7556,2
1511,3500,4,11,2,0,8,0,1,9,5,0.7556,0,0,2,1,0.7556,2
3848,3004,3,16,1,3,11,1,6,7,2,0.3333,0,2,2,1,0.3333,2
1560,3346,5,28,3,2,18,4,4,6,2,0.3333,0,2,2,2,0.3333,2
3445,3622,3,18,0,2,10,1,6,0,12,0.0,0,0,1,0,0.0,1
1656,3564,5,18,1,0,16,3,0,12,6,0.8444,0,2,2,1,0.8444,2
2448,2699,1,7,3,0,6,2,0,0,3,0.5,0,2,1,1,0.35,2
2492,709,5,19,3,3,13,0,6,6,5,0.7556,0,0,2,1,0.7556,2
4083,3824,2,7,2,3,17,5,8,0,1,0.1667,0,1,1,0,0.1167,2
3909,597,3,22,2,3,15,3,9,11,8,0.5111,2,5,3,0,0.6644,2
987,876,1,18,2,2,14,5,7,12,1,0.1667,0,4,2,0,0.1667,1
3127,2133,1,3,2,1,13,5,5,6,12,0.0,0,0,2,1,0.0,1
1352,889,2,32,2,0,12,4,1,10,3,0.5,0,1,2,0,0.5,2
2666,2860,3,28,2,3,15,3,8,6,3,0.5,0,4,2,0,0.5,2
1266,3724,5,16,3,2,12,0,5,4,3,0.5,1,4,2,0,0.5,2
3386,1280,5,18,0,3,13,0,8,4,9,0.3444,1,4,2,0,0.3444,2
1954,461,3,14,1,0,6,0,0,0,3,0.5,0,2,1,1,0.35,2
3477,3271,5,10,3,0,12,1,3,0,12,0.0,0,4,2,0,0.0,2
4939,1690,3,19,0,0,6,0,1,8,8,0.5111,0,1,1,0,0.3578,1
2000,3231,3,5,1,1,13,3,5,11,6,0.8444,2,5,3,0,1.0,2
1613,1180,3,36,1,3,18,5,8,8,12,0.0,0,0,0,0,0.0,0
2195,1351,1,13,0,1,7,2,4,10,6,0.8444,0,1,2,0,0.8444,2
3360,1006,1,14,3,2,6,1,5,9,7,0.6778,0,4,2,0,0.6778,2
1139,1565,2,13,0,3,7,0,8,12,10,0.1778,0,4,2,0,0.1778,1
3192,2954,4,30,1,1,17,4,4,6,2,0.3333,0,2,2,2,0.3333,2
4802,3673,1,33,1,1,13,5,3,3,4,0.6667,1,2,2,2,0.6667,2
4042,851,2,26,3,2,14,4,6,8,7,0.6778,0,0,0,0,0.2711,1
1480,3611,1,22,2,3,15,5,7,9,7,0.6778,0,4,2,0,0.6778,2
4585,3036,3,4,2,1,13,3,5,1,1,0.1667,0,3,2,2,0.1667,2
4008,3025,1,23,1,0,8,3,3,13,3,0.5,0,2,2,1,0.5,2
1429,3146,2,7,3,0,12,4,2,7,12,0.0,0,4,3,0,0.0,2
3878,3387,1,9,1,2,8,2,7,10,1,0.1667,0,2,2,1,0.1667,2
1351,3129,2,13,1,3,11,2,7,3,4,0.6667,1,2,2,2,0.6667,2
3796,2065,3,12,2,1,13,3,5,11,5,0.7556,2,5,3,0,0.9823,2
4774,590,2,15,0,0,8,2,3,2,12,0.0,1,4,2,0,0.0,1
1333,1293,4,11,1,3,11,0,7,13,8,0.5111,0,0,2,0,0.5111,2
3111,2885,3,17,0,0,8,1,3,11,4,0.6667,2,1,2,0,0.6667,2
638,3777,3,33,2,3,9,0,6,6,1,0.1667,0,2,2,2,0.1667,1
3159,2570,4,17,3,2,12,1,6,8,12,0.0,0,1,1,0,0.0,1
4694,475,4,13,3,2,18,5,5,8,10,0.1778,0,0,0,0,0.0711,1
4888,3122,5,17,1,2,14,1,6,12,2,0.3333,0,2,2,1,0.3333,2
3024,1515,3,15,3,0,16,5,1,0,9,0.3444,0,4,2,0,0.3444,2
1605,2858,4,11,3,3,17,3,7,8,6,0.8444,0,1,1,0,0.5911,2
4883,2601,1,17,1,2,14,5,7,5,4,0.6667,2,4,3,0,0.8667,2
4612,822,3,30,3,0,14,4,3,1,3,0.5,0,3,2,2,0.5,2
2802,821,4,18,1,2,18,5,7,6,1,0.1667,0,1,2,0,0.1667,1
1809,2785,2,19,1,2,14,4,5,4,8,0.5111,1,4,2,0,0.5111,2
4670,3407,1,36,0,2,6,1,7,5,1,0.1667,2,5,3,0,0.2167,2
1019,485,1,10,0,1,7,2,2,12,2,0.3333,0,2,2,1,0.3333,1
3122,2654,5,18,2,3,18,4,8,7,2,0.3333,0,4,3,0,0.4333,2
2243,3091,2,18,0,0,4,0,3,3,5,0.7556,1,2,2,2,0.7556,2
1899,1039,5,30,2,2,18,3,4,0,4,0.6667,0,1,1,0,0.4667,2
2090,1414,2,5,2,1,5,0,3,6,10,0.1778,0,0,2,1,0.1778,1
1525,2992,2,26,0,0,8,2,1,4,6,0.8444,1,1,2,0,0.8444,2
3313,1408,3,27,0,3,13,2,9,12,2,0.3333,0,2,2,1,0.3333,2
1742,2448,4,15,0,0,10,1,3,10,6,0.8444,0,2,2,1,0.8444,2
3627,520,4,18,2,0,10,1,3,3,9,0.3444,1,2,2,2,0.3444,2
802,3677,4,30,2,2,14,2,7,2,10,0.1778,1,1,2,1,0.1778,2
3741,1095,3,25,3,3,17,4,6,2,6,0.8444,1,5,3,0,1.0,2
3901,3284,4,15,2,1,18,5,2,3,4,0.6667,1,2,2,2,0.6667,2
3267,2127,1,10,3,0,10,4,1,0,6,0.8444,0,2,1,1,0.5911,2
1883,3968,3,33,3,2,10,1,7,0,2,0.3333,0,2,1,1,0.2333,1
2962,3953,4,16,0,0,10,1,1,10,9,0.3444,0,1,2,0,0.3444,2
3571,681,4,23,0,2,12,1,4,8,3,0.5,0,0,0,0,0.2,1
636,473,1,32,2,1,13,5,3,3,12,0.0,1,2,2,2,0.0,1
1384,1213,4,10,2,1,11,1,4,6,12,0.0,0,2,2,2,0.0,1
676,862,2,14,2,0,4,0,0,12,3,0.5,0,0,2,0,0.5,1
2004,3094,1,28,0,3,7,1,9,0,9,0.3444,0,4,2,0,0.3444,1
1493,2639,1,15,1,3,7,1,8,4,10,0.1778,1,4,2,0,0.1778,1
2947,2510,2,3,1,2,14,4,4,7,1,0.1667,0,0,2,0,0.1667,1
2918,2409,3,6,2,2,8,0,4,1,9,0.3444,0,1,2,0,0.3444,2
919,600,3,25,0,0,14,4,0,10,4,0.6667,0,4,2,0,0.6667,2
1647,2128,3,6,1,3,11,1,8,2,1,0.1667,1,1,2,1,0.1667,2
851,3192,4,28,0,1,11,1,4,4,9,0.3444,1,4,2,0,0.3444,2
4056,1877,4,28,3,0,10,1,0,3,12,0.0,1,3,2,2,0.0,2
2820,3807,1,18,1,2,10,3,5,10,1,0.1667,0,1,2,0,0.1667,1
975,1626,2,34,2,2,16,5,4,6,8,0.5111,0,2,2,2,0.5111,2
2047,2000,2,14,2,0,4,0,1,6,11,0.0889,0,0,2,1,0.0889,0
1636,1459,1,14,1,3,7,1,7,0,6,0.8444,0,0,1,0,0.5911,2
2692,2231,1,11,2,3,15,5,7,10,1,0.1667,0,1,2,0,0.1667,1
2794,3591,2,14,3,3,17,5,7,1,5,0.7556,0,2,2,1,0.7556,2
1623,3884,5,22,2,1,18,4,3,11,11,0.0889,2,5,3,0,0.1156,2
2952,3637,5,27,3,0,16,3,0,6,2,0.3333,0,2,2,2,0.3333,2
4009,3934,1,29,3,2,14,5,5,2,3,0.5,1,5,3,0,0.65,2
2760,2334,2,32,2,0,8,2,0,2,8,0.5111,1,0,2,1,0.5111,2
1654,1580,1,24,0,0,2,0,0,3,2,0.3333,1,2,2,2,0.3333,2
3265,744,3,24,2,1,17,5,2,11,4,0.6667,2,4,3,0,0.8667,2
833,3326,5,28,0,0,18,4,1,1,11,0.0889,0,3,2,2,0.0889,1
1254,1795,1,19,2,1,5,1,3,4,8,0.5111,1,1,2,0,0.5111,2
4654,3152,1,13,2,3,5,0,8,0,8,0.5111,0,1,1,0,0.3578,2
2521,774,4,24,0,3,18,5,7,10,10,0.1778,0,1,2,0,0.1778,1
2356,3266,5,17,2,0,18,4,0,0,2,0.3333,0,1,1,0,0.2333,2
4429,2035,3,25,2,3,17,4,7,0,2,0.3333,0,2,1,1,0.2333,2
3103,3926,2,14,1,1,11,3,2,9,11,0.0889,0,4,2,0,0.0889,1
2861,822,4,28,3,2,18,4,6,12,1,0.1667,0,0,2,0,0.1667,1
2727,2735,4,6,1,3,13,1,8,5,7,0.6778,2,5,3,0,0.8811,2
856,2010,4,24,3,3,18,5,7,7,2,0.3333,0,0,2,0,0.3333,2
1546,795,2,30,1,1,11,3,3,1,2,0.3333,0,3,2,2,0.3333,2
1443,2064,1,35,2,3,15,5,9,9,12,0.0,0,4,2,0,0.0,1
1896,2120,1,12,3,3,15,5,9,12,12,0.0,0,0,2,0,0.0,1
4847,2136,3,20,1,3,9,0,8,0,8,0.5111,0,1,1,0,0.3578,2
1131,749,3,4,3,0,14,4,0,5,5,0.7556,2,5,3,0,0.9823,2
688,1926,5,20,1,0,12,1,2,9,9,0.3444,0,0,2,1,0.3444,2
3839,818,2,16,2,1,15,5,4,12,7,0.6778,0,0,2,0,0.6778,2
1279,555,4,28,0,1,17,4,5,8,8,0.5111,0,0,0,0,0.2044,1
4006,3821,4,13,0,0,12,2,0,8,8,0.5111,0,0,0,0,0.2044,2
4711,3171,2,34,3,1,11,3,3,11,11,0.0889,2,5,3,0,0.1156,2
1575,810,4,11,2,3,13,1,7,1,12,0.0,0,1,2,0,0.0,1
792,1302,5,22,2,2,12,0,4,6,2,0.3333,0,1,2,0,0.3333,1
4601,575,3,14,0,0,14,4,3,5,3,0.5,2,5,3,0,0.65,2
4841,3353,4,15,0,0,10,1,3,7,12,0.0,0,0,2,0,0.0,1
4099,2200,4,20,1,1,13,2,3,10,2,0.3333,0,1,2,0,0.3333,1
4797,973,5,7,0,0,12,1,2,6,11,0.0889,0,4,2,0,0.0889,1
3790,3799,4,8,2,1,9,0,2,6,2,0.3333,0,3,2,2,0.3333,2
1408,1990,4,12,3,1,18,5,4,9,8,0.5111,0,4,2,0,0.5111,2
2105,3431,1,29,2,3,11,3,7,7,11,0.0889,0,0,2,0,0.0889,0
2625,2187,3,13,0,1,9,1,5,1,2,0.3333,0,3,2,2,0.3333,2
2039,3942,5,10,2,1,17,3,4,0,9,0.3444,0,1,1,0,0.2411,2
4618,1465,4,12,0,2,18,5,7,0,8,0.5111,0,4,2,0,0.5111,2
1669,1038,5,13,0,3,18,3,7,4,5,0.7556,1,5,3,0,0.9823,2
2515,3519,4,21,3,3,15,2,9,6,2,0.3333,0,0,2,1,0.3333,2
4776,1827,1,12,3,2,8,2,4,7,11,0.0889,0,0,2,0,0.0889,0
3220,2840,2,19,1,0,12,4,2,7,12,0.0,0,0,2,0,0.0,0
3127,1702,4,14,0,2,16,3,5,9,12,0.0,0,0,2,1,0.0,1
1211,1226,5,7,0,3,17,2,9,4,4,0.6667,1,4,2,0,0.6667,2
2186,1511,5,10,2,3,17,2,9,0,4,0.6667,0,4,2,0,0.6667,2
4529,3972,2,22,0,3,15,4,9,4,9,0.3444,1,5,3,0,0.4477,2
4257,1340,4,15,2,1,18,5,2,9,10,0.1778,0,0,2,1,0.1778,1
4243,3285,4,16,2,1,9,0,4,0,1,0.1667,0,1,1,0,0.1167,1
877,2469,1,26,3,2,10,3,6,1,1,0.1667,0,1,2,0,0.1667,1
1641,3715,5,6,3,0,18,5,2,12,8,0.5111,0,2,2,1,0.5111,2
3035,3635,2,30,3,3,17,5,9,9,3,0.5,0,2,2,1,0.5,2
2922,1237,2,18,3,3,13,3,7,12,12,0.0,0,0,2,0,0.0,1
862,755,5,23,3,2,16,2,4,7,4,0.6667,0,4,3,0,0.8667,2
4614,3964,5,3,1,1,13,1,2,8,11,0.0889,0,0,0,0,0.0356,1
1321,3153,5,4,3,0,12,1,1,2,3,0.5,1,1,2,1,0.5,2
1778,3181,2,13,0,2,10,2,5,8,5,0.7556,0,1,1,0,0.5289,2
4320,680,4,36,0,0,10,1,2,7,5,0.7556,0,1,2,0,0.7556,2
910,1006,4,22,0,1,13,2,2,10,9,0.3444,0,4,2,0,0.3444,2
2894,3909,5,16,0,3,15,1,6,2,4,0.6667,1,4,2,0,0.6667,2
3335,2431,4,18,0,0,12,2,3,3,3,0.5,1,0,2,1,0.5,2
983,2545,5,15,3,3,13,0,8,10,8,0.5111,0,1,2,0,0.5111,2
2860,2875,2,17,1,3,13,3,6,8,12,0.0,0,1,1,0,0.0,1
4105,509,5,19,0,0,18,5,2,11,1,0.1667,2,5,3,0,0.2167,2
4225,401,2,34,2,2,16,5,6,10,5,0.7556,0,2,2,1,0.7556,2
970,501,2,32,2,2,14,4,4,9,8,0.5111,0,1,2,0,0.5111,2
753,404,3,10,2,2,14,3,6,0,8,0.5111,0,1,1,0,0.3578,2
1178,502,2,25,1,2,6,0,4,4,6,0.8444,1,1,2,0,0.8444,2
4945,2757,2,16,0,1,7,1,3,2,9,0.3444,1,0,2,1,0.3444,2
4629,3162,5,15,2,2,14,1,6,9,3,0.5,0,2,2,1,0.5,2
3484,2702,1,33,3,3,11,3,6,13,5,0.7556,0,0,2,0,0.7556,2
2805,940,4,17,2,2,16,3,7,9,12,0.0,0,4,2,0,0.0,1
4301,2944,5,17,2,2,12,0,7,8,2,0.3333,0,0,0,0,0.1333,2
2394,2366,5,15,1,0,16,3,0,11,5,0.7556,2,5,3,0,0.9823,2
4213,1145,4,13,0,3,18,5,9,3,10,0.1778,1,0,2,1,0.1778,2
1213,3299,2,4,2,1,13,4,4,7,9,0.3444,0,1,2,0,0.3444,2
4701,3197,4,18,3,1,13,2,4,7,10,0.1778,0,2,2,1,0.1778,1
3650,3243,1,28,0,0,2,0,2,1,5,0.7556,0,3,2,2,0.7556,2
2223,1152,1,36,1,1,3,0,2,5,3,0.5,2,5,3,0,0.65,2
4911,1499,5,11,0,1,17,3,3,9,10,0.1778,0,2,2,1,0.1778,2
1760,3305,2,26,3,2,6,0,4,0,12,0.0,0,1,1,0,0.0,0
2635,2461,5,13,1,3,18,4,9,10,6,0.8444,0,4,2,0,0.8444,2
864,3374,5,32,2,0,12,1,3,6,5,0.7556,0,2,2,2,0.7556,2
1188,3826,1,34,3,0,6,2,3,0,3,0.5,0,1,1,0,0.35,1
3358,484,5,36,0,2,18,3,4,6,9,0.3444,0,1,2,0,0.3444,1
3752,3278,5,17,0,0,12,1,1,0,3,0.5,0,4,2,0,0.5,2
3796,657,5,8,2,2,18,3,5,10,5,0.7556,0,0,2,0,0.7556,2
2274,3070,1,16,1,0,10,4,2,7,10,0.1778,0,2,2,1,0.1778,1
2813,403,4,16,1,1,15,3,5,3,2,0.3333,1,2,2,2,0.3333,2
1807,3952,4,27,1,1,18,5,5,3,10,0.1778,1,3,2,2,0.1778,2
2303,3044,1,31,2,0,6,2,1,2,5,0.7556,1,0,2,1,0.7556,2
4920,3748,5,32,1,1,13,1,2,10,4,0.6667,0,1,2,0,0.6667,2
2919,1075,3,21,3,1,9,1,5,1,12,0.0,0,3,2,2,0.0,1
1671,3073,3,25,2,0,16,5,2,8,6,0.8444,0,1,1,0,0.5911,2
1634,2804,5,34,0,2,12,0,7,12,8,0.5111,0,4,2,0,0.5111,2
3577,3089,4,17,1,1,11,1,5,2,12,0.0,1,0,2,1,0.0,2
2216,2524,1,4,1,2,8,2,7,7,1,0.1667,0,2,2,1,0.1667,2
